"name","player","pos","team","overallRank","projections","projectedPts_cbs1","projectedPts_cbs2","projectedPts_espn","projectedPts_fp","projectedPts_fs","projectedPts_fftoday","projectedPts_nfl","projectedPts_yahoo","projectedPtsMean","projectedPtsMedian","projectedPtsLatent"
"PEYTONMANNING","Peyton Manning","QB","DEN",1,340.453776886369,346.76,348.48,363,342.714,330.92,356.98,335.98,343.38,345.16425,340.453776886369,340.453776886369
"AARONRODGERS","Aaron Rodgers","QB","GB",2,322.569554894051,337.46,338.26,344.62,333.422,282.02,328.2,330.08,297.38,322.59275,322.569554894051,303.342379228028
"DREWBREES","Drew Brees","QB","NO",3,321.479986997401,323.6,326.02,318.6,322.412,312.92,324.42,328.22,310.44,320.7665,321.479986997401,292.884979398984
"COLINKAEPERNICK","Colin Kaepernick","QB","SF",4,286.977629766483,314.14,322.34,261.52,303.91,304.38,274.22,295.84,246.28,289.79125,286.977629766483,244.159486588707
"ANDREWLUCK","Andrew Luck","QB","IND",5,283.669953034531,302.58,279.16,279.34,283.8,288,282.1,306,259.94,284.29,283.669953034531,227.916901422083
"NICKFOLES","Nick Foles","QB","PHI",6,283.332219118856,280.54,295.7,275.06,284.7,288.3,291.3,286.94,290.26,286.5875,283.332219118856,232.174546764706
"MATTHEWSTAFFORD","Matthew Stafford","QB","DET",7,278.98585555063,307.82,298.88,273.24,286.032,274.96,253.06,281.62,261.82,278.729,278.98585555063,224.472169945599
"JAMAALCHARLES","Jamaal Charles","RB","KC",8,278.440549932751,307.4,268.025,265.375,285.3425,279.5,283.025,257.35,274.65,276.2334375,278.440549932751,219.644398239458
"CAMNEWTON","Cam Newton","QB","CAR",9,277.854802066952,285.54,264,281.3,277.476,283.36,292.2,300.66,241.16,277.787,277.854802066952,216.198443571857
"ROBERTGRIFFIN","Robert Griffin III","QB","WAS",10,276.937060575905,300.32,275.48,280.86,282.07,257.96,278.88,295.88,261.56,278.91375,276.937060575905,220.662598725167
"TOMBRADY","Tom Brady","QB","NE",11,272.054916291053,279.42,287.52,256.58,271.266,275.5,249.36,280.68,276.11,270.617,272.054916291053,209.913508442259
"CALVINJOHNSON","Calvin Johnson","WR","DET",12,264.903605086383,271.25,268.75,280,264.2625,244.625,250.625,277.875,258.8,264.6484375,264.903605086383,198.296054580364
"MATTRYAN","Matt Ryan","QB","ATL",13,264.877528274357,288.98,275.04,253.68,274.104,244.2,262.4,269.04,262.4,264.968,264.877528274357,203.523695540775
"LESEANMCCOY","LeSean McCoy","RB","PHI",14,262.737607317147,289.725,244.25,254.95,266.56,281.175,270.1,264.45,225.575,262.423125,262.737607317147,193.045623340383
"RUSSELLWILSON","Russell Wilson","QB","SEA",15,259.61777627675,276.74,247,268.26,262.062,275.88,266.14,279.58,225.4,260.59525,259.61777627675,192.513219965432
"TONYROMO","Tony Romo","QB","DAL",16,257.546250780391,277.94,254.08,256.06,255.794,240.58,234.16,278.44,263.91,256.633,257.546250780391,187.002204369925
"MATTFORTE","Matt Forte","RB","CHI",17,254.379719692238,276.7,249.1,254.7,256.4125,243.525,244.125,250.75,246.825,253.0046875,254.379719692238,181.58816236965
"DEMARYIUSTHOMAS","Demaryius Thomas","WR","DEN",18,253.491071428571,249,261.25,253,255.6,286.25,259.125,252.175,238.125,257.261458333333,253.491071428571,185.585506024942
"JAYCUTLER","Jay Cutler","QB","CHI",19,252.623119415352,276.98,252.88,235.72,257.242,252.84,243.66,260.54,232.22,251.34775,252.623119415352,179.977746377597
"PHILIPRIVERS","Philip Rivers","QB","SD",20,244.672674813939,250.18,252.24,256.18,248.796,230.6,249.26,260.02,234.25,245.97825,244.672674813939,174.064361933432
"BENROETHLISBERGER","Ben Roethlisberger","QB","PIT",21,244.0999620365,268.84,251.34,230.76,252.41,245.84,246.68,252.06,219.38,244.66375,244.0999620365,172.497722859472
"ADRIANPETERSON","Adrian Peterson","RB","MIN",22,242.17285125929,250.8,223.825,262.625,235.5725,244.5,241.6,253.125,262.225,245.5215625,242.17285125929,167.929768539835
"ALEXSMITH","Alex Smith","QB","KC",23,241.172842790431,243.96,229.46,211.58,239.772,247.04,258.06,260.62,245.24,240.954,241.172842790431,163.506796864747
"JULIOJONES","Julio Jones","WR","ATL",24,235.10155316543,224.25,244.375,229.275,240.3625,238.975,243.825,237.725,229.115,236.2603125,235.10155316543,159.216191740647
"ANDYDALTON","Andy Dalton","QB","CIN",25,232.242317190467,245.26,231.58,231.18,235.646,227.16,230.6,252.02,224.86,233.15075,232.242317190467,155.8711263117
"DEZBRYANT","Dez Bryant","WR","DAL",26,231.363006661749,232.375,228.375,238.675,220.2,252.625,214.625,248.075,244,234.239583333333,231.363006661749,151.698361306293
"AJGREEN","A.J. Green","WR","CIN",27,230.460264226176,226.75,227,233,227.0875,237.075,223.375,252.375,221.8,231.0578125,230.460264226176,149.587128942281
"BRANDONMARSHALL","Brandon Marshall","WR","CHI",28,229.053284525157,220.375,232,225.75,228.5625,258.75,206.75,233.875,224.5,229.6328125,229.053284525157,148.250697040351
"JIMMYGRAHAM","Jimmy Graham","TE","NO",29,225.287179121128,232.625,232.75,217.375,226.975,252.5,209.25,221.125,210.55,225.58125,225.287179121128,144.470175469102
"EDDIELACY","Eddie Lacy","RB","GB",30,223.72146276048,250.825,209.675,225.625,221.8425,249.6,208,225.4,223.65,226.1271875,223.72146276048,143.313690625139
"DEMARCOMURRAY","DeMarco Murray","RB","DAL",31,223.071165681644,246.775,194.825,206.025,225.875,219.45,247.075,213.925,228.175,221.378125,223.071165681644,139.911541428652
"ARIANFOSTER","Arian Foster","RB","HOU",32,219.617271249621,237.6,206.325,195.775,220.615,240.75,223.15,217.925,220.825,219.845625,219.617271249621,136.664432675232
"RYANTANNEHILL","Ryan Tannehill","QB","MIA",33,219.151092324479,235.98,237.68,214.78,232.004,204.64,218.9,252.42,206.28,223.298,219.151092324479,146.132149968162
"JORDYNELSON","Jordy Nelson","WR","GB",34,217.685593815662,219,223,220.75,214.95,217.575,198.875,222.375,218.125,216.772916666667,217.685593815662,133.661297810866
"ANTONIOBROWN","Antonio Brown","WR","PIT",35,214.48716176229,218.25,202.375,226.075,214.95,213.55,211.4,221.275,214.7,215.828125,214.48716176229,131.180656550281
"MARSHAWNLYNCH","Marshawn Lynch","RB","SEA",36,213.744078890089,210.825,194,241.375,203.2,228.5,212.15,247.85,206.275,216.646875,213.744078890089,129.630006904489
"SAMBRADFORD","Sam Bradford","QB","STL",37,213.379125051119,231.54,230.46,169.94,215.494,228.2,191.5,226.18,193.64,210.24425,213.379125051119,127.876283941916
"MONTEEBALL","Montee Ball","RB","DEN",38,212.475279078219,241.1,199.75,195.925,218.5775,231.375,221.1,206.8,204.05,213.3221875,212.475279078219,130.827544705672
"LEVEONBELL","Le'Veon Bell","RB","PIT",39,210.787697693552,241.075,193.475,206.05,217.24,193.425,216.5,214.75,190.95,208.395625,210.787697693552,125.559316006435
"CARSONPALMER","Carson Palmer","QB","ARI",40,210.7058720638,234.84,236.48,210.94,218.374,201.62,208.7,219.7,181.04,212.29925,210.7058720638,132.11842692751
"JOEFLACCO","Joe Flacco","QB","BAL",41,209.962743772221,226.22,207.76,202.3,214.18,200.1,214.96,222.78,209.36,211.3075,209.962743772221,128.296454026426
"ALSHONJEFFERY","Alshon Jeffery","WR","CHI",42,209.161404120456,214.875,200,223,212.2125,212.775,205.325,217.75,202.96,213.723020833333,209.161404120456,126.582699950559
"DOUGMARTIN","Doug Martin","RB","TB",43,207.31851871827,219.975,181.7,212.7,207.5875,208.125,222.875,210.15,182.65,204.3828125,207.31851871827,119.469907941832
"GIOVANIBERNARD","Giovani Bernard","RB","CIN",44,203.695509896247,243.4,196.75,194.45,212.885,173.975,198.825,213.55,207.375,203.72625,203.695509896247,121.717451511532
"ELIMANNING","Eli Manning","QB","NYG",45,203.003040082115,213.34,209.78,211.18,207.354,174.3,201.74,219.02,190.46,202.04675,203.003040082115,119.496918172705
"JOHNNYMANZIEL","Johnny Manziel","QB","CLE",46,200.482691046283,205.1,214.82,178.54,185.666,189.5,114.06,263.62,210.96,194.83325,200.482691046283,108.02997053034
"ANDREJOHNSON","Andre Johnson","WR","HOU",47,200.34364204696,198,194.625,212.875,191.05,219.875,172.125,210.125,184.825,198.675,200.34364204696,110.169049601378
"ZACSTACY","Zac Stacy","RB","STL",48,196.914573453435,208.1,189.525,188.575,202.0725,187.125,208.65,203.15,199.7,197.3746875,196.914573453435,112.976893233114
"VINCENTJACKSON","Vincent Jackson","WR","TB",49,196.78664936428,201.375,188.75,203.575,194.25,210.375,190.625,201.075,170.475,195.9875,196.78664936428,108.111060443085
"ANDREELLINGTON","Andre Ellington","RB","ARI",50,195.426536639356,209.2,178.05,179.825,192.505,220.75,194.975,198.175,198.675,195.644375,195.426536639356,108.368165130372
"LARRYFITZGERALD","Larry Fitzgerald","WR","ARI",51,193.063236327088,203.875,190.125,181.225,192.0375,182.75,172.5,218.15,191.015,192.2759375,193.063236327088,105.187852177605
"RANDALLCOBB","Randall Cobb","WR","GB",52,191.836346022794,199,182.875,214.425,191.1,192.025,179.225,202.175,179.145,194.378333333333,191.836346022794,105.604432494977
"EJMANUEL","E.J. Manuel","QB","BUF",53,190.986612164948,192.32,177.5,173.72,189.434,187.52,204.62,225.12,211.32,193.63175,190.986612164948,106.803609382607
"PIERREGARCON","Pierre Garcon","WR","WAS",54,186.966288820239,201.625,183.375,179.025,186.35,187.825,170,201.675,181.45,186.305208333333,186.966288820239,99.7222650601233
"ALFREDMORRIS","Alfred Morris","RB","WAS",55,186.75139228589,213.65,186.35,190.45,194.79,170.75,185.45,175.9,178.95,185.02375,186.75139228589,102.562910901417
"MICHAELCRABTREE","Michael Crabtree","WR","SF",56,185.09028613316,195.75,196.625,167.575,188.025,189.45,179,205,150.6,183.669791666667,185.09028613316,98.28071057009
"TOBYGERHART","Toby Gerhart","RB","JAC",57,184.715265442755,190.075,163.375,145.6,188.4225,205.625,228.025,161.5,170.95,180.4215625,184.715265442755,95.1713908907628
"KEENANALLEN","Keenan Allen","WR","SD",58,183.815631084149,186.625,177.125,178.625,181.6875,187.225,189.125,191.75,183.425,183.777604166667,183.815631084149,96.9914781387944
"BISHOPSANKEY","Bishop Sankey","RB","TEN",59,182.318408647601,200.45,178.2,155.2,195.3975,195.25,219,173.25,174.875,185.2153125,182.318408647601,101.077807232207
"WESWELKER","Wes Welker","WR","DEN",60,180.840141531885,180.125,175.5,150.875,177.7625,185.5,193.375,198.375,181.075,179.8109375,180.840141531885,92.7368395105876
"VICTORCRUZ","Victor Cruz","WR","NYG",61,179.36890580478,179.375,172.875,172.25,177.5,208.525,182.75,201.75,171.975,183.370833333333,179.36890580478,94.6539917855997
"JOSHMCCOWN","Josh McCown","QB","TB",62,178.862369219685,220.4,215.94,207.3,201.68,161.32,151.26,165.34,133.75,180.62375,178.862369219685,101.695961524516
"CORDARRELLEPATTERSON","Cordarrelle Patterson","WR","MIN",63,178.724701321171,155.375,159.375,160.15,175.175,205.725,184.325,188.425,168.775,179.598958333333,178.724701321171,87.4484062768139
"REGGIEBUSH","Reggie Bush","RB","DET",64,178.516703135523,190.05,170.3,195.4,172.1775,193.125,155.075,200.95,145.65,175.9409375,178.516703135523,89.6042796288011
"JULIUSTHOMAS","Julius Thomas","TE","DEN",65,176.970390812413,185.875,182.375,187.375,182.1875,190.375,177.875,168.5,156.9,178.6953125,176.970390812413,93.2889933915653
"JAKELOCKER","Jake Locker","QB","TEN",66,176.508515762305,223.92,175.66,157.72,174.91,136.32,127.16,229.26,209.82,177.64625,176.508515762305,92.3649388945213
"RODDYWHITE","Roddy White","WR","ATL",67,174.993709143597,175.625,172.75,167.5,175.6625,187.5,189.375,176.875,172.15,176.6171875,174.993709143597,90.1715015699971
"RAYRICE","Ray Rice","RB","BAL",68,173.735668996772,178.875,161.375,165.35,173.935,167.175,191.975,184.8,137.05,169.479375,173.735668996772,84.0290760879225
"CJSPILLER","C.J. Spiller","RB","BUF",69,173.224922578275,193.7,158.925,175.6,169.6475,190.45,158.35,175.425,162.65,171.5309375,173.224922578275,85.5559464179911
"MICHAELFLOYD","Michael Floyd","WR","ARI",70,170.770525640969,184.25,176.75,164.5,171.175,158.925,183.125,164.875,164.2,170.85,170.770525640969,85.3527981892604
"ROBGRONKOWSKI","Rob Gronkowski","TE","NE",71,170.076543156955,185.25,181.875,157.5,158.575,191.6,83.625,169.125,176.425,163.096875,170.076543156955,78.0900514237399
"RYANMATHEWS","Ryan Mathews","RB","SD",72,169.553288044903,182.575,177.125,170.5,173.2925,165.5,158.375,181.475,159.725,169.7709375,169.553288044903,85.8160238588106
"RASHADJENNINGS","Rashad Jennings","RB","NYG",73,169.477643080578,167.5,137.7,165.25,162.135,191.375,196.15,179.25,172.8,170.545,169.477643080578,81.9465868542585
"TORREYSMITH","Torrey Smith","WR","BAL",74,169.132445767887,156.125,169.125,169.2,165.8875,198,171.475,180.5,170.75,172.7453125,169.132445767887,84.8812317135829
"FRANKGORE","Frank Gore","RB","SF",75,167.992287038165,171.725,149.15,176.55,163.88,199.425,179.275,160.825,166.525,169.794375,167.992287038165,82.547531855028
"SHANEVEREEN","Shane Vereen","RB","NE",76,166.438363370756,195.15,162.25,165.475,172.86,121.375,159.525,192.9,174.875,167.42625,166.438363370756,83.4614792847483
"PERCYHARVIN","Percy Harvin","WR","SEA",77,165.739191381779,144.5,135.5,152.6,168.825,180.125,195.875,172.7,154.8,167.228125,165.739191381779,77.5334337748125
"BENTATE","Ben Tate","RB","CLE",78,165.377618294516,167.025,142.55,188.1,158.435,179.875,147.625,177.725,149.2,162.054375,165.377618294516,76.6645295455258
"DESEANJACKSON","DeSean Jackson","WR","WAS",79,165.079236189515,162.75,162.125,173.475,164.1875,177.475,155.7,175.325,157.975,166.3890625,165.079236189515,80.0647657854194
"TRENTRICHARDSON","Trent Richardson","RB","IND",80,164.852993446342,174.925,142.725,181.45,162.4475,177.625,186.825,156.2,141.975,164.2590625,164.852993446342,78.3480099053739
"CHRISJOHNSON","Chris Johnson","RB","NYJ",81,164.38688484186,168.775,150.875,169.45,165.585,183.9,189.75,168.15,150.025,166.93875,164.38688484186,80.9784394463189
"JULIANEDELMAN","Julian Edelman","WR","NE",82,163.260718232477,183.75,152.375,162.275,164.2375,146.225,154.25,180.45,170.575,165.075520833333,163.260718232477,78.7024497504513
"JOIQUEBELL","Joique Bell","RB","DET",83,162.068239775262,178.7,160.075,175.325,170.265,142.725,178.575,159.075,155.675,163.501875,162.068239775262,80.7122176912259
"VERNONDAVIS","Vernon Davis","TE","SF",84,160.951584552352,161.375,172.875,178.25,161.4,172.125,145.125,153.375,113.175,156.8625,160.951584552352,73.9894594628556
"JEREMYMACLIN","Jeremy Maclin","WR","PHI",85,160.238355099621,156.25,159.375,151.375,157.325,190,184.5,157.625,140.875,161.815625,160.238355099621,75.5557100063789
"MIKEWALLACE","Mike Wallace","WR","MIA",86,160.072346138912,157.5,159.375,156.35,161.9,156.675,160.6,178.525,157.02,161.575208333333,160.072346138912,76.1659160648095
"MARQUESCOLSTON","Marques Colston","WR","NO",87,159.950440603605,152.625,156.75,149.375,153.4625,157.375,175.375,168.125,168.4,159.7359375,159.950440603605,74.0390850450397
"TYHILTON","T.Y. Hilton","WR","IND",88,158.390904177091,150.375,144.625,168.475,157.075,151.575,176.175,159.575,161.25,158.882291666667,158.390904177091,73.4565452575908
"KENDALLWRIGHT","Kendall Wright","WR","TEN",89,154.593058098328,161.75,153,156.175,151.8625,146.2,152.125,181.875,159.01,157.362604166667,154.593058098328,72.1065753020042
"PIERRETHOMAS","Pierre Thomas","RB","NO",90,153.678822327075,161.35,136.125,156.5,148.215,159.7,149.05,148.525,158.125,151.71125,153.678822327075,67.5724147282758
"ERICDECKER","Eric Decker","WR","NYJ",91,153.649843273282,146.125,155.25,166.375,143.4125,195.45,123.375,164.125,150.525,155.763020833333,153.649843273282,69.2226880058806
"EMMANUELSANDERS","Emmanuel Sanders","WR","DEN",92,152.010207422495,160,176.25,153.275,143.55,148.8,103.375,167.625,150.1,150.184375,152.010207422495,67.2103816521569
"GOLDENTATE","Golden Tate","WR","DET",93,150.884430238654,172.25,159.625,165.125,151.4125,137.4,109.625,164.875,137.775,149.815104166667,150.884430238654,67.6269151473246
"SAMMYWATKINS","Sammy Watkins","WR","BUF",94,148.659416217167,138.875,147.375,151.825,138.2875,194.375,126.75,158.475,146.35,150.084895833333,148.659416217167,64.7703507881376
"MATTSCHAUB","Matt Schaub","QB","OAK",95,147.311286874984,172.12,125.62,115.1,155.33,189.66,183.2,161.98,132.32,153.82875,147.311286874984,68.630058750128
"KNOWSHONMORENO","Knowshon Moreno","RB","MIA",96,147.099453657387,168.025,143.975,137,158.75,102.375,160.825,172.7,122.7,145.11875,147.099453657387,65.5820312367211
"JASONWITTEN","Jason Witten","TE","DAL",97,146.578264214229,145.25,151.125,144.25,143.3875,148.5,129,148.625,154.95,145.6234375,146.578264214229,63.5223066040909
"MAURICEJONESDREW","Maurice Jones-Drew","RB","OAK",98,146.526157884864,162.6,138.1,126.9,148.3975,191.35,145.525,156.65,114.525,147.2934375,146.526157884864,64.2047703892204
"STEVENJACKSON","Steven Jackson","RB","ATL",99,145.91299310669,171.3,127.575,157.325,145.825,81.75,135.875,163.075,161.525,142.61875,145.91299310669,62.0866612050353
"FREDJACKSON","Fred Jackson","RB","BUF",100,144.542452173662,151.95,132.65,122.05,140.29,175.225,138.125,155.325,134.375,142.91125,144.542452173662,60.5757898778465
"TERRANCEWILLIAMS","Terrance Williams","WR","DAL",101,144.524209784079,148.875,139.125,153.9,135.125,139.875,110.875,155.125,167.08,143.446666666667,144.524209784079,60.9202745213129
"STEVANRIDLEY","Stevan Ridley","RB","NE",102,144.342322607548,169.475,140.35,166.2,146.515,130.6,142.925,127.9,159.7625,146.3034375,144.342322607548,65.4004451117232
"JORDANCAMERON","Jordan Cameron","TE","CLE",103,143.949724816133,129.5,152.125,151.875,140.4875,144.125,141.625,148.25,127.4,142.4484375,143.949724816133,60.7212948674307
"REGGIEWAYNE","Reggie Wayne","WR","IND",104,143.909568083581,140.625,135.75,162.5,128.5375,173,98.375,167.875,142.625,144.2609375,143.909568083581,59.2081458849374
"TEDDYBRIDGEWATER","Teddy Bridgewater","QB","MIN",105,141.819707989016,211.34,190.38,93.1,149.256,110.5,68.2,126.9,201.04,142.8145,141.819707989016,65.625482544614
"DWAYNEBOWE","Dwayne Bowe","WR","KC",106,141.71506707146,137.75,127.375,126,132.2125,147,131.75,157.75,161.9,140.9546875,141.71506707146,57.6799112612949
"CECILSHORTS","Cecil Shorts","WR","JAC",107,141.699857364075,112.75,124.25,140.25,125.125,159.975,144.375,158.5,160.4,140.694791666667,141.699857364075,56.6755557118898
"RYANFITZPATRICK","Ryan Fitzpatrick","QB","HOU",108,139.800567773937,175.84,82.52,153.6,128.886,155.02,139,151.32,162.44,142.45325,139.800567773937,57.512362558068
"JORDANREED","Jordan Reed","TE","WAS",109,138.503577806092,137.625,135.375,122.125,137.2625,163.375,140.125,150.5,116.9,138.6234375,138.503577806092,56.9124673251786
"GREGOLSEN","Greg Olsen","TE","CAR",110,137.891089970237,133.75,141.125,135.25,136.9875,134.875,137.75,145.375,139.175,137.8359375,137.891089970237,57.711999214092
"DANNYWOODHEAD","Danny Woodhead","RB","SD",111,136.604928133627,NA,140.475,141.25,126.61,135.775,129.825,162.425,118.525,136.040714285714,136.604928133627,46.5503770854703
"DENNISPITTA","Dennis Pitta","TE","BAL",112,136.588514784435,144.625,137,128.25,136.3125,151.125,121.625,151,115.8,135.8296875,136.588514784435,55.817659423371
"GENOSMITH","Geno Smith","QB","NYJ",113,136.312066516965,57.18,174.18,111.86,115.642,157.14,120.5,170.88,197.94,136.51525,136.312066516965,55.8240625738875
"RILEYCOOPER","Riley Cooper","WR","PHI",114,136.22943361592,133.375,146.75,132,134.2875,129.95,117.25,146.625,147.525,136.686979166667,136.22943361592,56.5309655281396
"BRIANHARTLINE","Brian Hartline","WR","MIA",115,131.794320144913,119.5,NA,110.25,131.4625,130.625,153.625,144.625,130,130.846785714286,131.794320144913,40.8414782591306
"KENNYSTILLS","Kenny Stills","WR","NO",116,131.335102594754,121.625,133.625,96.775,127.7875,136.15,135.625,136.85,130.805,127.658645833333,131.335102594754,50.1829123350457
"MIKEEVANS","Mike Evans","WR","TB",117,131.326539629763,136.375,148.375,123.25,131.6,116,100.75,150.625,137.5,130.334375,131.326539629763,53.2683010651843
"KYLERUDOLPH","Kyle Rudolph","TE","MIN",118,131.200125718113,128,132.875,120,130.4125,156.875,129.125,130.75,113.975,130.3640625,131.200125718113,51.9082394727378
"JAMESJONES","James Jones","WR","OAK",119,131.100210082847,103.25,124.375,117.875,121.7375,163.8,145.5,146.875,132.95,131.8453125,131.100210082847,51.2382894978763
"MARVINJONES","Marvin Jones","WR","CIN",120,129.585911031279,123.375,137.375,98.85,134.7875,134.025,132.4,132.675,137.255,129.8253125,129.585911031279,52.2268334739678
"DEANGELOWILLIAMS","DeAngelo Williams","RB","CAR",121,128.500761378568,135.6,126.975,125.65,138.3925,157.475,130.075,136.025,97.825,130.0146875,128.500761378568,53.1597497460827
"JOSHGORDON","Josh Gordon","WR","CLE",122,127.787211689707,134.875,137.125,127.325,116.4625,114.025,55.75,182.925,NA,123.663928571429,127.787211689707,39.0096605798807
"DEANDREHOPKINS","DeAndre Hopkins","WR","HOU",123,126.018905251093,112.75,119,145.25,117.9875,120.825,124.625,155.7,128.75,127.7859375,126.018905251093,48.9655602885359
"DARRENSPROLES","Darren Sproles","RB","PHI",124,125.771873482211,133.525,116.275,140.725,124.215,119.75,114.725,155.4,110,126.126875,125.771873482211,48.9669260546036
"HAKEEMNICKS","Hakeem Nicks","WR","IND",125,123.852761070717,128.25,140.375,119.125,124.225,122.325,92.75,139.625,113.625,122.670833333333,123.852761070717,47.6679304743026
"ANQUANBOLDIN","Anquan Boldin","WR","SF",126,123.524958522178,117,126.5,146.275,124.7,121.175,122.125,145.2,122.55,128.090625,123.524958522178,50.2522078771609
"RUEBENRANDLE","Rueben Randle","WR","NYG",127,123.082278970871,140.25,128,114.375,117.9875,126.75,122.375,113.75,143.1,125.2859375,123.082278970871,48.2090372299921
"KELVINBENJAMIN","Kelvin Benjamin","WR","CAR",128,122.693762757171,123.875,124.125,98.375,122.9,125.35,120.5,143.875,132.425,123.790625,122.693762757171,47.5530413128739
"TAVONAUSTIN","Tavon Austin","WR","STL",129,122.026575317437,113.375,111.5,101.6,131.7625,82.3,135.15,125.475,136.4,120.724479166667,122.026575317437,45.5980891184116
"GREGJENNINGS","Greg Jennings","WR","MIN",130,121.133111122622,102.375,115.625,128,110.875,153.425,NA,126.75,126.9,123.41,121.133111122622,38.8480742014763
"BRANDINCOOKS","Brandin Cooks","WR","NO",131,119.925535306954,139.375,139.875,105.95,128.4,94.225,83.625,115.125,121.86,115.848541666667,119.925535306954,45.4522672716762
"MICHAELVICK","Michael Vick","QB","NYJ",132,117.835755303632,216.9,63.5,164.76,128.802,4.1,104.6,142.28,NA,117.420285714286,117.835755303632,36.9902789086304
"MARTELLUSBENNETT","Martellus Bennett","TE","CHI",133,117.106571424388,122.875,114.75,121.875,118.4875,100.625,119,131.625,120.725,118.5203125,117.106571424388,44.4287069271834
"DANNYAMENDOLA","Danny Amendola","WR","NE",134,116.875360563981,113.875,115.25,119.875,120.1125,133.125,139.75,118.175,80.155,117.1221875,116.875360563981,43.5401871535869
"JARRETTBOYKIN","Jarrett Boykin","WR","GB",135,116.543838316392,130,104.125,109,117.575,119.425,120.625,129.75,119.15,118.61875,116.543838316392,43.7541606361231
"ZACHERTZ","Zach Ertz","TE","PHI",136,116.493826237614,125.75,128,104.75,122.875,120,112.375,123.625,103.95,117.340625,116.493826237614,44.6152317958718
"TERRANCEWEST","Terrance West","RB","CLE",137,116.260988650139,152.4,111.5,73.5,121.115,92,104.35,129.75,100.95,110.495625,116.260988650139,40.6021625642605
"ODELLBECKHAM","Odell Beckham","WR","NYG",138,115.803692122222,118.125,131.25,98.75,120.225,101.375,100.725,123,112.5,113.485416666667,115.803692122222,42.5026704574961
"STEVESMITH","Steve Smith","WR","BAL",139,115.632052244741,109.375,114.25,114.5,115.475,109.875,127.375,137.875,111.525,117.34375,115.632052244741,43.2019818856826
"AARONDOBSON","Aaron Dobson","WR","NE",140,115.41977482234,103.125,70.75,106.5,103.225,126.95,123.125,139.75,144.85,114.755208333333,115.41977482234,39.2493645712384
"JUSTINHUNTER","Justin Hunter","WR","TEN",141,112.963659567193,NA,110.625,114.25,104.7875,104.75,75.375,132.25,139.475,111.5475,112.963659567193,33.8024154276712
"CHARLESCLAY","Charles Clay","TE","MIA",142,112.787489511121,97.375,108,121,105.7125,121,118.375,131.625,108.51,115.2321875,112.787489511121,40.1146169604573
"DOUGBALDWIN","Doug Baldwin","WR","SEA",143,112.344840643888,114,131.875,100.15,115.175,139.925,94,118.675,87.8,112.708333333333,112.344840643888,41.2059345797364
"HARRYDOUGLAS","Harry Douglas","WR","ATL",144,111.589040782728,112.25,129,94.125,120.1625,104.875,120.875,116.375,107.775,112.8671875,111.589040782728,42.2792171668075
"KHIRYROBINSON","Khiry Robinson","RB","NO",145,110.765403304774,143.175,102.725,101.55,125.26,63.25,131,130.275,52.4125,106.1684375,110.765403304774,38.7567494957316
"CHADHENNE","Chad Henne","QB","JAC",146,110.449302744618,39.88,102.12,113.3,82.242,127.54,120.64,128.58,130.09,104.8365,110.449302744618,33.6374761558013
"DARRENMCFADDEN","Darren McFadden","RB","OAK",147,110.268853094556,110.575,85.375,83.675,103.455,129.75,119.275,132.075,120.75,109.47875,110.268853094556,37.5615264198716
"ROBERTWOODS","Robert Woods","WR","BUF",148,110.030289910921,93.375,108.125,87.225,104.55,140.775,111.725,142.325,114.21,113.087083333333,110.030289910921,39.1679062801273
"ANTONIOGATES","Antonio Gates","TE","SD",149,109.764436188254,108.125,126,99.5,118.2125,104.125,123.75,107.125,94.025,109.7453125,109.764436188254,40.5060450933045
"HEATHMILLER","Heath Miller","TE","PIT",150,109.465411566171,118.625,110.375,91,114.4625,110.125,115.25,102,102.95,107.7484375,109.465411566171,38.7272239678542
"ERICEBRON","Eric Ebron","TE","DET",151,109.28732318205,121.125,126.5,83.5,112.5125,126.75,78.625,115.875,95.725,107.4390625,109.28732318205,38.5447529927588
"LADARIUSGREEN","Ladarius Green","TE","SD",152,108.781092838111,112.375,129.375,97,116.5625,126.375,103,95,96.525,109.6390625,108.781092838111,40.1325188775353
"LAMARMILLER","Lamar Miller","RB","MIA",153,108.722788793493,112.875,89.975,88.875,81.6375,152.75,89.625,113.225,128.725,106.3109375,108.722788793493,33.7132847624484
"DELANIEWALKER","Delanie Walker","TE","TEN",154,107.3875,109.375,111,104.75,109.9375,114.125,109.5,102.125,105.1,108.0140625,107.3875,38.3282860946159
"RODSTREATER","Rod Streater","WR","OAK",155,106.677989106999,113.375,124.625,96.825,110.225,101.975,88.375,92.45,111.63,104.269583333333,106.677989106999,37.5060670951745
"CHRISIVORY","Chris Ivory","RB","NYJ",156,105.89859997967,125.075,84.125,112.425,NA,118.975,92.725,128.35,97.725,107.925714285714,105.89859997967,20.4912138748432
"MARKUSWHEATON","Markus Wheaton","WR","PIT",157,104.858640043977,110.75,102.875,97.5,99.2,120.95,71.575,128.675,106.225,104.73125,104.858640043977,35.1984474595029
"NATEWASHINGTON","Nate Washington","WR","TEN",158,104.718223706167,100.375,95.75,87,97.2,135,95.5,122.625,122.5,106.85625,104.718223706167,35.6697872728892
"JERRICHOCOTCHERY","Jerricho Cotchery","WR","CAR",159,102.907730415247,99.75,104.125,105.375,96.825,140.375,86,122.125,85.15,104.557291666667,102.907730415247,34.8108664675706
"MARQISELEE","Marqise Lee","WR","JAC",160,101.630924508596,100.125,106.75,100.325,91.2375,110.325,57.625,124.125,117.6,100.5015625,101.630924508596,33.0736159328353
"CHRISTOPHERIVORY","Christopher Ivory","RB","NYJ",161,100.8925,NA,NA,NA,100.8925,NA,NA,NA,NA,100.8925,100.8925,6.5598522467734
"ANDREWHAWKINS","Andrew Hawkins","WR","CLE",162,99.4026991172221,102.625,101.125,101.125,103.9375,25.975,96,80,108.73,90.5388541666667,99.4026991172221,30.5364210834525
"DENARIUSMOORE","Denarius Moore","WR","OAK",163,98.5663928476163,98.625,87.625,101.875,79.4875,117.4,NA,118.375,92.5,99.0210714285714,98.5663928476163,26.052875514577
"JAREDCOOK","Jared Cook","TE","STL",164,98.2622054453082,89.875,108.25,85.125,99.975,101.875,104.5,107.125,102.45,99.409375,98.2622054453082,33.496828011061
"JEREMYHILL","Jeremy Hill","RB","CIN",165,97.7187693098411,126.975,80.375,98.525,93.9125,115.5,93.725,NA,89.6125,99.5292857142857,97.7187693098411,27.7016333507092
"DWAYNEALLEN","Dwayne Allen","TE","IND",166,97.4509006040453,100.625,101,69.375,102.4125,114.525,106.625,100.25,69.775,95.5859375,97.4509006040453,31.508679388706
"ALLENROBINSON","Allen Robinson","WR","JAC",167,96.9373658075882,101.5,113.25,NA,107.375,86.625,NA,71.625,93.375,81.5857142857143,96.9373658075882,24.0919863567846
"GARRETTGRAHAM","Garrett Graham","TE","HOU",168,95.6443892535418,90.625,99.5,60.25,94.7875,117.75,93.375,116.25,92.35,95.5109375,95.6443892535418,30.6984752994204
"CHRISGIVENS","Chris Givens","WR","STL",169,95.000248560346,97,111.75,92.975,98.65,122.05,82.375,89.425,61.015,94.215,95.000248560346,31.0313463726666
"BERNARDPIERCE","Bernard Pierce","RB","BAL",170,93.1589507744743,74.1,85.225,99.8,73.775,70.05,100.225,136.425,122.025,95.115625,93.1589507744743,28.4103071636154
"DANARIOALEXANDER","Danario Alexander","WR","SDC",171,93.125,NA,NA,NA,NA,93.125,NA,NA,NA,93.125,93.125,1.3655232981481
"JEREMYKERLEY","Jeremy Kerley","WR","NYJ",172,92.5884946188578,91.75,88.5,90.9,86,107.775,76.625,90.925,93.385,90.335,92.5884946188578,28.0045756815416
"JORDANMATTHEWS","Jordan Matthews","WR","PHI",173,92.4127686378306,104.375,116.375,82.125,87.7875,102.35,29.625,98,87.4,88.3088541666667,92.4127686378306,28.0582537764934
"DONNIEAVERY","Donnie Avery","WR","KC",174,91.5118968385596,93.75,87.125,NA,88.7125,90.825,84.125,91.525,98.285,90.6416428571429,91.5118968385596,23.9204090327119
"JACEAMARO","Jace Amaro","TE","NYJ",175,90.343956133227,109,88,65,97.4,92.75,93.5,90.875,69.5,88.090625,90.343956133227,28.0345511431457
"TYLEREIFERT","Tyler Eifert","TE","CIN",176,90.09375,100.75,72.875,81.125,87.7,95.625,90.375,97.625,90.175,89.64375,90.09375,27.3049368962803
"MALCOMFLOYD","Malcom Floyd","WR","SD",177,89.8615983131943,98.75,81.25,NA,69.8375,103.625,43.25,98.625,120.625,76.9203125,89.8615983131943,21.3756506160562
"MILESAUSTIN","Miles Austin","WR","CLE",178,89.1931986400351,88.125,70.125,52.125,78.65,108.25,98.625,123.375,95.65,88.940625,89.1931986400351,25.9538186307417
"MIKEWILLIAMS","Mike Williams","WR","BUF",179,88.69375,85.375,86,106,82.55,83.6,74.625,111.75,91.9,89.9291666666667,88.69375,27.4918860627878
"JONATHANSTEWART","Jonathan Stewart","RB","CAR",180,85.9836152641116,84.725,68.75,61.45,82.4025,86.6,98.5,104.9,84.425,83.6190625,85.9836152641116,24.5942239564559
"LANCEMOORE","Lance Moore","WR","PIT",181,85.9782127648552,88.375,74.5,87.25,89.0375,81.375,110.625,88.875,70.225,86.0494791666667,85.9782127648552,26.2787868039443
"SHONNGREENE","Shonn Greene","RB","TEN",182,84.2035791420266,98.7,67.975,87.025,84.465,70.625,89.925,111.175,91.7,87.26125,84.2035791420266,26.3003541193016
"ANDREROBERTS","Andre Roberts","WR","WAS",183,84.192068480799,85.875,85.75,93.825,81.525,65.05,70.75,96.75,87.85,83.3552083333333,84.192068480799,25.0558698597136
"SCOTTCHANDLER","Scott Chandler","TE","BUF",184,84.1873940006951,85.5,82.375,66.875,87.6375,98.625,101.75,76.125,82.45,84.4796875,84.1873940006951,25.9055888959026
"LEGARRETTEBLOUNT","LeGarrette Blount","RB","PIT",185,83.7122576244941,119.575,82.05,64.475,82.65,107.25,65.725,109.2,50.7125,84.0421875,83.7122576244941,25.0527399951041
"DEVONTAFREEMAN","Devonta Freeman","RB","ATL",186,83.559799515778,154.3,101.875,61.6,105.5025,91,39.825,53.05,66.65,83.8128125,83.559799515778,27.9971378415843
"MYCHALRIVERA","Mychal Rivera","TE","OAK",187,83.3749754820235,83.625,87.75,NA,92.225,45.75,110.625,82.625,49.65,78.8785714285714,83.3749754820235,20.8126981338299
"KENNYBRITT","Kenny Britt","WR","STL",188,82.1704353042006,89.25,97.875,89.625,65.175,71.375,20.875,96.375,102.55,78.8875,82.1704353042006,22.4296305838332
"ROYHELU","Roy Helu","RB","WAS",189,81.7312074091342,92.4,61.125,100.975,72.675,91.125,63.4,83.3,70.35,78.81875,81.7312074091342,22.1978864580329
"STEVEJOHNSON","Steve Johnson","WR","SF",190,81.3748380382628,96.875,66.625,97.75,81.85,NA,60.25,90.725,NA,81.3958333333333,81.3748380382628,17.6655565468046
"JACQUIZZRODGERS","Jacquizz Rodgers","RB","ATL",191,81.118744402711,69.8,55.975,56.375,74.8025,96.55,112.325,83.175,84.35,78.5940625,81.118744402711,21.9923218520364
"TEDGINN","Ted Ginn","WR","ARI",192,80.906514968518,76.125,97,77.3,81.025,95.85,58.725,77.7,81.175,81.025,80.906514968518,24.1575304680501
"MARCEDESLEWIS","Marcedes Lewis","TE","JAC",193,80.7505530467489,86.625,82.375,58,83.6625,85.875,81.75,73.125,92.8,80.4890625,80.7505530467489,24.0592742140466
"DAVIDWILSON","David Wilson","RB","NYG",194,80.5808143756225,109.875,67.875,81.925,87.0425,47.125,62.9,106.6,66.375,77.8021875,80.5808143756225,23.4815710545269
"TREMASON","Tre Mason","RB","STL",195,80.0047872871709,138.775,90.95,88.775,87.44,34.875,38.125,110.2,60.0375,80.5471875,80.0047872871709,24.8871580809434
"COBYFLEENER","Coby Fleener","TE","IND",196,79.9576766113652,91.625,62.25,84.125,74.3875,63.625,66.125,93.5,91.25,79.2109375,79.9576766113652,22.1739880650634
"BRANDONLAFELL","Brandon LaFell","WR","NE",197,79.509149186754,90.5,96.25,101.325,76.3375,76,26.125,84.3,46.225,74.5244791666667,79.509149186754,21.7320973429227
"MATTCASSEL","Matt Cassel","QB","MIN",198,79.2450040829916,39.76,32.94,104.28,67.29,81,117.9,139.92,NA,82.4414285714286,79.2450040829916,18.4988912548708
"MIKETOLBERT","Mike Tolbert","RB","CAR",199,79.0471102406814,84.725,69.425,78.175,79.2175,89.15,86.225,69.2,72.475,78.6115625,79.0471102406814,22.6532981517599
"STEPFANTAYLOR","Stepfan Taylor","RB","ARI",200,79.0236386891221,135.625,90.2,41.85,96.6175,98.475,59.25,63.35,86.875,83.5303125,79.0236386891221,26.6453307145547
"ROBERTHOUSLER","Robert Housler","TE","ARI",201,78.48125,NA,NA,NA,65.775,73.375,96,NA,NA,78.3833333333333,78.48125,7.43214235310836
"MARKINGRAM","Mark Ingram","RB","NO",202,77.6993096248683,80.1,37.875,80.725,65.8175,106.9,56.275,118.75,108.8,81.5303125,77.6993096248683,21.8590750794731
"TIMOTHYWRIGHT","Timothy Wright","TE","TB",203,77.3125,65.75,80.25,NA,NA,NA,NA,77,NA,74.3333333333333,77.3125,4.57555046615198
"EDDIEROYAL","Eddie Royal","WR","SD",204,76.9435308660765,85.5,46.25,73.175,68.075,104.075,67.75,92.4,65.26,75.1777083333333,76.9435308660765,19.9486898873417
"STEVIEJOHNSON","Stevie Johnson","WR","SF",205,76.4625,NA,NA,NA,NA,77.175,NA,NA,75.55,76.4625,76.4625,2.64895084502371
"JEROMESIMPSON","Jerome Simpson","WR","MIN",206,76.4366322708964,88.375,78,89.5,71.9625,80.75,41.875,87.75,69.6,75.4140625,76.4366322708964,21.4030330359307
"SANTONIOHOLMES","Santonio Holmes","WR","NYJ",207,76.1875,NA,NA,80.125,NA,NA,NA,75.25,NA,76.1875,76.1875,2.65560936602861
"DEXTERMCCLUSTER","Dexter McCluster","RB","TEN",208,75.7450331342604,94,86.6,89.2,80.7875,46,71.275,NA,40.675,71.9710714285714,75.7450331342604,18.7748710910329
"BRENTCELEK","Brent Celek","TE","PHI",209,75.6590064381702,86.25,68.875,56.375,80.6375,79.875,90.75,80.25,54.975,74.2859375,75.6590064381702,21.3325369768073
"CJANDERSON","C.J. Anderson","RB","DEN",210,75.1143747672692,72.825,58.575,77.475,69.7125,83.825,82.625,72.65,98.975,76.6828125,75.1143747672692,21.2414774842392
"BRANDONGIBSON","Brandon Gibson","WR","MIA",211,74.3188533018834,77.25,81.125,NA,73.475,52.625,55.75,91,83.925,73.7142857142857,74.3188533018834,17.8957687327748
"LEVINETOILOLO","Levine Toilolo","TE","ATL",212,73.4774002965178,75.375,78.25,NA,72.075,48.375,57.875,84.125,78.15,70.725,73.4774002965178,16.9817354810116
"CHRISTINEMICHAEL","Christine Michael","RB","SEA",213,72.5735772381866,136.85,80.55,66.85,92.31,39.625,41.35,53.025,54.5125,70.5465625,72.5735772381866,21.7423442350889
"AHMADBRADSHAW","Ahmad Bradshaw","RB","IND",214,71.8241645218711,103.3,69.325,37.925,78.205,98.925,58.375,66.025,45.45,68.81625,71.8241645218711,19.4599173070424
"AUSTINSEFERIANJENKINS","Austin Seferian-Jenkins","TE","RIA",215,71.5438964155341,87.125,43.375,73.125,57.0625,83.95,NA,80.125,66.775,70.2196428571429,71.5438964155341,15.2652651125077
"SIDNEYRICE","Sidney Rice","WR","SEA",216,71.1502509447226,62.375,72.5,86.125,72.075,52.75,80.375,76.875,75.675,72.21875,71.1502509447226,20.2808346424442
"ADRIENROBINSON","Adrien Robinson","TE","NYG",217,70.8778975142925,65.875,70.25,58.5,68.65,111.125,71,NA,87.25,76.1957142857143,70.8778975142925,18.2233933007523
"ANDREBROWN","Andre Brown","RB","HOU",218,70.0866894078986,91.95,66,70.6,74.65,61,65.275,96.55,64.775,72.9625,70.0866894078986,20.6278912727196
"MARCELREECE","Marcel Reece","RB","OAK",219,70.0564741479114,64.575,60.45,77.35,67.3775,60.95,80.15,55.875,74,67.5534375,70.0564741479114,18.2038507855903
"MOHAMEDSANU","Mohamed Sanu","WR","CIN",220,68.9506369535413,73.75,54.5,59.525,61.75,80.9,54.625,82.95,66.945,66.9460416666667,68.9506369535413,17.1818333806576
"KNILEDAVIS","Knile Davis","RB","KC",221,68.9344281741804,88.3,61.7,69.075,73.415,84.65,70.125,72.6,54.9,71.183125,68.9344281741804,19.7351393062585
"EARLBENNETT","Earl Bennett","WR","CLE",222,68.04375,60.625,NA,NA,44.875,NA,NA,89.25,76.325,67.81875,68.04375,7.46673355690353
"JERMAINEGRESHAM","Jermaine Gresham","TE","CIN",223,67.774804000232,81.875,59.25,58.5,66.775,97.375,60.5,85.875,60.275,70.015625,67.774804000232,18.8540636370911
"LANCEDUNBAR","Lance Dunbar","RB","DAL",224,67.4127671594832,78.475,56.8,52.9,70.2175,79.625,76.125,59.725,53.425,65.5865625,67.4127671594832,17.5992036347595
"DONALDBROWN","Donald Brown","RB","SD",225,67.3190377328893,85.5,51.125,76.625,70.625,64.875,62.125,56.875,71.9,67.38125,67.3190377328893,18.2643510810627
"ZACHMILLER","Zach Miller","TE","SEA",226,67.3125238189955,82.75,58.125,54.75,71.175,76,73.375,53.375,61.6,66.24375,67.3125238189955,17.9341273583467
"BLAKEBORTLES","Blake Bortles","QB","JAC",227,66.9803255591999,189.04,84.44,47.26,115.55,42.5,58.66,49.96,51.95,79.8075,66.9803255591999,27.0965981840513
"KENBRELLTHOMPKINS","Kenbrell Thompkins","WR","NE",228,66.9375,70.75,25.125,85.25,47.9375,63.125,NA,85.625,NA,62.96875,66.9375,10.5799647198558
"JAMESSTARKS","James Starks","RB","GB",229,66.6253222823132,86.9,56.25,66.95,67.65,82.75,58.25,101.775,51.675,71.075,66.6253222823132,18.9262716485346
"ACESANDERS","Ace Sanders","WR","JAC",230,66.2432350744044,67.125,54.25,60.975,65.525,70.175,80.625,99.025,30.55,66.2145833333333,66.2432350744044,16.9984595576051
"AUSTINPETTIS","Austin Pettis","WR","STL",231,65.624996881932,65.25,61.875,NA,61.875,75.625,55.625,84,NA,57.75,65.624996881932,12.4794222157975
"JERMAINEKEARSE","Jermaine Kearse","WR","SEA",232,65.4494033450022,45.25,70.75,NA,54.35,82.85,43.375,106.875,34.525,54.6010416666667,65.4494033450022,13.2232284545894
"CHARLESSIMS","Charles Sims","RB","TB",233,65.3513488535675,95.275,83.375,43.7,59.8425,41.2,10.2,87.275,80.05,61.9896875,65.3513488535675,16.5566743586957
"GREGLITTLE","Greg Little","WR","OAK",234,65.2813672422012,81.25,57.625,72,69.4375,46.5,NA,91.625,46.525,66.4089285714286,65.2813672422012,15.5997364967931
"MARTAVISBRYANT","Martavis Bryant","WR","PIT",235,65.2099139015344,87.875,70.75,59.5,70.075,NA,41.75,45,72.875,56.028125,65.2099139015344,15.5975173629448
"JACOBYJONES","Jacoby Jones","WR","BAL",236,64.4250589653995,67.625,56.75,NA,64.4875,55,71.375,84.075,62.955,57.7971875,64.4250589653995,14.7796271266208
"MARQUESSWILSON","Marquess Wilson","WR","CHI",237,64.325391089248,89.25,70.375,NA,73.375,54.05,52.875,NA,44.05,54.8364285714286,64.325391089248,13.3436327185915
"TRAVISKELCE","Travis Kelce","TE","KC",238,64.3109681012911,85.25,39.375,57.625,63.7125,6.875,70,NA,90.425,59.0717857142857,64.3109681012911,13.5904200514368
"COLEBEASLEY","Cole Beasley","WR","DAL",239,64.2234051277357,82,49.75,64.875,59.7875,72.85,42.125,71,67.1,63.5276041666667,64.2234051277357,16.1546753478426
"NATEBURLESON","Nate Burleson","WR","CLE",240,63.9373185407651,76.25,78.25,73.75,80.2625,18,89.875,47,26.675,61.1494791666667,63.9373185407651,17.6844516120103
"JERRELJERNIGAN","Jerrel Jernigan","WR","NYG",241,62.9728670100736,93.25,50,68.85,58.5875,63.1,18.25,86.35,47.865,61.2103125,62.9728670100736,15.2138350454433
"DAVANTEADAMS","Davante Adams","WR","GB",242,62.9310779584021,100.5,87.625,53.75,75.675,52.925,23.5,76.25,40.75,63.359375,62.9310779584021,18.1165942444549
"JERMICHAELFINLEY","Jermichael Finley","TE","FA",243,62.625,68.75,NA,51.125,53.4625,74.25,57.25,68.125,NA,62.1604166666667,62.625,10.2676911867432
"BRANDONPETTIGREW","Brandon Pettigrew","TE","DET",244,61.5283590051463,70.875,NA,50.125,52.2375,55.125,73.625,65.125,74.8,62.5303571428571,61.5283590051463,12.5726148946769
"JAMESWHITE","James White","RB","NE",245,61.3557983156621,91.875,78.5,NA,47.685,60.3,11.1,NA,31.0875,45.7410714285714,61.3557983156621,9.78514173250983
"MARLONBROWN","Marlon Brown","WR","BAL",246,61.1440097307627,87.25,46.125,69.375,53.8,86.125,15.125,87.25,29.65,59.3375,61.1440097307627,14.2330009852024
"ANDREWQUARLESS","Andrew Quarless","TE","GB",247,60.6583555250449,75.375,44.5,60.375,52.3,68.625,29.375,98.875,65.2,61.790625,60.6583555250449,14.895816132512
"KRISDURHAM","Kris Durham","WR","DET",248,59.7134933155168,77.375,27.5,NA,49.325,70.825,40,89.75,42.25,49.4864583333333,59.7134933155168,11.0727863017205
"OWENDANIELS","Owen Daniels","TE","BAL",249,59.4122760757967,68.5,59.375,60.625,58.225,60.125,40.5,76.25,41.125,57.940625,59.4122760757967,14.5834623957668
"KADEEMCAREY","Ka'Deem Carey","RB","CHI",250,59.2561871239997,72.65,41.125,70.65,56.565,51.575,55.275,110.4,43.2875,62.1909375,59.2561871239997,15.3009849579526
"MARQUISEGOODWIN","Marquise Goodwin","WR","BUF",251,59.2346281291747,73.75,62.625,NA,62.95,43.05,48.75,82.05,35.835,51.01625,59.2346281291747,13.0036633934836
"ANTHONYFASANO","Anthony Fasano","TE","KC",252,58.437431117418,65,65.25,NA,58.85,71.375,40.625,53.75,34.7,55.6357142857143,58.437431117418,12.1584905627045
"BILALPOWELL","Bilal Powell","RB","NYJ",253,58.063289287649,65.4,43.625,45.575,57.1625,73.675,63.325,72.9,42.35,57.9640625,58.063289287649,14.0940136047004
"ROBHOUSLER","Rob Housler","TE","ARI",254,57.5002283646939,66,45,49.5,NA,NA,NA,79,44.525,56.775,57.5002283646939,5.7860548679526
"CARLOSHYDE","Carlos Hyde","RB","SF",255,57.2398010804435,95.65,NA,50.625,70.31,67.525,30.525,78.45,35.6125,60.7282142857143,57.2398010804435,13.3038186822419
"BRIANQUICK","Brian Quick","WR","STL",256,57.0996296951109,64.625,65.875,NA,62.375,61.125,53.125,51.875,12.7625,53.1089285714286,57.0996296951109,11.7985212538126
"AJJENKINS","A.J. Jenkins","WR","KC",257,56.3632902463532,69,NA,53.6,44.4625,40.875,46.875,68.175,65.51,55.5175,56.3632902463532,10.5086919786389
"STEPHENHILL","Stephen Hill","WR","NYJ",258,56.2874948820054,63.625,48.25,NA,56.075,28.7,56.5,76.875,NA,47.0435714285714,56.2874948820054,9.88329306355661
"JEFFCUMBERLAND","Jeff Cumberland","TE","NYJ",259,55.6996660870177,76.25,50.375,NA,51.1,67.875,13.875,57.125,46.175,51.8107142857143,55.6996660870177,10.7050851126294
"BRANDONBOSTICK","Brandon Bostick","TE","GB",260,55.5080474907899,NA,78.875,53.75,58.625,68.125,NA,NA,24.375,56.345,55.5080474907899,9.70665966281609
"JASONAVANT","Jason Avant","WR","CAR",261,55.4861301022247,87.5,41.125,57.125,56.8625,33.25,36.625,76.375,60.1,55.8953125,55.4861301022247,13.8339636272101
"TRAVARISCADET","Travaris Cadet","RB","NO",262,55.1999823489602,75.325,74.725,12.375,75.025,51.375,NA,NA,11.2825,49.9979166666667,55.1999823489602,11.0139084575489
"DAVIDNELSON","David Nelson","WR","NYJ",263,54.9062414865629,63.375,17.5,NA,40.4375,102.875,NA,45.375,59.45,46.9875,54.9062414865629,8.65745187097735
"AUSTINCOLLIE","Austin Collie","WR","NE",264,54.375,NA,NA,NA,NA,NA,NA,54.375,NA,54.375,54.375,0.809317386210978
"JUNIORHEMINGWAY","Junior Hemingway","WR","KC",265,53.7939063966965,69.5,63.75,NA,64.4,31,56.5,41.25,42.25,52.5785714285714,53.7939063966965,12.0676140960891
"DALLASCLARK","Dallas Clark","TE","BAL",266,53.75,NA,NA,NA,NA,NA,NA,53.75,NA,53.75,53.75,0.800334238080438
"ANDREWILLIAMS","Andre Williams","RB","NYG",267,53.5883251107297,114.575,74.375,40.625,79.45,19.5,26.075,44.175,45.5875,54.9078125,53.5883251107297,16.033640211038
"ANDREHOLMES","Andre Holmes","WR","OAK",268,53.4378864624685,NA,41.75,49,46.05,64.675,69.375,77,16.5,52.0571428571429,53.4378864624685,10.2237687512883
"ROBERTMEACHEM","Robert Meachem","WR","NO",269,52.4375,69.375,39.625,NA,54.5,50.375,NA,55.75,43.905,52.345,52.4375,9.48770740553528
"RONNIEBROWN","Ronnie Brown","RB","SD",270,52,NA,NA,NA,NA,NA,NA,52,NA,52,52,0.775221480399068
"BRANDONBOLDEN","Brandon Bolden","RB","NE",271,51.9438976749999,73.825,31.1,46.5,58.625,38.625,77.1,50.2,43.9875,52.4703125,51.9438976749999,12.7733872767533
"RONNIEHILLMAN","Ronnie Hillman","RB","DEN",272,51.690381886103,64.925,24.6,33.55,50.6475,52.775,72.2,52.525,40.1,48.0028125,51.690381886103,11.1556027226092
"JARVISLANDRY","Jarvis Landry","WR","MIA",273,51.66875,68.875,56.125,71.5,46.325,89.875,13,32.75,29.525,50.784375,51.66875,11.9298667734084
"JORDANTODMAN","Jordan Todman","RB","JAC",274,51.4949922301216,71.7,40.8,79,45.75,54.375,16.95,61.575,37.8,50.39375,51.4949922301216,11.740220976959
"LANCEKENDRICKS","Lance Kendricks","TE","STL",275,51.1652901646347,51,49.375,NA,49.575,67,47.75,56.875,49.45,52.9892857142857,51.1652901646347,10.7986994087408
"RYANGRIFFIN","Ryan Griffin","TE","HOU",276,51.0184720643301,62.375,NA,73,35.825,76.125,22.875,51.125,38.25,51.3335714285714,51.0184720643301,9.07847239873854
"VICKBALLARD","Vick Ballard","RB","IND",277,50.9998939954935,52.05,46.35,49.225,39.415,64.25,11.55,81.95,65.15,50.705,50.9998939954935,11.407988289666
"TIQUANUNDERWOOD","Tiquan Underwood","WR","CAR",278,50.9737400123581,57,39.375,NA,47.6625,87.85,44.875,75,31.425,47.7942708333333,50.9737400123581,10.6817968329182
"DEVINSTREET","Devin Street","WR","DAL",279,50.875,50.875,58.75,NA,54.8125,48.875,NA,NA,12.6,45.1825,50.875,7.51042966637073
"GAVINESCOBAR","Gavin Escobar","TE","DAL",280,50.6690237793114,54,NA,NA,51.5375,31.375,79.125,51.5,39.75,51.1945833333333,50.6690237793114,8.52516738764058
"RYANBROYLES","Ryan Broyles","WR","DET",281,50.6539631148388,67.25,NA,NA,40.0625,11.125,NA,73.125,NA,38.3375,50.6539631148388,5.0798322312142
"MICHAELBUSH","Michael Bush","RB","CHI",282,50.425,NA,NA,NA,NA,NA,NA,50.425,NA,50.425,50.425,0.752670417687455
"CJFIEDOROWICZ","C.J. Fiedorowicz","TE","HOU",283,50.1578736697192,NA,67.375,47.25,51.625,27.875,NA,NA,NA,48.53125,50.1578736697192,6.82224481864512
"LUKEWILLSON","Luke Willson","TE","SEA",284,49.2,NA,65.125,NA,48.3,67.125,34.625,NA,31.15,49.235,49.2,7.7177045416517
"VINCENTBROWN","Vincent Brown","WR","SD",285,49.1688609425388,66,62.125,NA,61.9875,33.125,32.375,77.75,10.775,43.0171875,49.1688609425388,10.9516899768205
"CODYLATIMER","Cody Latimer","WR","DEN",286,49.1084944821619,66.125,50.5,NA,44.6375,-2.875,3.625,74.375,53.225,35.9265625,49.1084944821619,8.50475902027978
"BRANDONMYERS","Brandon Myers","TE","TB",287,48.8127322158862,NA,46.875,NA,48.8125,46.375,55,74.5,29.85,50.2354166666667,48.8127322158862,8.76452634173614
"KENDALLHUNTER","Kendall Hunter","RB","SF",288,48.5786986760323,48.225,44.225,50,51.415,44.125,NA,83.95,36.8125,50.8217857142857,48.5786986760323,10.6843952624071
"PAULRICHARDSON","Paul Richardson","WR","SEA",289,47.1248820127035,79,44.125,NA,61.5625,40.375,NA,40.5,28.425,48.9979166666667,47.1248820127035,9.47101797734234
"LAVONBRAZILL","LaVon Brazill","WR","IND",290,47.1017276018856,63.375,NA,NA,33.5875,78.75,30,38,NA,40.36875,47.1017276018856,5.76855000399428
"JERICKMCKINNON","Jerick McKinnon","RB","MIN",291,47.0938091016261,74.775,61.8,38.175,55.7375,3.575,22.725,NA,49,43.3410714285714,47.0938091016261,10.0245207233484
"JOEMORGAN","Joe Morgan","WR","NO",292,46.96875,46.5,37.75,NA,NA,NA,63.125,NA,NA,49.125,46.96875,2.72539317086074
"BENJARVUSGREENELLIS","BenJarvus Green-Ellis","RB","CIN",293,46.501486358783,54.975,38.85,38.75,47.93,45,53.075,90.45,NA,51.9471428571429,46.501486358783,10.3410383198746
"MARIOMANNINGHAM","Mario Manningham","WR","NYG",294,45.75,63.375,NA,NA,35.875,-2,NA,73.75,NA,42.75,45.75,4.45725123697446
"TOMSAVAGE","Tom Savage","QB","HOU",295,45.026085527003,35.56,114.66,NA,75.11,23.5,NA,NA,19.67,53.86,45.026085527003,10.8054398287309
"MIKEBROWN","Mike Brown","WR","JAC",296,45,44.875,32.125,NA,38.5,54.875,NA,54.5,NA,44.975,45,6.05459400725914
"BENWATSON","Ben Watson","TE","NO",297,44.9375,NA,NA,NA,NA,43.5,46.375,NA,NA,44.9375,44.9375,1.34573717240124
"SHAQEVANS","Shaq Evans","WR","NYJ",298,44.8562822803265,69.375,NA,NA,NA,45.025,NA,NA,17.25,32.7791666666667,44.8562822803265,2.12261869867206
"CASEKEENUM","Case Keenum","QB","HOU",299,44.7908715229543,NA,NA,NA,52.58,0.56,52.58,38.34,NA,36.015,44.7908715229543,4.76756957177582
"LATAVIUSMURRAY","Latavius Murray","RB","OAK",300,44.7406037373837,67.875,37.95,65.55,52.9125,29,NA,48.3,14.8275,45.1164285714286,44.7406037373837,9.58665141059538
"KESHAWNMARTIN","Keshawn Martin","WR","HOU",301,44.187342910263,44.875,36.875,NA,39.7875,39.775,36.5,73.125,52.9,46.1925,44.187342910263,8.7639757686967
"ROBERTTURBIN","Robert Turbin","RB","SEA",302,44.0824426274797,64.225,28.7,24.725,44.76,51.875,39.975,61.475,24.05,42.135625,44.0824426274797,9.3199552626923
"ANDRECALDWELL","Andre Caldwell","WR","DEN",303,43.9806587575324,68.75,NA,NA,42.2375,38.4,42.5,35.625,NA,45.5475,43.9806587575324,5.94895246056251
"KEVINOGLETREE","Kevin Ogletree","WR","DET",304,43.9125,51.75,NA,NA,46.25,49.2,NA,NA,NA,49.1,43.9125,4.52087872154459
"LOUISMURPHY","Louis Murphy","WR","TB",305,43.8250868690877,52.25,38.625,NA,45.4375,11.475,NA,NA,47.475,39.1991666666667,43.8250868690877,6.2166696541575
"CHRISPOLK","Chris Polk","RB","PHI",306,43.6319622353464,69.425,37.675,35.55,52.4675,43,50.1,44.675,34.6875,45.71,43.6319622353464,10.8557120558496
"SANTANAMOSS","Santana Moss","WR","WAS",307,43.5921223481842,61.75,41.625,NA,44.4875,48.7,24.375,43.5,NA,43.6229166666667,43.5921223481842,7.44168803329183
"BRIANHOYER","Brian Hoyer","QB","CLE",308,43.5381613343186,32.56,19.68,38.8,47.846,14.8,116.8,88.9,NA,50.2265714285714,43.5381613343186,9.79389752098695
"DARRIUSHEYWARDBEY","Darrius Heyward-Bey","WR","PIT",309,43.53125,NA,40,NA,57.625,22.25,NA,57.825,NA,44.4833333333333,43.53125,6.21878555756257
"FOZZYWHITTAKER","Fozzy Whittaker","RB",NA,310,43.375,NA,NA,NA,NA,NA,NA,43.375,NA,43.375,43.375,0.652311383066319
"JARIUSWRIGHT","Jarius Wright","WR","MIN",311,43.0872165422665,55.125,34.25,NA,35.7375,88.3,9.5,64.5,14.275,43.5439285714286,43.0872165422665,7.68865814554033
"ARRELIOUSBENN","Arrelious Benn","WR","PHI",312,43.025,49,NA,NA,37.05,NA,NA,NA,NA,43.025,43.025,2.96326286358351
"JOHNCARLSON","John Carlson","TE","ARI",313,42.9373427237931,NA,61.75,NA,43.725,17.875,28.375,53,48.025,42.005,42.9373427237931,7.6415953372537
"DANIELTHOMAS","Daniel Thomas","RB","MIA",314,42.6124979075519,47.175,36,32.45,33.8375,60.65,NA,58.775,NA,44.5645833333333,42.6124979075519,6.92883534014049
"BENJAMINWATSON","Benjamin Watson","TE","NO",315,42.55,NA,NA,NA,36.525,NA,NA,NA,48.575,42.55,42.55,3.09484406718894
"EDDICKSON","Ed Dickson","TE","CAR",316,42.465625,63.375,51.5,NA,45.4875,31.25,9.625,40.875,31.875,39.1410714285714,42.465625,8.06447712907726
"JAREDABBREDERIS","Jared Abbrederis","WR","GB",317,42.33125,48.375,NA,NA,36.2875,NA,NA,NA,NA,42.33125,42.33125,2.90290937469598
"STEDMANBAILEY","Stedman Bailey","WR","STL",318,41.70625,NA,NA,NA,44,25.425,NA,NA,47.9,39.1083333333333,41.70625,4.03047867540931
"MIKEJAMES","Mike James","RB","TB",319,41.5190100642089,48.8,34.5,51.75,42.69,24.95,41.275,58.425,8.6925,38.6978125,41.5190100642089,8.60939531655674
"ROBERTHERRON","Robert Herron","WR","TB",320,41.4754323282745,60.125,44.5,NA,52.3125,21.375,NA,NA,21.6,39.9825,41.4754323282745,6.65702525438513
"DRIARCHER","Dri Archer","RB","PIT",321,40.8995973099475,53.4,56.1,NA,48.24,15.625,29.6,31.175,33.6,32.9925,40.8995973099475,8.17782362701791
"JONBALDWIN","Jon Baldwin","WR","SF",322,40.73125,47.5,NA,NA,35.925,NA,NA,42.375,NA,41.9333333333333,40.73125,3.60498530186521
"JOSEPHFAURIA","Joseph Fauria","TE","DET",323,40.3749536892128,62.875,28,NA,39.975,81.375,23.875,NA,28.275,43.8925,40.3749536892128,7.13231055889889
"TIMWRIGHT","Tim Wright","TE","TB",324,40.0396913899114,NA,NA,NA,61.425,38.7,29.25,NA,40.575,42.4875,40.0396913899114,5.97453137954733
"TJGRAHAM","T.J. Graham","WR","BUF",325,39.8526066899893,49.375,20.5,NA,33.3875,36.5,24.225,62.725,NA,38.0854166666667,39.8526066899893,5.67116915426152
"DEVIERPOSEY","DeVier Posey","WR","HOU",326,39.7681516656737,53.125,58.875,NA,44.6375,32.075,11.125,41.25,23.225,33.0223958333333,39.7681516656737,7.83016497659577
"MATTASIATA","Matt Asiata","RB","MIN",327,39.708125,57.225,17.8,33,37.5125,53.35,NA,54.275,21.8325,39.1921428571429,39.708125,7.17378199406232
"BRANDONLLOYD","Brandon Lloyd","WR","SF",328,39.63125,50.875,53.5,NA,26.65,27.5,NA,NA,NA,39.63125,39.63125,4.38326239660574
"JALENSAUNDERS","Jalen Saunders","WR","NYJ",329,39.484375,53.75,40.75,NA,38.6875,NA,13,NA,NA,36.546875,39.484375,4.63575158016653
"JEFFJANIS","Jeff Janis","WR","GB",330,39.41875,44.875,NA,NA,33.9625,NA,NA,NA,NA,39.41875,39.41875,2.69184258787317
"DONTEMONCRIEF","Donte Moncrief","WR","IND",331,39.3128056345263,64.75,29.25,NA,36.9125,NA,7.25,76.625,18.8,38.93125,39.3128056345263,6.26015918238573
"DENARDROBINSON","Denard Robinson","WR","JAX",332,38.9595972711365,63.725,34.375,23.75,54.5875,14,76.875,NA,17.8625,39.745,38.9595972711365,8.73392859913662
"QUINTONPATTON","Quinton Patton","WR","SF",333,38.1125,64.75,NA,NA,33.5,2.55,NA,47.65,NA,37.2541666666667,38.1125,3.91574384237344
"CLAYHARBOR","Clay Harbor","TE","JAC",334,37.6501820044093,50.875,NA,NA,37.95,39,32.5,NA,24.95,36.875,37.6501820044093,4.96824098242331
"KEVINNORWOOD","Kevin Norwood","WR","SEA",335,37.5,44.875,NA,NA,30.125,NA,NA,NA,NA,37.5,37.5,2.45213059307628
"GRIFFWHALEN","Griff Whalen","WR","IND",336,37.328125,NA,NA,NA,30.1875,63.875,NA,36.625,NA,43.5625,37.328125,3.34150322715595
"DAVIDAUSBERRY","David Ausberry","TE","OAK",337,37.1554381651404,NA,32.625,NA,28.25,88.75,NA,NA,38.45,47.01875,37.1554381651404,4.89548343336929
"ALDRICKROBINSON","Aldrick Robinson","WR","WAS",338,36.125,NA,30.875,NA,31.625,43.625,NA,46.6,NA,38.23125,36.125,4.18416868120227
"BRYCEBROWN","Bryce Brown","RB","BUF",339,35.988414163224,56.3,21.2,44.125,36.09,36.75,34.075,47.9,34.3625,37.9503125,35.988414163224,8.1043338474521
"MARCUSLATTIMORE","Marcus Lattimore","RB","SF",340,35.9653833451748,57.85,51.675,19.55,39.4775,6.775,NA,59.525,21.4125,36.5878571428571,35.9653833451748,7.31489054375737
"JURONCRINER","Juron Criner","WR","OAK",341,35.859375,51,NA,NA,28.9375,NA,NA,34.75,NA,38.2291666666667,35.859375,3.07500829449447
"BRUCEELLINGTON","Bruce Ellington","WR","SF",342,35.4375,NA,NA,NA,35.4375,NA,NA,51.375,NA,28.9375,35.4375,2.84370678840548
"CHRISOWUSU","Chris Owusu","WR","TB",343,35.1417000609889,NA,19.125,NA,28.1875,26.45,62.875,38,NA,34.9375,35.1417000609889,4.31221993518875
"WESTONDRESSLER","Weston Dressler","WR","KC",344,35.04375,NA,39.875,NA,30.2125,NA,NA,NA,NA,35.04375,35.04375,2.76013609598533
"JOHNBROWN","John Brown","WR","ARI",345,35.0370113334126,64.75,37.25,NA,34.4,NA,22,NA,26.415,30.8733333333333,35.0370113334126,5.27812538462257
"DAMIANWILLIAMS","Damian Williams","WR","MIA",346,35.0358608946796,53.875,31.375,NA,40.5375,10.625,20,NA,NA,31.2825,35.0358608946796,4.81441693050516
"MIKELLESHOURE","Mikel Leshoure","RB","DET",347,35.0250965846339,43.05,NA,NA,24.5575,66.45,11.775,45.2,23.2375,30.0785714285714,35.0250965846339,4.77886170701214
"ISAIAHCROWELL","Isaiah Crowell","RB","CLE",348,34.5008020211397,55.95,25.625,29.4,38.7875,NA,NA,NA,24.975,29.0929166666667,34.5008020211397,5.26176427894723
"TONYMOEAKI","Tony Moeaki","TE","BUF",349,34.3309250406593,NA,NA,NA,28.8375,39.125,9.625,50.875,NA,32.115625,34.3309250406593,3.24713349068708
"DUJUANHARRIS","DuJuan Harris","RB","GB",350,34.2066880058934,32.05,43.575,NA,28.9375,43.025,NA,NA,NA,29.3675,34.2066880058934,4.1467802661798
"JOSHHUFF","Josh Huff","WR","PHI",351,34.1248697833124,NA,40.25,NA,29.375,25.925,NA,36.375,23.75,31.175,34.1248697833124,4.36505814519808
"JONATHANDWYER","Jonathan Dwyer","RB","ARI",352,34.0386566586149,43.275,22.75,70.175,28.4775,31.625,16.975,41.6,28.1,35.0346875,34.0386566586149,7.08835885711306
"MIKEGLENNON","Mike Glennon","QB","TB",353,33.9683355141382,18.04,34.08,31.94,28.476,53.22,38.42,36.62,75.48,38.9845,33.9683355141382,8.08049475888851
"WILLISMCGAHEE","Willis McGahee","RB","CLE",354,33.875,NA,NA,NA,NA,NA,NA,33.875,NA,33.875,33.875,0.518578095567761
"BENNYCUNNINGHAM","Benny Cunningham","RB","STL",355,33.524241321875,34,14.175,24.35,29.2675,58.375,48.4,55.15,10.5225,33.7425,33.524241321875,6.50087587601377
"DARICKROGERS","Da'Rick Rogers","WR","IND",356,33.3653000406592,NA,NA,NA,30.05,19.75,33,43.6,NA,31.6,33.3653000406592,3.28543127309342
"KYLEWILLIAMS","Kyle Williams","WR","KC",357,32.925,47.5,NA,NA,35.925,8.25,NA,NA,NA,30.6416666666667,32.925,3.00349111678975
"LORENZOTALIAFERRO","Lorenzo Taliaferro","RB","BAL",358,32.7996520044231,54.825,28,22.925,41.4125,25.5,NA,NA,30.675,33.8495833333333,32.7996520044231,6.01809324730391
"LEONARDHANKERSON","Leonard Hankerson","WR","WAS",359,32.775390134053,66,22.5,NA,35.8625,43.3,9.5,19.625,26.3,31.8725,32.775390134053,5.92446456841958
"BOBBYRAINEY","Bobby Rainey","RB","TB",360,31.7310860722611,41.675,13.3,17.05,29.39,22.375,35.1,44.2,30.0125,28.8503125,31.7310860722611,5.72538327113415
"LARODSTEPHENSHOWLING","LaRod Stephens-Howling","RB","PIT",361,31.225,NA,NA,NA,NA,NA,NA,31.225,NA,31.225,31.225,0.481579617543503
"DWAYNEHARRIS","Dwayne Harris","WR","DAL",362,30.7477432334456,NA,23,NA,22.125,35.525,NA,49.8,4.4,27.13,30.7477432334456,3.31720528866083
"DREWDAVIS","Drew Davis","WR","ATL",363,30.5651042429052,46,NA,NA,24.7875,29,9.625,30.125,NA,27.7575,30.5651042429052,3.30304712874249
"JOSEPHMORGAN","Joseph Morgan","WR","NO",364,29.7,NA,NA,NA,47.675,11.725,NA,NA,NA,29.7,29.7,2.94749226837354
"DEREKCARR","Derek Carr","QB","OAK",365,29.5225303275843,22.54,70.16,NA,36.36,26.7,12,23.98,40.47,32.7014285714286,29.5225303275843,6.83502929003868
"JIMDRAY","Jim Dray","TE","CLE",366,29.403125,NA,NA,NA,20.8375,22.85,NA,43.875,NA,29.4541666666667,29.403125,2.18635332187409
"LACHESEASTRUNK","Lache Seastrunk","RB","WAS",367,29.3495606529701,26.725,54.925,23.225,40.825,8.65,NA,NA,20.175,29.0575,29.3495606529701,5.66162961582609
"JACOBTAMME","Jacob Tamme","TE","DEN",368,29.290625,NA,NA,NA,23.4125,53.625,30.25,NA,26.625,33.478125,29.290625,3.21779256721749
"RISHARDMATTHEWS","Rishard Matthews","WR","MIA",369,29.175,NA,26.5,NA,26.75,37.75,9.625,45.125,NA,29.15,29.175,3.76317356575476
"CHARLIEWHITEHURST","Charlie Whitehurst","QB","TEN",370,29.0896911134409,NA,25.54,NA,29.838,22.5,86.3,NA,13.73,34.9366,29.0896911134409,4.62619921121154
"LOGANPAULSEN","Logan Paulsen","TE","WAS",371,28.8679381651404,NA,NA,NA,30,44.375,24,NA,21.85,29.50625,28.8679381651404,3.27054487076094
"CHRISOGBONNAYA","Chris Ogbonnaya","RB","CLE",372,28.6526261390673,50.3,16.625,NA,27.3525,55.45,17.425,29.525,10.0025,25.185,28.6526261390673,4.93715724819634
"ALFREDBLUE","Alfred Blue","RB","HOU",373,28.6521925187713,35.65,26.375,NA,31.0125,9.5,NA,NA,26.8,25.8675,28.6521925187713,3.85473257427111
"TROYNIKLAS","Troy Niklas","TE","ARI",374,28.58125,NA,NA,NA,23.6375,13.875,8.625,67.5,20.325,26.6125,28.58125,3.19559124346819
"MICHAELHOOMANAWANUI","Michael Hoomanawanui","TE","NE",375,28.421875,NA,NA,NA,29.6875,28,36.625,NA,11.05,26.340625,28.421875,2.95606720133469
"JOSHMORGAN","Josh Morgan","WR","CHI",376,28.3002740945494,57.625,24.25,NA,34.5625,13.15,14.25,35.625,18.3,24.6119791666667,28.3002740945494,5.31355757749753
"PEYTONHILLIS","Peyton Hillis","RB","NYG",377,28.2946402461467,48.15,10.425,29.625,23.94,70.55,8.2,NA,15.945,29.0678571428571,28.2946402461467,4.82587250462529
"MARIONGRICE","Marion Grice","RB","SD",378,27.8325990930046,21.7,NA,NA,16.575,1,NA,55.55,NA,18.965,27.8325990930046,2.14223903212991
"JOSEPHRANDLE","Joseph Randle","RB","DAL",379,27.8068527525647,31.975,18.625,33.5,24.5175,28.875,21.525,NA,25.9875,26.395,27.8068527525647,4.60433656295919
"DARRELYOUNG","Darrel Young","RB","WAS",380,27.61875,NA,27.25,NA,31.8,NA,NA,NA,10.975,23.3416666666667,27.61875,2.74384783736394
"NICKTOON","Nick Toon","WR","NO",381,26.7292000609889,NA,NA,NA,21.85,71.475,11,26.625,NA,32.7375,26.7292000609889,2.95208189336972
"JOHNKUHN","John Kuhn","RB","GB",382,26.3051871910012,41.1,15.125,NA,23.455,NA,9.475,NA,30.855,23.957,26.3051871910012,3.21886837693245
"KIRKCOUSINS","Kirk Cousins","QB","WAS",383,26.2371375681265,32.84,22.76,35.34,26.77,8.9,25.46,40.62,13.36,25.50625,26.2371375681265,5.13526729812668
"JACKIEBATTLE","Jackie Battle","RB","TEN",384,26.1817559884636,47.975,5.4,NA,26.6875,21.2,NA,NA,NA,25.315625,26.1817559884636,2.7923929528302
"DARIUSJOHNSON","Darius Johnson","WR","ATL",385,26.15625,NA,27,NA,30.3125,30.875,NA,NA,11.325,24.878125,26.15625,3.17249336227394
"JUSTINFORSETT","Justin Forsett","RB","BAL",386,26.0169907614579,43.9,4,NA,23.95,37.25,NA,NA,NA,21.82,26.0169907614579,2.77450358801207
"DAVONEBESS","Davone Bess","WR","CLE",387,25.5,NA,NA,NA,NA,NA,NA,25.5,NA,25.5,25.5,0.402102539304508
"ZACHMETTENBERGER","Zach Mettenberger","QB","TEN",388,25.1947815498221,27.94,NA,NA,30.02,NA,NA,16.14,NA,18.525,25.1947815498221,2.41354517883417
"DEREKMOYE","Derek Moye","WR","PIT",389,24.675,NA,NA,NA,24.675,NA,NA,NA,NA,24.675,24.675,1.37115558287741
"TRAVISBENJAMIN","Travis Benjamin","WR","CLE",390,24.6374863015895,NA,33,NA,26.6875,18.65,NA,33.3,3.65,23.2925,24.6374863015895,3.30861115203282
"VANCEMCDONALD","Vance McDonald","TE","SF",391,24.554709182202,50.875,NA,NA,31.5375,13.5,10.75,NA,12.075,23.7475,24.554709182202,3.33121897699925
"ANTHONYDIXON","Anthony Dixon","RB","BUF",392,24.384375,28.125,23.2,NA,25.6625,5.925,NA,NA,NA,20.728125,24.384375,2.61274798116813
"DIONSIMS","Dion Sims","TE","MIA",393,24.359375,NA,NA,NA,31.1875,15,NA,NA,23.525,23.2375,24.359375,2.46672393687959
"THADLEWIS","Thad Lewis","QB","BUF",394,23.995,21.08,42.12,NA,NA,NA,NA,NA,12.96,25.3866666666667,23.995,1.6205647790373
"DEANTHONYTHOMAS","De'Anthony Thomas","RB","KC",395,23.8025521214526,37.925,11.6,40.8,23.135,-0.3,17.075,NA,30.155,22.7071428571429,23.8025521214526,4.0459792200424
"ANTHONYSHERMAN","Anthony Sherman","RB","KC",396,23.7019620928174,22.775,19.825,NA,21.3,NA,NA,NA,22.91,21.7025,23.7019620928174,2.54102633616242
"SEANMCGRATH","Sean McGrath","TE","KC",397,23.3125,NA,NA,NA,18.125,28.5,NA,NA,NA,23.3125,23.3125,1.42632874838876
"JEDCOLLINS","Jed Collins","RB","DET",398,23.1382750203296,29.65,11.175,NA,20.4125,NA,NA,NA,23.585,21.205625,23.1382750203296,2.38486432856621
"SHAUNHILL","Shaun Hill","QB","STL",399,22.4980330984661,29.46,21,34.44,18.722,-2.16,1.16,21.94,NA,17.5374285714286,22.4980330984661,3.10562895092886
"JAKEBALLARD","Jake Ballard","TE","ARI",400,22.425,NA,NA,NA,22.425,NA,NA,NA,NA,22.425,22.425,1.24433469107299
"KELLENCLEMENS","Kellen Clemens","QB","SDC",401,22.08,NA,NA,NA,NA,22.08,NA,NA,NA,22.08,22.08,0.351551640879393
"BRUCEMILLER","Bruce Miller","RB","SF",402,21.8857750203296,27.35,9.825,NA,22.9625,NA,NA,NA,26.34,21.619375,21.8857750203296,2.52324869553013
"JOSHBOYCE","Josh Boyce","WR","NE",403,21.8750067488419,NA,29.375,NA,19.5,17.475,NA,31.125,11.6875,18.1970833333333,21.8750067488419,2.85816191950022
"ANTHONYMCCOY","Anthony McCoy","TE","SEA",404,21.8625,NA,NA,NA,21.8625,NA,NA,NA,NA,21.8625,21.8625,1.21284913249457
"CHARLESJOHNSON","Charles Johnson","WR","CLE",405,21.7944127946974,NA,41.125,NA,22.825,NA,8,NA,NA,17.9875,21.7944127946974,2.46959167695366
"TERRELLEPRYOR","Terrelle Pryor","QB","SEA",406,21.535,NA,NA,18.98,NA,0.44,NA,33.74,NA,17.72,21.535,0.85201772853452
"STORMJOHNSON","Storm Johnson","RB","JAC",407,21.0750081469033,35.9,11.075,NA,23.4875,1.15,NA,NA,32.3625,17.2791666666667,21.0750081469033,2.89345645216099
"MATTMCGLOIN","Matt McGloin","QB","OAK",408,20.94,NA,NA,NA,NA,11.8,NA,30.08,NA,20.94,20.94,0.62930285810188
"DENNISJOHNSON","Dennis Johnson","RB","HOU",409,20.8266713406161,24.125,14.475,27.825,17.65,35,12.675,44.2,NA,25.1357142857143,20.8266713406161,3.85795304492916
"CHRISTIANPONDER","Christian Ponder","QB","MIN",410,20.73,NA,NA,NA,NA,9.4,NA,32.06,NA,20.73,20.73,0.623742955565433
"JOHNATHANFRANKLIN","Johnathan Franklin","RB","GB",411,20.5428207054287,NA,NA,30.55,14.3275,NA,12.65,32.575,17.44,17.12375,20.5428207054287,2.41912639843548
"JARONBROWN","Jaron Brown","WR","ARI",412,20.21875,NA,NA,NA,26.1875,14.25,NA,NA,NA,20.21875,20.21875,1.67392178897836
"FRANKSUMMERS","Frank Summers","RB","BUF",413,19.9758647955505,26.9,12.125,NA,19.5125,NA,NA,NA,17.955,19.123125,19.9758647955505,2.19054994637617
"ALANBONNER","Alan Bonner","WR","HOU",414,19.7875,NA,NA,NA,19.7875,NA,NA,NA,NA,19.7875,19.7875,1.09745872878341
"GREGSALAS","Greg Salas","WR","NYJ",414,19.7875,NA,NA,NA,19.7875,NA,NA,NA,NA,19.7875,19.7875,1.09745872878341
"JACOBYFORD","Jacoby Ford","WR","NYJ",416,19.675,NA,27.5,NA,25.6375,8.275,29.625,18.05,NA,21.8275,19.675,3.08712242382825
"KELLENDAVIS","Kellen Davis","TE","NYG",417,19.63125,NA,NA,NA,19.4875,7.7,25.25,NA,NA,17.6125,19.63125,1.58766660393854
"TYLERGAFFNEY","Tyler Gaffney","RB","CAR",418,19.5502365999544,19.2,NA,NA,14.4,NA,NA,32.375,NA,13.195,19.5502365999544,1.59065270929727
"MYLESWHITE","Myles White","WR","GB",419,19.28125,NA,NA,NA,20.8375,1.125,36.125,NA,NA,18.8625,19.28125,1.73897524913104
"MICHAELPRESTON","Michael Preston","WR","TEN",420,19.15625,NA,NA,NA,7.5625,30.75,NA,NA,NA,19.15625,19.15625,0.872386786122547
"GARYBARNIDGE","Gary Barnidge","TE","CLE",421,19.140625,NA,NA,NA,18.7375,16.75,9.625,NA,24.975,17.471875,19.140625,1.92974244575976
"THEORIDDICK","Theo Riddick","RB","DET",422,19.0783665527752,19.825,19,24.925,19.4125,13.1,NA,NA,17.4575,18.9333333333333,19.0783665527752,2.96052588340456
"TJJONES","T.J. Jones","WR","DET",423,18.6875,NA,37.375,NA,NA,NA,NA,NA,NA,18.6875,18.6875,0.91788217215742
"JOSHFREEMAN","Josh Freeman","QB","NYG",424,18.621,21.28,NA,NA,15.962,NA,NA,NA,NA,18.621,18.621,1.22202708073559
"DARYLRICHARDSON","Daryl Richardson","RB","NYJ",425,18.3125004321337,25,16.125,NA,16.73,12.925,6.7,46.275,NA,17.2507142857143,18.3125004321337,2.80767284359797
"ERIKLORIG","Erik Lorig","RB","NO",426,18.3125,19.075,15.7,NA,17.3875,NA,NA,NA,20.5275,18.1725,18.3125,2.07582047583202
"JOELDREESSEN","Joel Dreessen","TE","DEN",427,18.19375,NA,NA,NA,18.5625,17.725,NA,NA,NA,18.19375,18.19375,1.29011569774207
"DANESANZENBACHER","Dane Sanzenbacher","WR","CIN",428,17.859375,NA,20.875,NA,19.1875,16.875,NA,NA,14.3375,17.81875,17.859375,2.13593757977469
"MATTFLYNN","Matt Flynn","QB","GB",429,17.7945707602709,21.48,NA,NA,11.228,45.74,1.16,NA,NA,19.652,17.7945707602709,1.6617806389342
"MIKEGOODSON","Mike Goodson","RB","NYJ",430,17.541875,15.875,NA,NA,11.9175,NA,NA,32.5,NA,20.0975,17.541875,1.39609786389536
"TARVARISJACKSON","Tarvaris Jackson","QB","SEA",431,17.48,NA,NA,NA,NA,17.48,NA,NA,NA,17.48,17.48,0.289153892643299
"JASONCAMPBELL","Jason Campbell","QB","CIN",432,17.2598650141501,NA,7.04,NA,8.122,67.86,13.92,19.62,NA,23.1624,17.2598650141501,2.16374281208454
"NICKKASA","Nick Kasa","TE","OAK",433,17.14375,NA,NA,NA,21.8,0.125,22.125,NA,NA,14.6833333333333,17.14375,1.55621377793568
"JUSTINBROWN","Justin Brown","WR","PIT",434,17.0875,NA,22.375,NA,17.0875,NA,NA,NA,NA,13.1541666666667,17.0875,1.50222218980599
"RHETTELLISON","Rhett Ellison","TE","MIN",435,17.05625,NA,NA,NA,21.75,9.875,NA,NA,16.5,16.0416666666667,17.05625,1.67517548056344
"ARTHURLYNCH","Arthur Lynch","TE","MIA",436,16.875,NA,NA,NA,16.875,NA,NA,NA,NA,16.875,16.875,0.937491761954902
"RYANWHALEN","Ryan Whalen","WR","CIN",437,16.8125,NA,NA,NA,16.8125,NA,NA,NA,NA,16.8125,16.8125,0.934084426635593
"KYLEJUSZCZYK","Kyle Juszczyk","RB","BAL",438,16.7025016715873,15.875,17.025,NA,14.305,NA,6.625,NA,18.74,14.484,16.7025016715873,1.94451302196194
"TOMMYBOHANON","Tommy Bohanon","RB","NYJ",439,16.3879304473398,21.975,7.45,NA,14.7125,NA,NA,NA,18.2425,15.595,16.3879304473398,1.70452678030273
"DERRICKCOLEMAN","Derrick Coleman","RB","SEA",440,16.2875,25.55,13.05,NA,19.3,3.25,NA,NA,NA,15.2875,16.2875,1.8648941493953
"BRICEBUTLER","Brice Butler","WR","OAK",441,16.075,NA,NA,NA,25.525,6.625,NA,NA,NA,16.075,16.075,1.51936838848394
"LAVELLEHAWKINS","Lavelle Hawkins","WR","TB",442,16,NA,NA,NA,17.125,NA,14.875,NA,NA,16,16,1.17662924527576
"CORYHARKEY","Cory Harkey","TE","STL",443,15.9625,NA,NA,NA,21.1875,NA,NA,NA,10.7375,15.9625,15.9625,1.38054537120104
"MARKSANCHEZ","Mark Sanchez","QB","PHI",444,15.7502032651006,20.18,7.54,NA,12.49,1.2,8.76,37.56,NA,14.6216666666667,15.7502032651006,1.93093995443951
"SHAUNDRAUGHN","Shaun Draughn","RB","CHI",445,15.69375,21.175,15.125,NA,18.15,1.575,NA,NA,NA,14.00625,15.69375,1.75185572263405
"DIONLEWIS","Dion Lewis","RB","CLE",446,15.668607330755,25.75,NA,NA,18.5875,2,17.15,NA,8.5575,11.9575,15.668607330755,1.91660840808072
"JOSHHILL","Josh Hill","TE","NO",447,15.65,NA,NA,NA,20.375,10.25,NA,NA,14.7875,15.1375,15.65,1.5675515185988
"TANDONDOSS","Tandon Doss","WR","JAC",448,15.58125,NA,NA,NA,13.6,8,NA,33.125,NA,18.2416666666667,15.58125,1.364119678534
"WILLJOHNSON","Will Johnson","RB","PIT",449,15.475,19.125,11.875,NA,15.5,NA,NA,NA,13.15,14.9125,15.475,1.71607764780521
"ZACHSUDFELD","Zach Sudfeld","TE","NYJ",450,15.29375,NA,NA,NA,28.7125,1.875,NA,NA,NA,15.29375,15.29375,1.63091686328875
"JORDANPALMER","Jordan Palmer","QB","CHI",451,14.8883567208796,21.46,19.2,NA,20.33,6.5,NA,NA,11.5,15.798,14.8883567208796,2.30709123639588
"CYRUSGRAY","Cyrus Gray","RB","KC",452,14.86875,23.65,5.35,NA,14.5,15.975,NA,NA,NA,14.86875,14.86875,1.55078510193471
"JAMESHANNA","James Hanna","TE","DAL",453,14.75,NA,NA,NA,20.125,9.375,NA,NA,NA,14.75,14.75,1.25409500807348
"MATTSPAETH","Matt Spaeth","TE","PIT",454,14.528125,NA,NA,NA,15.125,11,NA,NA,15.0625,13.7291666666667,14.528125,1.28518265392017
"DAMARISJOHNSON","Damaris Johnson","WR","PHI",455,14.50625,NA,NA,NA,19.1,3.125,22,NA,NA,14.2416666666667,14.50625,1.44487388438614
"ARMONBINNS","Armon Binns","WR","MIA",456,14.4375,NA,NA,NA,14.4375,NA,NA,NA,NA,14.4375,14.4375,0.805393353662055
"STANLEYHAVILI","Stanley Havili","RB","IND",457,14.211875,17.9,10.4,NA,14.15,NA,NA,NA,20.9975,15.861875,14.211875,1.73471016454209
"ORSONCHARLES","Orson Charles","RB","CIN",458,14.15,14.15,NA,NA,NA,NA,NA,NA,NA,14.15,14.15,0.259461728511781
"VIRGILGREEN","Virgil Green","TE","DEN",459,13.840625,NA,NA,NA,23.6875,6.9,NA,NA,11.2875,14.025,13.840625,1.63910901445894
"CHRISTHOMPSON","Chris Thompson","RB","WAS",460,13.755,18.325,NA,NA,13.755,NA,NA,NA,NA,10.6933333333333,13.755,1.05273539937235
"BEARPASCOE","Bear Pascoe","TE","ATL",461,13.709375,NA,NA,NA,19,9.575,NA,NA,10.6875,13.1208333333333,13.709375,1.39884342013204
"CHRISGRAGG","Chris Gragg","TE","BUF",462,13.3125,NA,NA,NA,13.3125,NA,NA,NA,NA,13.3125,13.3125,0.744968286584708
"BRADIEEWING","Bradie Ewing","RB","JAX",463,13.05,NA,NA,NA,NA,NA,NA,NA,13.05,13.05,13.05,0.280288020884257
"MICHAELFORD","Michael Ford","RB","CHI",464,12.9252889083781,20.8,10,NA,15.4,1.6,NA,NA,8.3275,11.2255,12.9252889083781,1.61902391509079
"DAVIDPAULSON","David Paulson","TE","PIT",465,12.9125,NA,NA,NA,13.7625,7.125,17,NA,NA,12.6291666666667,12.9125,1.12669833866602
"ANTHONYARMSTRONG","Anthony Armstrong","WR",NA,466,12.8625,NA,NA,NA,12.8625,NA,NA,NA,NA,12.8625,12.8625,0.720893979515438
"RYANTAYLOR","Ryan Taylor","TE","GB",467,12.625,NA,NA,NA,8.375,NA,NA,NA,16.875,12.625,12.625,0.788100775155726
"KYLEORTON","Kyle Orton","QB","DAL",468,12.55,NA,NA,NA,NA,9.44,NA,15.66,NA,12.55,12.55,0.395126726226124
"RODNEYSMITH","Rodney Smith","WR","MIN",469,12.475,NA,NA,NA,12.475,NA,NA,NA,NA,12.475,12.475,0.7002070701094
"HENRYHYNOSKI","Henry Hynoski","RB","NYG",470,12.465625,19.7,4.575,NA,12.1375,NA,NA,NA,18.6,13.753125,12.465625,1.45229049232711
"MIKETHOMAS","Mike Thomas","WR","HOU",471,12.38125,NA,NA,NA,22.7125,2.05,NA,NA,NA,12.38125,12.38125,1.29086883118708
"CHRISRAINEY","Chris Rainey","RB","IND",472,12.3525,16.575,NA,NA,12.4425,7.95,NA,NA,NA,12.3225,12.3525,1.06854761017757
"AARONMELLETTE","Aaron Mellette","WR","BAL",473,12.2875,NA,NA,NA,12.2875,NA,NA,NA,NA,12.2875,12.2875,0.690211792564526
"ANTONESMITH","Antone Smith","RB","ATL",474,12.141875,4.525,NA,NA,9.8125,15.175,NA,NA,10.435,9.986875,12.141875,1.03508760708871
"CEDRICPEERMAN","Cedric Peerman","RB","CIN",475,12.0875,10.95,17.175,NA,14.0625,21.875,NA,NA,13.5625,15.525,12.0875,1.98087956553343
"STEPHENHOUSTON","Stephen Houston","RB","NEP",476,12,NA,NA,NA,NA,12,NA,NA,NA,12,12,0.215324771154599
"TAVARRESKING","Tavarres King","WR","CAR",477,11.9375,NA,NA,NA,23.875,NA,NA,NA,NA,11.9375,11.9375,1.3259023329415
"BRITTANGOLDEN","Brittan Golden","WR","ARI",478,11.8875,NA,NA,NA,15.5625,12.875,NA,NA,8.0375,12.1583333333333,11.8875,1.20347420614632
"CRAIGSTEVENS","Craig Stevens","TE","TEN",479,11.615625,NA,NA,NA,8.875,18.25,NA,NA,9.2625,12.1291666666667,11.615625,0.935716356087141
"BLAINEGABBERT","Blaine Gabbert","QB","SF",480,11.356,NA,NA,NA,9.602,-0.88,NA,37.9,NA,15.5406666666667,11.356,1.08066081079426
"MONTELLOWENS","Montell Owens","RB","DET",481,11.3,NA,NA,NA,NA,11.3,NA,NA,NA,11.3,11.3,0.205933523710428
"RYANWILLIAMS","Ryan Williams","RB","DAL",482,11.26875,20.475,NA,NA,11.4375,14,6.3,NA,NA,12.603125,11.26875,1.25969709194413
"CHASEDANIEL","Chase Daniel","QB","KC",483,11.2291554312877,NA,NA,NA,11.76,-3.24,11.76,NA,13.76,8.46,11.2291554312877,1.04398895828524
"FENDIONOBUN","Fendi Onobun","TE","CHI",484,11.125,NA,NA,NA,11.125,NA,NA,NA,NA,11.125,11.125,0.628452027601725
"CHASEFORD","Chase Ford","TE","MIN",485,11.0625,NA,NA,NA,10.625,11.5,NA,NA,NA,11.0625,11.0625,0.76358778901232
"RICARDOLOCKETTE","Ricardo Lockette","WR","SEA",486,10.7875,NA,NA,NA,10.7875,NA,NA,NA,NA,10.7875,10.7875,0.610589708830673
"DEONTETHOMPSON","Deonte Thompson","WR","BAL",487,10.76875,NA,NA,NA,10.7875,10.75,NA,NA,NA,10.76875,10.76875,0.761687338764318
"JORVORSKIELANE","Jorvorskie Lane","RB","TB",488,10.6625,17.025,4.3,NA,10.6625,NA,NA,NA,NA,10.6625,10.6625,0.966950712931862
"MIKEGILLISLEE","Mike Gillislee","RB","MIA",489,10.6312588063626,8.65,16.625,NA,8.9925,4.975,10.975,NA,20.3875,10.035,10.6312588063626,1.68098596790759
"ISAIAHPEAD","Isaiah Pead","RB","STL",490,10.5893480601175,11.2,NA,NA,8.405,4.325,NA,47.7,NA,14.326,10.5893480601175,1.41615171923445
"CLYDEGATES","Clyde Gates","WR","NYJ",491,10.5,NA,NA,NA,10.5,NA,NA,NA,NA,10.5,10.5,0.595397729313845
"KEVINDORSEY","Kevin Dorsey","WR","GB",491,10.5,NA,NA,NA,10.5,NA,NA,NA,NA,10.5,10.5,0.595397729313845
"KENJONBARNER","Kenjon Barner","RB","CAR",493,10.41875,NA,14.925,19.675,10.3875,2.275,NA,NA,12.1725,11.857,10.41875,1.56875688560751
"NAAMANROOSEVELT","Naaman Roosevelt","WR","DET",494,10.4125,NA,NA,NA,10.4125,NA,NA,NA,NA,10.4125,10.4125,0.590778475590128
"JAMESCASEY","James Casey","TE","PHI",495,10.325,NA,NA,NA,15.9,4.75,NA,NA,NA,10.325,10.325,0.952688932489878
"EDWINBAKER","Edwin Baker","RB","CLE",496,10.2685965068684,10.475,5.5,19.25,7.9875,NA,NA,NA,NA,10.803125,10.2685965068684,1.0910924581205
"LARRYDONNELL","Larry Donnell","TE","NYG",497,10.225,NA,NA,NA,11.5625,NA,NA,NA,13.225,8.2625,10.225,0.893246642746021
"CHRISHOGAN","Chris Hogan","WR","BUF",498,9.85,NA,NA,NA,9.85,NA,NA,NA,NA,9.85,9.85,0.561132168878316
"DEVINHESTER","Devin Hester","WR","ATL",499,9.64375,NA,NA,NA,19.1875,0.1,NA,NA,NA,9.64375,9.64375,1.06576967271252
"CROCKETTGILLMORE","Crockett Gillmore","TE","BAL",500,9.61875,NA,NA,NA,19.2375,NA,NA,NA,NA,9.61875,9.61875,1.06707222640915
"JALENPARMELE","Jalen Parmele","RB","ARI",501,9.58125,10.95,NA,NA,8.2125,NA,NA,NA,NA,9.58125,9.58125,0.639484307691987
"LEONWASHINGTON","Leon Washington","RB","TEN",502,9.3875,12.9,5.875,NA,9.3875,NA,NA,NA,NA,9.3875,9.3875,0.871438800028443
"DJWILLIAMS","D.J. Williams","TE","NE",503,9.3625,NA,NA,NA,9.3625,NA,17.875,NA,NA,9.07916666666667,9.3625,0.796673312909434
"JEROMEFELTON","Jerome Felton","RB","MIN",504,9.228125,14.45,6.725,NA,10.5875,NA,NA,NA,12.7375,11.125,9.228125,1.22114022419009
"JEREMYSTEWART","Jeremy Stewart","RB","OAK",505,9.205,13.075,NA,NA,9.8175,0.75,NA,NA,NA,7.88083333333333,9.205,0.767980440993711
"MICHAELCAMPANARO","Michael Campanaro","WR","BAL",506,9.1875,NA,NA,NA,9.1875,NA,NA,NA,NA,9.1875,9.1875,0.526323796503846
"MICKEYSHULER","Mickey Shuler","TE","ATL",506,9.1875,NA,NA,NA,9.1875,NA,NA,NA,NA,9.1875,9.1875,0.526323796503846
"MICHAELCOX","Michael Cox","RB","NYG",508,9.1677045150693,11.475,NA,NA,8.6125,6.675,NA,NA,NA,6.690625,9.1677045150693,0.762754571256266
"GERELLROBINSON","Gerell Robinson","TE","DEN",509,9.1,NA,NA,NA,9.1,NA,NA,NA,NA,9.1,9.1,0.521735217329478
"MARCUSTHIGPEN","Marcus Thigpen","RB","MIA",510,9.08125,NA,NA,NA,NA,11.725,NA,NA,6.4375,9.08125,9.08125,0.323617725107226
"JAMESDEVELIN","James Develin","RB","NE",511,9.04,14.575,1.875,NA,8.225,NA,NA,NA,12.085,9.19,9.04,0.961718193770025
"AJMCCARRON","A.J. McCarron","QB","CIN",512,8.89,NA,NA,NA,NA,NA,NA,17.78,NA,8.89,8.89,0.29590763098912
"JOHNPHILLIPS","John Phillips","TE","SD",513,8.84375,NA,NA,NA,9.0625,8.625,NA,NA,NA,8.84375,8.84375,0.639774243213992
"BRANDONWEEDEN","Brandon Weeden","QB","DAL",514,8.56831183485962,16.08,5.32,NA,10.14,1.7,10.24,NA,NA,8.471,8.56831183485962,1.12787790837717
"RICHARDRODGERS","Richard Rodgers","TE","GB",515,8.55,NA,NA,NA,NA,NA,NA,NA,8.55,8.55,8.55,0.202215297589532
"WESLYESAUNDERS","Weslye Saunders","TE","IND",516,8.5375,NA,NA,NA,8.5375,NA,NA,NA,NA,8.5375,8.5375,0.492285910726252
"JOEMCKNIGHT","Joe McKnight","RB","KC",517,8.50625,13.075,NA,NA,9.6625,3.425,NA,NA,NA,8.72083333333333,8.50625,0.797592702204611
"JEFFMAEHL","Jeff Maehl","WR","PHI",518,8.35,NA,NA,NA,8.35,NA,NA,NA,NA,8.35,8.35,0.482488191046627
"MICHAELEGNEW","Michael Egnew","TE","MIA",519,8.28125,NA,NA,NA,11.4375,5.125,NA,NA,NA,8.28125,8.28125,0.71701953109914
"LUKESTOCKER","Luke Stocker","TE","TB",520,8.1625,NA,NA,NA,8.1625,NA,NA,NA,NA,8.1625,8.1625,0.472699820434684
"RYANGRANT","Ryan Grant","WR","WAS",520,8.1625,NA,NA,NA,8.1625,NA,NA,NA,NA,8.1625,8.1625,0.472699820434684
"KEALOHAPILARES","Kealoha Pilares","WR","CAR",522,8.1125,NA,NA,NA,16.225,NA,NA,NA,NA,8.1125,8.1125,0.902107524635028
"WALTPOWELL","Walt Powell","WR","ARI",523,8.0375,NA,NA,NA,NA,NA,NA,NA,8.0375,8.0375,8.0375,0.19336261996682
"THADDEUSLEWIS","Thaddeus Lewis","QB","BUF",524,7.9,NA,NA,NA,7.9,4.24,7.9,NA,NA,6.68,7.9,0.631911083800787
"PATRICKDIMARCO","Patrick DiMarco","RB","ATL",525,7.80625,8.45,6.6,NA,7.525,NA,NA,NA,15.35,9.48125,7.80625,1.00295003801813
"SEYIAJIROTUTU","Seyi Ajirotutu","WR","SD",526,7.775,NA,NA,NA,15.3,0.25,NA,NA,NA,7.775,7.775,0.855520955387078
"ALVESTERALEXANDER","Alvester Alexander","RB","PIT",527,7.605625,9.25,NA,NA,6.9425,3.725,NA,NA,NA,6.63916666666667,7.605625,0.598656180133901
"TYLERCLUTTS","Tyler Clutts","RB","DAL",528,7.4625,13.675,1.25,NA,7.4625,NA,NA,NA,NA,7.4625,7.4625,0.670228736886202
"BRUCEGRADKOWSKI","Bruce Gradkowski","QB","PIT",529,7.39999905188427,NA,NA,NA,7.4,0.24,7.4,NA,12.18,6.68,7.39999905188427,0.762584208460794
"LAMICHAELJAMES","LaMichael James","RB","SF",530,7.32097104721078,10.875,NA,NA,8.1675,2.325,NA,NA,NA,5.341875,7.32097104721078,0.668540105571537
"TAYLORTHOMPSON","Taylor Thompson","TE","TEN",531,7.21875,NA,NA,NA,11.3125,3.125,NA,NA,NA,7.21875,7.21875,0.68220559222317
"ANDYTANNER","Andy Tanner","WR","NO",532,7.125,NA,NA,NA,7.125,NA,NA,NA,NA,7.125,7.125,0.418706251317303
"BRENTONBERSIN","Brenton Bersin","WR","CAR",532,7.125,NA,NA,NA,7.125,NA,NA,NA,NA,7.125,7.125,0.418706251317303
"TOMMYSTREETER","Tommy Streeter","WR","TB",532,7.125,NA,NA,NA,7.125,NA,NA,NA,NA,7.125,7.125,0.418706251317303
"TONYFIAMMETTA","Tony Fiammetta","RB","CHI",535,7.090625,14.675,5.5,NA,10.0875,2.625,NA,NA,NA,8.221875,7.090625,0.965761783614369
"ALLENREISNER","Allen Reisner","TE","MIN",536,7.0375,NA,NA,NA,7.0375,NA,NA,NA,NA,7.0375,7.0375,0.414165629446927
"DEREKANDERSON","Derek Anderson","QB","CAR",537,7.00731014911327,19.86,NA,NA,10.342,0.58,1.24,NA,NA,8.0055,7.00731014911327,0.91683638003002
"KEVINBROCK","Kevin Brock","TE","CIN",538,6.9375,NA,NA,NA,6.9375,NA,NA,NA,NA,6.9375,6.9375,0.408978830436808
"JEFFKING","Jeff King","TE","ARI",539,6.875,NA,NA,NA,NA,6.875,NA,NA,NA,6.875,6.875,0.146773792822557
"KAMARAIKEN","Kamar Aiken","WR",NA,540,6.85,NA,NA,NA,6.85,NA,NA,NA,NA,6.85,6.85,0.404442553432773
"LEESMITH","Lee Smith","TE","BUF",541,6.796875,NA,NA,NA,8.0625,5,NA,NA,8.8625,7.30833333333333,6.796875,0.696057804984775
"RUSSELLSHEPARD","Russell Shepard","WR","TB",542,6.75,NA,NA,NA,6.75,NA,NA,NA,NA,6.75,6.75,0.399260718565927
"COLLINMOONEY","Collin Mooney","RB","TEN",543,6.7,11.7,1.7,NA,6.7,NA,NA,NA,NA,6.7,6.7,0.610488792051456
"MICHAELPALMER","Michael Palmer","TE","PIT",544,6.6625,NA,NA,NA,6.6625,NA,NA,NA,NA,6.6625,6.6625,0.394728783946221
"TYRODTAYLOR","Tyrod Taylor","QB","BAL",545,6.62,NA,NA,NA,4.18,9.06,NA,NA,NA,6.62,6.62,0.389987997581954
"WILLTAUFOOU","Will Ta'ufo'ou","RB","JAC",546,6.5875,9.55,3.625,NA,6.5875,NA,NA,NA,NA,6.5875,6.5875,0.6171206628253
"NILESPAUL","Niles Paul","TE","WAS",547,6.5,NA,NA,NA,7.125,5.875,NA,NA,NA,6.5,6.5,0.499498149825001
"DAVIDJOHNSON","David Johnson","TE","SD",548,6.2875,NA,NA,NA,6.2875,NA,NA,NA,NA,6.2875,6.2875,0.375329143279657
"JACKDOYLE","Jack Doyle","TE","IND",549,6.1875,NA,NA,NA,6.1875,NA,NA,NA,NA,6.1875,6.1875,0.370162183821435
"TEVINREESE","Tevin Reese","WR","SD",549,6.1875,NA,NA,NA,6.1875,NA,NA,NA,NA,6.1875,6.1875,0.370162183821435
"JEREMYROSS","Jeremy Ross","WR","DET",551,6.1,NA,59.25,NA,6.1,NA,NA,NA,NA,21.7833333333333,6.1,1.81038133359613
"JONATHANGRIMES","Jonathan Grimes","RB","HOU",552,5.90875,8.675,NA,NA,6.5175,1.925,NA,NA,NA,5.70583333333333,5.90875,0.54261324453438
"KONRADREULAND","Konrad Reuland","TE","NYJ",553,5.875,NA,NA,NA,5.875,NA,NA,NA,NA,5.875,5.875,0.354032459339237
"LESTARJEAN","Lestar Jean","WR","MIN",554,5.76875,NA,NA,NA,11.5375,NA,NA,NA,NA,5.76875,5.76875,0.650325235574371
"DOMENIKHIXON","Domenik Hixon","WR","CHI",555,5.725,NA,NA,NA,5.725,NA,NA,NA,NA,5.725,5.725,0.346299348251307
"EVANROYSTER","Evan Royster","RB","WAS",556,5.45875,7.85,NA,NA,5.8925,8.2,NA,NA,NA,7.31416666666667,5.45875,0.58450798570135
"JAYPROSCH","Jay Prosch","RB","HOU",557,5.425,8.425,2.425,NA,5.425,NA,NA,NA,NA,5.425,5.425,0.51112907612503
"MARQUEISGRAY","MarQueis Gray","TE","CLE",558,5.1625,NA,NA,NA,5.1625,NA,NA,NA,NA,5.1625,5.1625,0.317353024700083
"DARRENFELLS","Darren Fells","TE","ARI",559,5.0625,NA,NA,NA,5.0625,NA,NA,NA,NA,5.0625,5.0625,0.312215739448106
"PATEDWARDS","Pat Edwards","WR","DET",560,4.975,NA,NA,NA,4.975,NA,NA,NA,NA,4.975,4.975,0.307722774568447
"DANTEROSARIO","Dante Rosario","TE","CHI",561,4.96875,NA,NA,NA,8.3125,1.625,NA,NA,NA,4.96875,4.96875,0.502947873414541
"DREWSTANTON","Drew Stanton","QB","ARI",562,4.92254812369622,NA,NA,NA,1.68,-0.540000000000001,1.68,NA,14.51,4.2575,4.92254812369622,0.408892182487364
"ERICWEEMS","Eric Weems","WR","CHI",563,4.765625,NA,NA,NA,7.3125,1,NA,NA,7.175,5.1625,4.765625,0.569949767205401
"BRANDONTATE","Brandon Tate","WR","CIN",564,4.20625,NA,NA,NA,5.1625,3.25,NA,NA,NA,4.20625,4.20625,0.361522323842166
"TERRENCETOLIVER","Terrence Toliver","WR","CHI",565,4.08125,NA,NA,NA,8.1625,NA,NA,NA,NA,4.08125,4.08125,0.472699820434684
"MIKEMCNEILL","Mike McNeill","TE","CAR",566,4.0625,NA,NA,NA,4.0625,NA,NA,NA,NA,4.0625,4.0625,0.260987555661643
"ANDREWSZCZERBA","Andrew Szczerba","TE","ATL",567,4.0375,NA,NA,NA,4.0375,NA,NA,NA,NA,4.0375,4.0375,0.259710217311294
"COREYFULLER","Corey Fuller","WR","DET",567,4.0375,NA,NA,NA,4.0375,NA,NA,NA,NA,4.0375,4.0375,0.259710217311294
"KASSIMOSGOOD","Kassim Osgood","WR","SF",567,4.0375,NA,NA,NA,4.0375,NA,NA,NA,NA,4.0375,4.0375,0.259710217311294
"BROCKOSWEILER","Brock Osweiler","QB","DEN",570,3.977,NA,NA,NA,2.268,6.52,3.56,NA,NA,4.116,3.977,0.30731761547662
"BRANDONBARDEN","Brandon Barden","TE","JAC",571,3.85,NA,NA,NA,3.85,NA,NA,NA,NA,3.85,3.85,0.250135407280766
"GARRETTCELEK","Garrett Celek","TE","SF",572,3.84375,NA,NA,NA,7.3125,0.375,NA,NA,NA,3.84375,3.84375,0.433585774787844
"MARVINMCNUTT","Marvin McNutt","WR","CAR",572,3.84375,NA,NA,NA,7.6875,NA,NA,NA,NA,3.84375,3.84375,0.44794442120093
"MIGUELMAYSONET","Miguel Maysonet","RB","PIT",574,3.7625,NA,4.3,NA,3.225,NA,NA,NA,NA,3.7625,3.7625,0.31542920705283
"DANHERRON","Dan Herron","RB","IND",575,3.7,NA,3.7,NA,2.78,3.7,NA,NA,NA,3.39333333333333,3.7,0.329120134409834
"ROBERTHUGHES","Robert Hughes","RB","ARI",576,3.57125,4.075,NA,NA,3.0675,NA,NA,NA,NA,3.57125,3.57125,0.269490745729058
"DANIELFELLS","Daniel Fells","TE","NYG",577,3.2875,NA,NA,NA,3.2875,NA,NA,NA,NA,3.2875,3.2875,0.221466284208361
"PHILLIPTANNER","Phillip Tanner","RB","DAL",578,3.25,NA,NA,NA,NA,3.25,NA,NA,NA,3.25,3.25,0.0985745214546796
"EMILIGWENAGU","Emil Igwenagu","TE","PHI",579,3.1,NA,NA,NA,3.1,NA,NA,NA,NA,3.1,3.1,0.211928327776548
"LONNIEPRYOR","Lonnie Pryor","RB","TB",580,3.09,NA,3.525,NA,2.655,NA,NA,NA,NA,3.09,3.09,0.268660429848921
"RICHARDGORDON","Richard Gordon","TE","KC",581,2.9125,NA,NA,NA,2.9125,NA,NA,NA,NA,2.9125,2.9125,0.202399571433091
"BRADSMITH","Brad Smith","WR","PHI",582,2.63125,NA,NA,NA,5.0625,0.2,NA,NA,NA,2.63125,2.63125,0.314926861092886
"MATTHEWMULLIGAN","Matthew Mulligan","TE","CHI",583,2.53125,NA,NA,NA,5.0625,NA,NA,NA,NA,2.53125,2.53125,0.312215739448106
"MATTMOORE","Matt Moore","QB","MIA",584,2.36204993901113,15.98,NA,NA,7.37,-2.52,2.64,NA,NA,4.9925,2.36204993901113,0.674093481872717
"SPENCERWARE","Spencer Ware","RB","SEA",585,2.24,NA,1,NA,0.75,2.975,NA,NA,12.235,4.24,2.24,0.367685709730495
"BRADYQUINN","Brady Quinn","QB","STL",586,1.98,NA,NA,NA,NA,1.98,NA,NA,NA,1.98,1.98,0.0817444489713353
"MATTHASSELBECK","Matt Hasselbeck","QB","IND",587,1.8,NA,NA,NA,1.8,3.92,1.8,NA,NA,2.50666666666667,1.8,0.223590015239836
"MICHAELHILL","Michael Hill","RB","GBP",588,1.5,NA,NA,NA,NA,1.5,NA,NA,NA,1.5,1.5,0.0753910718734119
"TEDBOLSER","Ted Bolser","TE","WAS",588,1.5,NA,NA,NA,1.5,NA,NA,NA,NA,1.5,1.5,0.130911440977457
"RICHIEBROCKEL","Richie Brockel","TE","CAR",590,1.3125,NA,NA,NA,1.3125,NA,NA,NA,NA,1.3125,1.3125,0.121460975426373
"BRADSMELLEY","Brad Smelley","TE","HOU",591,1.125,NA,NA,NA,1.125,NA,NA,NA,NA,1.125,1.125,0.112019659186842
"ERICPAGE","Eric Page","WR","TB",592,1.1125,NA,NA,NA,3.975,-1.75,NA,NA,NA,1.1125,1.1125,0.232958458010955
"DOMANIQUEDAVIS","Domanique Davis","QB","ATL",593,1.08,NA,NA,NA,1.08,NA,NA,NA,NA,1.08,1.08,0.109755104114925
"DOMINIQUEDAVIS","Dominique Davis","QB","ATL",593,1.08,NA,NA,NA,NA,NA,1.08,NA,NA,1.08,1.08,0.0704282621114771
"ALEXGREEN","Alex Green","RB","NYJ",595,0.8,NA,NA,NA,NA,0.8,NA,NA,NA,0.8,0.8,0.0661331938541139
"SCOTTTOLZIEN","Scott Tolzien","QB","GBP",596,0.78,NA,NA,NA,NA,0.78,NA,NA,NA,0.78,0.78,0.0658688131265421
"RYANMALLETT","Ryan Mallett","QB","NE",597,0.68,NA,NA,NA,0.68,0.28,0.68,NA,NA,0.546666666666667,0.68,0.10275308666678
"MARCMARIANI","Marc Mariani","WR","TEN",598,0.675,NA,NA,NA,3.475,-2.125,NA,NA,NA,0.675,0.675,0.202486657689633
"PATRICKEDWARDS","Patrick Edwards","WR","DET",599,0.5,NA,NA,NA,NA,0.5,NA,NA,NA,0.5,0.5,0.0621682414904967
"TEDDYWILLIAMS","Teddy Williams","WR","ARI",600,0.375,NA,NA,NA,NA,0.375,NA,NA,NA,0.375,0.375,0.0605166576905845
"RUSTYSMITH","Rusty Smith","QB",NA,601,0.332,NA,NA,NA,0.332,NA,NA,NA,NA,0.332,0.332,0.0721902391693447
"JONASGRAY","Jonas Gray","RB","NEP",602,0.225,NA,NA,NA,NA,0.225,NA,NA,NA,0.225,0.225,0.0585351295330838
"CIERREWOOD","Cierre Wood","RB","BAL",603,0.2,NA,NA,NA,NA,0.4,NA,NA,NA,0.2,0.2,0.0608469518795687
"JEFFTUEL","Jeff Tuel","QB","BUF",604,0.16,NA,NA,NA,NA,0.16,NA,NA,NA,0.16,0.16,0.0576765934852119
"MATTBARKLEY","Matt Barkley","QB","PHI",604,0.16,NA,NA,NA,NA,0.16,NA,NA,NA,0.16,0.16,0.0576765934852119
"JOSHVAUGHAN","Josh Vaughan","RB","ATL",606,0.1,NA,NA,NA,NA,0.1,NA,NA,NA,0.1,0.1,0.0568841663698549
"RONNIEWINGO","Ronnie Wingo","RB","BUF",606,0.1,NA,NA,NA,NA,0.1,NA,NA,NA,0.1,0.1,0.0568841663698549
"COLTMCCOY","Colt McCoy","QB","WAS",608,0.08,NA,NA,NA,NA,0.08,NA,NA,NA,0.08,0.08,0.0566200384397462
"DANORLOVSKY","Dan Orlovsky","QB","DET",609,0.04,NA,NA,NA,NA,0.04,NA,NA,NA,0.04,0.04,0.0560918042414187
"AARONMURRAY","Aaron Murray","QB","KCC",610,0,NA,NA,NA,NA,NA,NA,NA,NA,0,0,0.0555635989247207
"ANTONIOANDREWS","Antonio Andrews","RB","TEN",610,0,NA,NA,NA,NA,NA,NA,NA,NA,0,0,0.0555635989247207
"AUSTINDAVIS","Austin Davis","QB","STL",610,0,NA,NA,NA,NA,NA,NA,NA,NA,0,0,0.0555635989247207
"BENMALENA","Ben Malena","RB","DAL",610,0,NA,NA,NA,NA,NA,NA,NA,NA,0,0,0.0555635989247207
"BRADSORENSEN","Brad Sorensen","QB","SDC",610,0,NA,NA,NA,NA,NA,NA,NA,NA,0,0,0.0555635989247207
"BRANDONWILLIAMS","Brandon Williams","TE","CAR",610,0,NA,NA,NA,NA,NA,NA,NA,NA,0,0,0.0555635989247207
"BRENNANCLAY","Brennan Clay","RB","DEN",610,0,NA,NA,NA,NA,NA,NA,NA,NA,0,0,0.0555635989247207
"CHASECOFFMAN","Chase Coffman","TE","ATL",610,0,NA,NA,NA,NA,NA,NA,NA,NA,0,0,0.0555635989247207
"CHRISHARPER","Chris Harper","WR","GBP",610,0,NA,NA,NA,NA,NA,NA,NA,NA,0,0,0.0555635989247207
"COBIHAMILTON","Cobi Hamilton","WR","CIN",610,0,NA,NA,NA,NA,NA,NA,NA,NA,0,0,0.0555635989247207
"DAVIDFALES","David Fales","QB","CHI",610,0,NA,NA,NA,NA,NA,NA,NA,NA,0,0,0.0555635989247207
"DAVIDFLUELLEN","David Fluellen","RB","PHI",610,0,NA,NA,NA,NA,NA,NA,NA,NA,0,0,0.0555635989247207
"FREDDAVIS","Fred Davis","TE","WAS",610,0,NA,NA,NA,NA,NA,NA,NA,NA,0,0,0.0555635989247207
"HENRYJOSEY","Henry Josey","RB","PHI",610,0,NA,NA,NA,NA,NA,NA,NA,NA,0,0,0.0555635989247207
"JEREMIAHJOHNSON","Jeremiah Johnson","RB","DEN",610,0,NA,NA,NA,NA,NA,NA,NA,NA,0,0,0.0555635989247207
"JIMMYGAROPPOLO","Jimmy Garoppolo","QB","NEP",610,0,NA,NA,NA,NA,NA,NA,NA,NA,0,0,0.0555635989247207
"JOEBANYARD","Joe Banyard","RB","MIN",610,0,NA,NA,NA,NA,NA,NA,NA,NA,0,0,0.0555635989247207
"JOEWEBB","Joe Webb","QB","CAR",610,0,NA,NA,NA,NA,NA,NA,NA,NA,0,0,0.0555635989247207
"JORDANLYNCH","Jordan Lynch","RB","CHI",610,0,NA,NA,NA,NA,NA,NA,NA,NA,0,0,0.0555635989247207
"JORDANNORWOOD","Jordan Norwood","WR","DEN",610,0,NA,NA,NA,NA,NA,NA,NA,NA,0,0,0.0555635989247207
"JUSTINBLACKMON","Justin Blackmon","WR","JAC",610,0,NA,NA,NA,NA,NA,NA,NA,NA,0,0,0.0555635989247207
"KAPRIBIBBS","Kapri Bibbs","RB","DEN",610,0,NA,NA,NA,NA,NA,NA,NA,NA,0,0,0.0555635989247207
"KELLENMOORE","Kellen Moore","QB","DET",610,0,NA,NA,NA,NA,NA,NA,NA,NA,0,0,0.0555635989247207
"KERWYNNWILLIAMS","Kerwynn Williams","RB","SDC",610,0,NA,NA,NA,NA,NA,NA,NA,NA,0,0,0.0555635989247207
"KEVINFAULK","Kevin Faulk","RB","FA",610,0,NA,NA,NA,NA,NA,NA,NA,NA,0,0,0.0555635989247207
"LADAINIANTOMLINSON","LaDainian Tomlinson","RB","FA",610,0,NA,NA,NA,NA,NA,NA,NA,NA,0,0,0.0555635989247207
"LANDRYJONES","Landry Jones","QB","PIT",610,0,NA,NA,NA,NA,NA,NA,NA,NA,0,0,0.0555635989247207
"LUKEMCCOWN","Luke McCown","QB","NOS",610,0,NA,NA,NA,NA,NA,NA,NA,NA,0,0,0.0555635989247207
"MATTHEWTUCKER","Matthew Tucker","RB","PHI",610,0,NA,NA,NA,NA,NA,NA,NA,NA,0,0,0.0555635989247207
"MCLEODBETHELTHOMPSON","McLeod Bethel-Thompson","QB","SFO",610,0,NA,NA,NA,NA,NA,NA,NA,NA,0,0,0.0555635989247207
"MIKEKAFKA","Mike Kafka","QB","TBB",610,0,NA,NA,NA,NA,NA,NA,NA,NA,0,0,0.0555635989247207
"MIKESELLERS","Mike Sellers","RB","FA",610,0,NA,NA,NA,NA,NA,NA,NA,NA,0,0,0.0555635989247207
"RAJIONNEAL","Rajion Neal","RB","GBP",610,0,NA,NA,NA,NA,NA,NA,NA,NA,0,0,0.0555635989247207
"REXBURKHEAD","Rex Burkhead","RB","CIN",610,0,NA,NA,NA,NA,NA,NA,NA,NA,0,0,0.0555635989247207
"SAMMYMORRIS","Sammy Morris","RB","FA",610,0,NA,NA,NA,NA,NA,NA,NA,NA,0,0,0.0555635989247207
"SEANRENFREE","Sean Renfree","QB","ATL",610,0,NA,NA,NA,NA,NA,NA,NA,NA,0,0,0.0555635989247207
"THOMASJONES","Thomas Jones","RB","FA",610,0,NA,NA,NA,NA,NA,NA,NA,NA,0,0,0.0555635989247207
"TOBAISPALMER","Tobais Palmer","WR","SDC",610,0,NA,NA,NA,NA,NA,NA,NA,NA,0,0,0.0555635989247207
"TYLERBRAY","Tyler Bray","QB","KCC",610,0,NA,NA,NA,NA,NA,NA,NA,NA,0,0,0.0555635989247207
"ZACDYSERT","Zac Dysert","QB","DEN",610,0,NA,NA,NA,NA,NA,NA,NA,NA,0,0,0.0555635989247207
"ZACHLINE","Zach Line","RB","MIN",610,0,NA,NA,NA,NA,NA,NA,NA,NA,0,0,0.0555635989247207
"CURTISPAINTER","Curtis Painter","QB","NYG",651,-2.16,NA,NA,NA,NA,-2.16,NA,NA,NA,-2.16,-2.16,0.0270833746943708
"TRINDONHOLLIDAY","Trindon Holliday","WR","NYG",652,-3,NA,NA,NA,NA,-3,NA,NA,NA,-3,-3,0.0160304432757243
"RYANLINDLEY","Ryan Lindley","QB","ARI",653,-3.22,NA,NA,NA,NA,-3.22,NA,NA,NA,-3.22,-3.22,0.0131377277443221
"RYANNASSIB","Ryan Nassib","QB","NYG",654,-3.32,NA,NA,NA,NA,-3.32,NA,NA,NA,-3.32,-3.32,0.0118231450990152
"MATTSIMMS","Matt Simms","QB","NYJ",655,-4.22,NA,NA,NA,NA,-4.22,NA,NA,NA,-4.22,-4.22,0
