"name","pos","team","overallRank","pick","positionRank","projections","projectedPts_espn","projectedPts_cbs","projectedPts_nfl","projectedPts_fp","projectedPtsAvg","projectedPtsLatent","vor","sdPick","sdPts","risk","avgCost","projectedCost","inflatedCost"
"Adrian Peterson","RB","MIN",1,1.2,1,274.1675,291.7,284.7925,296.9,274.1675,286.031666666667,282.318250405691,160.755833333333,0.6,9.82509902409809,2.75099772673009,83.8,95,104
"Arian Foster","RB","HOU",2,2.75,2,261.73,276.15,271.325,325.925,261.73,283.199166666667,322.750846491812,148.318333333333,1.5,28.7271499050405,5.06469558466852,63.6,72,79
"Doug Martin","RB","TB",3,4.05,3,247.2375,242.15,256.95,255,247.2375,250.059375,241.232935045054,133.825833333333,2.45,6.88256685855649,2.61385889415583,58.9,67,73
"Aaron Rodgers","QB","GB",4,18.2,1,340.05,351.26,349.42,334.68,340.05,342.744166666667,331.801275582435,131.172,7.7,7.84138327507759,3.31449847469451,43.1,49,54
"C.J. Spiller","RB","BUF",5,7.45,4,238.7325,245.425,243.7175,252.45,238.7325,244.247916666667,233.769136906973,125.320833333333,3.5,5.67400743889772,2.59005344212167,55,62,69
"Ray Rice","RB","BAL",6,7.1,5,235.655,247.25,249.0575,238.2,235.655,242.065625,233.371749224542,122.243333333333,2.3,6.60557163026033,2.56462032268308,50.5,57,63
"Calvin Johnson","WR","DET",7,7.2,1,264.1625,285.75,272.9375,234.25,264.1625,264.083333333333,289.763166196837,119.7375,2.5,21.8916103602879,4.37654551740674,60.2,68,75
"Jamaal Charles","RB","KC",8,5.25,6,227.9925,245.15,259.7175,253.025,227.9925,245.72125,250.521606960356,114.580833333333,2.1,13.682405749112,3.37067815407814,53.7,61,67
"Alfred Morris","RB","WAS",9,12.85,7,226.5675,228.325,217.7425,229.3,226.5675,224.792083333333,215.266111907047,113.155833333333,4.15,5.28324178417003,2.61715578642421,43.3,49,54
"Marshawn Lynch","RB","SEA",10,6.6,8,222.945,242.525,249.5125,254.05,222.945,241.449791666667,246.208295148382,109.533333333333,3.05,13.7203291042586,3.48158881666878,54.1,61,67
"Trent Richardson","RB","CLE",11,10.6,9,219.88,237.85,244.7075,223.8,219.88,231.001041666667,232.461018530345,106.468333333333,3.3,11.6770552036533,3.27040495359539,43.9,50,55
"Drew Brees","QB","NO",12,21.7,2,314.88,319.5,333.618,327.68,314.88,322.752833333333,314.076482607921,106.002,8.55,8.35557305036583,3.46995734921807,36.3,41,45
"LeSean McCoy","RB","PHI",13,9.7,10,212.1375,220.125,241.12,223.625,212.1375,223.668541666667,226.021029426243,98.7258333333333,3.65,12.2299603731642,3.37435878283429,47.2,54,59
"Tom Brady","QB","NE",14,35,3,307.192,330.9,320.18,312.28,307.192,316.863,313.851695711891,98.314,10,10.3306903286599,3.86368935929576,30.2,34,38
"Matt Forte","RB","CHI",15,17.2,11,203.5675,196.3,223.9375,177.775,203.5675,199.895,214.512970084926,90.1558333333333,4.5,19.0853127430493,4.2721666458218,30.9,35,39
"Peyton Manning","QB","DEN",16,34,4,298.322,314.2,317.038,330.96,298.322,314.105,319.184370011096,89.444,11.3,13.3865993690207,4.36713658339491,24.2,28,30
"A.J. Green","WR","CIN",17,13.9,2,230.2625,236.575,237.8875,208.1,230.2625,228.689583333333,234.261827031153,85.8375,3.3,13.8112518289738,3.52025167844358,48.5,55,61
"Dez Bryant","WR","DAL",18,16.8,3,230.2175,241.925,235.9,219.5,230.2175,231.696458333333,229.377617607404,85.7925,3.9,9.54097487484901,3.08758257462724,45.7,52,57
"Jimmy Graham","TE","NO",19,19.65,1,199.2375,205.875,196.7875,197.75,199.2375,199.829166666667,189.996743663329,85.6833333333333,4.95,4.10077482516008,2.56838623892097,36.9,42,46
"Cam Newton","QB","CAR",20,39.5,5,290.37,316.92,337.35,283.52,290.37,305.873333333333,342.744166666667,81.492,10.8,24.8152493439014,5.64903157138278,29.5,34,37
"Matt Ryan","QB","ATL",21,51.15,6,289.23,307.48,298.218,266.72,289.23,289.270333333333,306.750426255734,80.352,11.1,17.4638507399333,4.82203842635278,12.6,15,16
"Colin Kaepernick","QB","SF",22,59.35,7,287.31,304.32,301.532,265.08,287.31,287.452166666667,306.978712192026,78.432,9.9,17.9398930041403,4.74327813909559,18.9,22,24
"Brandon Marshall","WR","CHI",23,16.55,4,222.6875,230.925,236.5,237.875,222.6875,231.805208333333,223.915396197916,78.2625,3.3,6.89550257263143,2.71063681865579,40.8,46,51
"Rob Gronkowski","TE","NE",24,39.25,2,191.7,200.25,178.8,170.875,191.7,185.15625,190.146305870049,78.1458333333333,13.2,13.0989563038434,4.54640478631949,16.4,19,21
"Steven Jackson","RB","ATL",25,19.55,12,190.2825,203.975,213.475,195.675,190.2825,200.601875,199.755969005708,76.8708333333334,7.7,10.1260212190755,3.58195710573139,27.2,31,34
"Chris Johnson","RB","TEN",26,22.05,13,188.195,186.3,207.2325,199.325,188.195,194.704791666667,193.922005820535,74.7833333333333,4.9,9.8329508488466,3.23383847893188,25.4,29,32
"Maurice Jones-Drew","RB","JAC",27,23.25,14,187.5825,182.2,211.92,199.675,187.5825,194.786041666667,198.877209418643,74.1708333333333,8.35,13.2479804081918,4.02028810025049,30.6,35,38
"Russell Wilson","QB","SEA",28,63.6,8,281.542,287.84,287.878,274.8,281.542,281.598333333333,270.344653462284,72.664,11.65,6.23392193299425,3.56901112237556,17.1,20,22
"Frank Gore","RB","SF",29,30.75,15,183.7,187.575,185.9825,177.45,183.7,183.151875,175.84748088188,70.2883333333333,7.55,4.44543931790399,2.90012994488794,20.2,23,25
"Julio Jones","WR","ATL",30,19.95,5,214.6125,219.775,228.2,215.9,214.6125,221.180208333333,211.233591035267,70.1875,3.6,6.1251902606504,2.65408011630798,39.3,45,49
"Demaryius Thomas","WR","DEN",31,23.1,6,214.425,216.125,226.5,145.75,214.425,200.308333333333,247.341274875184,70,3.65,37.0200339906201,6.27649002443749,34.2,39,43
"Reggie Bush","RB","DET",32,34.7,16,182.4575,176.55,204.17,220.375,182.4575,195.279791666667,208.392645553714,69.0458333333333,9.75,20.1869699491817,4.98952835169593,11.6,14,15
"Roddy White","WR","ATL",33,31.1,7,210.3375,209.25,215.55,164.5,210.3375,199.826041666667,222.884002593716,65.9125,4.8,23.7658442215399,4.85373084224726,29.3,33,37
"Stevan Ridley","RB","NE",34,25.25,17,176.705,189.325,197.8175,210.625,176.705,192.951458333333,197.788756804635,63.2933333333333,7.7,14.2753081366335,4.06770698205856,29.8,34,34
"Matthew Stafford","QB","DET",35,62.45,9,271.28,278.1,287.978,254.22,271.28,271.6195,280.194693357284,62.402,9.3,14.2121164621366,4.23962888898884,9.4,11,11
"Darren McFadden","RB","OAK",36,34.2,18,175.095,183.05,181.8575,215.775,175.095,188.444375,198.329206226097,61.6833333333334,7.9,18.2268582014519,4.5527231013796,20.8,24,24
"David Wilson","RB","NYG",37,38.1,19,174.6,176.075,182.6075,180.15,174.6,177.999791666667,169.89832197107,61.1883333333333,9.45,3.67895669936918,3.0233412256364,9.9,12,12
"Andre Johnson","WR","HOU",38,30.2,8,204.5125,212.5,216.8375,220.25,204.5125,213.358333333333,206.49289283295,60.0875,4.85,6.79396944601117,2.87246641880819,29.4,34,34
"Le'Veon Bell","RB","PIT",39,60.5,20,171.0825,143.525,160.0625,137.975,171.0825,152.719583333333,160.720166692205,57.6708333333333,17.2,15.190764258259,5.23958826113169,11,13,13
"Vincent Jackson","WR","TB",40,33.9,9,201.9875,208.75,204.1125,177.125,201.9875,197.827083333333,204.426139101819,57.5625,4.8,14.1961354042805,3.73342150552718,21.8,25,25
"Darren Sproles","RB","NO",41,46.7,21,169.4925,172.3,181.405,175.375,169.4925,174.559791666667,168.304359376408,56.0808333333333,8.4,5.10809054955959,3.07296894652796,5.3,6,6
"DeMarco Murray","RB","DAL",42,32.55,22,168.07,163.625,199.27,214.3,168.07,185.732916666667,202.755745106212,54.6583333333333,8.65,24.4861074131843,5.3695387158828,12.9,15,15
"Andrew Luck","QB","IND",43,69.05,10,261.838,277.34,291.26,324.6,261.838,287.0345,323.290238177711,52.96,12.4,26.7455048123356,6.05432290356202,8.4,10,10
"Larry Fitzgerald","WR","ARI",44,30.05,10,195.9625,199,211.0875,148.75,195.9625,188.675,215.495594924525,51.5375,7.15,27.4228406169018,5.54522484686507,34.4,39,39
"Tony Romo","QB","DAL",45,78.2,11,259.97,275.24,271.35,257.36,259.97,264.621666666667,259.983141980282,51.092,9.4,8.66042724119312,3.60090966724575,5.9,7,7
"Lamar Miller","RB","MIA",46,47.6,23,164.4075,148,188.575,194.675,164.4075,173.414375,186.668197515403,50.9958333333333,11.75,21.6631251953444,5.38648886446921,5.6,7,7
"Randall Cobb","WR","GB",47,31.25,11,194.8875,203.55,193.15,196.5,194.8875,200.946875,188.048430697082,50.4625,5.35,4.56200767891726,2.66721188695466,27.1,31,31
"Victor Cruz","WR","NYG",48,35.25,12,191.8625,178.375,203.0125,171.625,191.8625,185.96875,192.037938935435,47.4375,4.65,14.0045695667521,3.69418400576257,28.7,33,33
"Percy Harvin","WR","SEA",49,28.5,13,188.7175,208.425,175.375,147.45,188.7175,185.419375,203.019279825763,44.2925,5.35,25.59211006142,5.12916976897561,28.7,33,33
"Tony Gonzalez","TE","ATL",50,63.6,3,155.8375,155,155.2625,140.5,155.8375,151.65,150.050433927512,42.2833333333333,9.25,7.44155701673603,3.44140741143611,8.9,11,11
"Reggie Wayne","WR","IND",51,46.7,14,186,181.25,192.6375,203.75,186,190.767708333333,189.614768059783,41.575,7.6,9.75147090934662,3.52690166780274,14.5,17,17
"Jason Witten","TE","DAL",52,58.25,4,154.75,147,149.2875,136.75,154.75,146.946875,145.843664284032,41.1958333333333,10.15,7.53539132333772,3.55325973387769,9.4,11,11
"Vick Ballard","RB","IND",53,61.85,24,154.0075,147.125,157.0425,168.2,154.0075,156.152083333333,155.568317804941,40.5958333333333,9.95,8.77975571509063,3.67652037507806,3.6,5,5
"Chris Ivory","RB","NYJ",54,61.2,25,152.155,134.625,155.9075,186.45,152.155,156.809375,168.569106925857,38.7433333333333,23.7,21.5428814978212,6.71170575890008,4.7,6,6
"Robert Griffin III","QB","WAS",55,70.15,12,247.402,268.08,293.222,277.78,247.402,269.512666666667,287.819891155064,38.524,15.7,19.1801557518876,5.5385072859337,10.8,13,13
"Aaron Hernandez","TE","NE",56,50.85,5,151.8875,156,148.75,142.5,151.8875,149.617708333333,146.43992276872,38.3333333333333,9.8,5.69178295696231,3.29820550336285,14.5,17,17
"Marques Colston","WR","NO",57,42.15,15,182.3875,181.125,192.2875,125.625,182.3875,170.10625,198.64987093202,37.9625,6.15,30.2356379473517,5.76243940835961,16.7,19,19
"Ryan Mathews","RB","SD",58,55.25,26,150.745,152.75,151.1625,141.2,150.745,148.464375,145.2294913595,37.3333333333333,9.9,5.24782033125818,3.25743904103286,12,14,14
"Mike Wallace","WR","MIA",59,55.7,16,181.32,185.2,161.2625,156.125,181.32,171.374375,177.653422498089,36.895,8.45,14.4248026235774,4.16926412904127,9.4,11,11
"Jordy Nelson","WR","GB",60,42.65,17,178.3375,184.5,186.4125,162.75,178.3375,177.941666666667,179.08905291426,33.9125,6.25,10.7346256339008,3.49069694631936,16.7,19,19
"Montee Ball","RB","DEN",61,49,27,145.2125,169.95,164.3,157,145.2125,158.723958333333,159.611952748562,31.8008333333333,14.35,10.6776117755407,4.39182814742659,8.1,10,10
"Eddie Lacy","RB","GB",62,67.45,28,143.9425,155.325,150.805,165.925,143.9425,153.691041666667,153.217434597847,30.5308333333333,10.6,9.22537406084437,3.80153675445894,7,8,8
"Wes Welker","WR","DEN",63,46.4,18,172.7925,183.85,197.7875,165.625,172.7925,180.107916666667,184.879754792864,28.3675,7.3,14.0214785388941,3.99316167615647,14.8,17,17
"Dwayne Bowe","WR","KC",64,45.8,19,172.575,158.75,186.5375,146.875,172.575,165.992708333333,175.657842397709,28.15,9.45,17.1582019229629,4.60133325907178,13,15,15
"Torrey Smith","WR","BAL",65,58,20,171.595,162.65,170.5375,145.125,171.595,162.799375,166.186601309433,27.17,8.5,12.2369851568581,3.91874384358395,10.5,12,12
"Pierre Garcon","WR","WAS",66,61.05,21,169.85,148.925,184.425,171.625,169.85,168.83125,174.378956706496,25.425,8.35,14.6992541619181,4.19018622019162,5.4,7,7
"Eric Decker","WR","DEN",67,60.05,22,169.2375,158.375,182.8125,111.125,169.2375,155.245833333333,181.879262999587,24.8125,9.6,31.1557762835936,6.25681640921326,9.5,11,10
"Steve Smith","WR","CAR",68,65,23,166.295,167.925,180.7375,185.65,166.295,176.199375,173.930702047021,21.87,9.4,9.52333611341985,3.70192892339602,6.6,8,7
"Rashard Mendenhall","RB","ARI",69,76.5,29,133.9175,124.65,146.795,157.95,133.9175,140.269791666667,144.925615963278,20.5058333333333,15.6,14.5859597694438,4.98946519333619,3.7,5,4
"Vernon Davis","TE","SF",70,74.1,6,133.0875,134.125,148.2625,126.5,133.0875,135.24375,135.943681990092,19.5333333333333,10.65,9.15772954485262,3.79922146640735,5.1,6,6
"BenJarvus Green-Ellis","RB","CIN",71,70.8,30,132.7675,138.85,127.775,117.325,132.7675,128.787708333333,130.227769836099,19.3558333333333,9.45,9.10849611969507,3.65896805847277,5.1,6,6
"Antonio Brown","WR","PIT",72,63.15,24,163.6625,162.7,164.525,150.125,163.6625,160.661458333333,157.36646978408,19.2375,9.3,6.79310599523517,3.37109810565891,5.8,7,6
"Eli Manning","QB","NYG",73,93.85,13,227.75,219.58,249.458,231.44,227.75,230.865333333333,234.972177556052,18.872,11.1,12.6148228683561,4.25437108116186,3.3,4,4
"Dennis Pitta","TE","BAL",74,81.95,7,129.2375,123.75,141.8125,140.5,129.2375,133.8,133.744026239966,15.6833333333333,17.4,8.77318950933277,4.5107087892407,4.8,6,5
"Hakeem Nicks","WR","NYG",75,49,25,159.2875,146.5,176.925,157,159.2875,159.761458333333,163.141297208966,14.8625,6.9,12.625273821288,3.78488048160172,10.9,13,12
"Steve Johnson","WR","BUF",76,79.05,26,156.9125,156,169.65,162.75,156.9125,161.136458333333,157.436918156928,12.4875,10.3,6.30243318588147,3.42573066424798,3.8,5,4
"Greg Olsen","TE","CAR",77,108.5,8,125.3375,123.375,132.1875,110.25,125.3375,122.645833333333,124.042619945094,11.7833333333333,16.3,9.17235997440135,4.43415673076262,2.2,3,3
"Cecil Shorts","WR","JAC",78,84.65,27,155.8875,157.25,176.9375,115.5,155.8875,151.285416666667,169.539716123624,11.4625,9.95,25.7897518809959,5.66785134304518,4.1,5,5
"Jonathan Stewart","RB","CAR",79,82.45,31,123.87,114.4,144.93,161.6,123.87,135.758333333333,144.346349403534,10.4583333333333,9.7,21.2025297232822,5.10281444715217,3.1,4,4
"Mike Williams","WR","TB",80,98.85,28,152.375,149.25,162.0375,111.375,152.375,143.484375,157.726078890503,7.94999999999999,11.95,22.2651712673067,5.47938431760967,2.8,4,3
"James Jones","WR","GB",81,71.9,29,152.3,158,177.3125,89.5,152.3,144.136458333333,175.05251859783,7.875,13.15,38.0550182507183,7.46236425691064,6.2,7,7
"Danny Amendola","WR","NE",82,56.55,30,152.1125,138.35,167.7875,173.75,152.1125,157.958333333333,163.95035585452,7.68749999999997,12.35,15.9649909959261,4.78666297104181,11.4,13,12
"Lance Moore","WR","NO",83,100.45,31,151.0875,136.75,151.4125,116,151.0875,138.7875,147.076950634637,6.66249999999999,9.9,16.6743284472469,4.59512067512421,1.9,3,2
"Matt Schaub","QB","HOU",84,141.15,14,215.412,221.38,225.078,199,215.412,213.9925,216.877003675121,6.53400000000002,18.8,11.5217331306246,4.98938075083479,1.3,2,2
"Joe Flacco","QB","BAL",85,121.75,15,215.312,215.38,228.062,214.2,215.312,216.7385,210.793584081071,6.43400000000005,14.65,6.57130273740806,3.94473205135816,2.7,4,3
"Jermichael Finley","TE","GB",86,126.3,9,118.9625,101,118.95,112.625,118.9625,112.717708333333,114.107818062906,5.40833333333333,19.85,8.46642495758983,4.74937960147157,1.3,2,2
"Josh Gordon","WR","CLE",87,84.4,32,149.3875,142.625,160.4625,NA,149.3875,150.375,176.948731969532,4.96249999999998,14.6,9.00521550269621,4.22406228975913,2.5,3,3
"Owen Daniels","TE","HOU",88,107.8,10,118.2125,117.75,119.45,79.875,118.2125,108.713541666667,117.2335621334,4.65833333333333,17.15,19.311256365028,5.71636343954717,1.7,2,2
"Isaiah Pead","RB","STL",89,114.35,32,117.3925,118.75,107.82,101.25,117.3925,110.944791666667,112.679346363318,3.98083333333331,20.7,8.28118182361873,4.8229570694011,3.6,5,4
"Giovani Bernard","RB","CIN",90,82.1,33,117.1125,128.15,139.9075,111.675,117.1125,123.852916666667,127.167960661209,3.70083333333334,14.1,12.5091410742971,4.57822343448567,1.6,2,2
"Danario Alexander","WR","SD",91,84.05,33,148.0125,155.625,158.4125,141.5,148.0125,150.695833333333,149.245609392721,3.58749999999998,13.7,7.64766440381201,3.96426881796818,3.1,4,4
"Andy Dalton","QB","CIN",92,119.6,16,211.518,204.94,237.598,237.24,211.518,221.849,232.721024586117,2.64000000000001,14.9,17.0660991832736,5.20135849911377,2.1,3,3
"Andre Brown","RB","NYG",93,81.2,34,115.1125,116.925,143.0125,115.7,115.1125,122.379166666667,126.140335038512,1.70083333333334,8.95,13.571020748885,4.12535074461666,2.5,3,3
"Brandon Myers","TE","NYG",94,123,11,114.6625,115.625,115.3625,98.625,114.6625,111.06875,112.364618789413,1.10833333333332,17.05,8.30577422138759,4.41676311326352,1.4,2,2
"Brandon Pettigrew","TE","DET",95,135,12,114.4625,98.375,105.8,99.25,114.4625,104.138541666667,105.816832314955,0.908333333333331,14.45,7.43900457470622,4.02389745574344,1,2,2
"Denarius Moore","WR","OAK",96,114,34,145.32,138.825,141.1125,108.5,145.32,133.520208333333,141.681513774275,0.894999999999982,14.35,16.8424412293022,5.11353411865528,2.3,3,3
"Josh Freeman","QB","TB",97,136,17,208.878,210.74,235.052,242.52,208.878,222.7975,233.792318930128,0,15.75,17.0223927323198,5.29150542286485,1.2,2,2
"T.Y. Hilton","WR","IND",98,83.85,35,144.1375,150.85,161.9125,135.875,144.1375,148.502083333333,149.876491226648,-0.287499999999994,13.35,11.0070361019668,4.31831850653486,2.9,4,3
"Antonio Gates","TE","SD",99,110.15,13,113.1125,113.625,129.45,82.125,113.1125,109.578125,117.633078703904,-0.441666666666677,15.75,19.8110616591464,5.61797009335832,3.5,4,4
"Jared Cook","TE","STL",100,118.85,14,113.0875,112.75,124.4125,97.125,113.0875,111.61875,114.648403978525,-0.466666666666669,16.85,11.2098659113301,4.73432517199683,1.3,2,2
"Jeremy Maclin","WR","PHI",101,94.4,36,143.8175,136.875,157.3875,102.775,143.8175,135.79125,149.061277476737,-0.607500000000016,9.8,23.2431492146969,5.35291373599695,2.8,4,3
"Mark Ingram","RB","NO",102,88.5,35,112.5675,105.625,122.4425,122.4,112.5675,115.592083333333,116.219204691838,-0.84416666666668,11.4,8.1986926041087,3.77100474751793,2.7,4,3
"Shane Vereen","RB","NE",103,92.75,36,112.555,142.95,148.1075,107.075,112.555,127.338541666667,135.909838691316,-0.856666666666669,14.3,20.8469585486508,5.57673232836124,4.7,6,5
"Kyle Rudolph","TE","MIN",104,89.15,15,112.05,110.875,123.5,72.875,112.05,104.741666666667,114.213593613482,-1.50416666666668,14.75,22.0481386213591,5.76778606246175,3,4,4
"Philip Rivers","QB","SD",105,129.05,18,206.238,211.06,221.77,222,206.238,213.683666666667,209.939214004936,-2.63999999999999,18.45,7.89185208511495,4.52521065289116,1.7,2,2
"Ben Roethlisberger","QB","PIT",106,110.65,19,206.108,220.1,241.93,233.82,206.108,224.322833333333,232.740956143742,-2.76999999999998,15.2,15.7520001163873,5.08114161751304,2.6,3,3
"Greg Jennings","WR","MIN",107,74.4,37,139.4625,142.75,149.9125,111.5,139.4625,135.739583333333,143.516999303543,-4.96250000000003,10.65,16.8456117554889,4.69922860190624,5,6,6
"Tavon Austin","WR","STL",108,83.9,38,138.82,140.675,145.4875,153.575,138.82,147.303541666667,142.114401365688,-5.60500000000002,14.2,6.58650399649414,3.89607798573696,4.5,6,5
"Miles Austin","WR","DAL",109,88.3,39,138.6625,141,147.7,125.375,138.6625,138.017708333333,138.90418706523,-5.76250000000002,9.95,9.359194315173,3.74435425447024,3.5,4,4
"Martellus Bennett","TE","CHI",110,124.5,16,107.0875,107.625,122.7125,85.75,107.0875,105.79375,110.785928647985,-6.46666666666668,15.15,15.1989394503915,5.01079201847035,1.3,2,2
"DeSean Jackson","WR","PHI",111,88.35,40,136.7,140.625,148.9125,182.525,136.7,156.398958333333,161.258338925897,-7.72500000000002,12.85,20.8538050459822,5.41502540549097,3.9,5,4
"Anquan Boldin","WR","SF",112,93.2,41,136.2875,148.075,143.1875,71.125,136.2875,124.69375,148.980195285147,-8.13750000000002,12.5,36.0218690809254,7.1514983769374,3.4,4,4
"Sam Bradford","QB","STL",113,139.5,20,200.29,201.32,218.208,187.68,200.29,200.291166666667,205.117671843009,-8.58799999999999,17.45,12.5310968261628,4.95624426846503,1.1,2,2
"Pierre Thomas","RB","NO",114,131.05,37,104.3825,89.075,110.0175,104.675,104.3825,101.870833333333,103.817871402127,-9.02916666666668,17.65,9.02149724269758,4.56779644303548,NA,1,1
"Ryan Tannehill","QB","MIA",115,142.85,21,198.81,203.66,228.79,123.46,198.81,187.288333333333,244.707846267398,-10.068,21.75,45.4220130186528,9.28864875710019,2.7,4,3
"Ahmad Bradshaw","RB","FA/NYG",116,117.8,38,103.25,79.825,28.0625,NA,103.25,70.3291666666667,67.8833770608851,-10.1616666666667,25.2,38.4734696197696,8.86185273337439,5,6,6
"Chris Givens","WR","STL",117,132,42,133.2,143.15,130.825,76.625,133.2,121.225,139.368628730596,-11.225,12.9,30.0284517860423,6.49468924392721,1,2,2
"Michael Vick","QB","PHI",118,108.55,22,197.51,193.74,256.61,226.1,197.51,216.965,247.150489092473,-11.368,16.55,29.2333679209222,6.8106830904042,3.1,4,4
"Jordan Cameron","TE","CLE",119,150.1,17,101.0875,86.875,90.525,97,101.0875,93.7635416666667,95.2712319983556,-12.4666666666667,23.7,6.37725756595263,4.93629227323421,1,2,2
"Carson Palmer","QB","ARI",120,141.95,23,196.162,211.58,208.45,210.74,196.162,205.374666666667,200.73287262295,-12.716,17.45,7.17039255085334,4.32867584755415,1,2,2
"Jay Cutler","QB","CHI",121,132.95,24,194.482,196.84,240.982,186.88,194.482,203.237666666667,226.187953267308,-14.396,14.4,24.4954838286571,6.01506637982247,1,2,2
"Johnathan Franklin","RB","GB",122,103.3,39,98.98,130.825,99.75,101.975,98.98,107.715833333333,112.142669194385,-14.4316666666667,12.65,15.3476265808973,4.7480116156862,1.7,2,2
"DeAngelo Williams","RB","CAR",123,110.25,40,96.9125,84.775,105.1325,66.95,96.9125,88.2758333333333,93.9658970211156,-16.4991666666667,14.45,16.5899077001652,5.09517793110995,2.7,4,3
"Alex Smith","QB","KC",124,150.4,25,191.182,169.34,228.758,191.92,191.182,194.241666666667,215.802359572181,-17.696,20,24.6423868432693,6.65988282901657,1.8,3,2
"Danny Woodhead","RB","SD",125,129.9,41,95.5825,91.375,112.5675,100.725,95.5825,99.9541666666667,101.690473115424,-17.8291666666667,18,9.17164084738022,4.62459966924503,0,0,0
"Jacquizz Rodgers","RB","ATL",126,122.8,42,95.1075,94.725,97.38,106.875,95.1075,98.3802083333333,98.9495712925888,-18.3041666666667,18.8,5.69071735921755,4.3067537727299,2.3,3,3
"Emmanuel Sanders","WR","PIT",127,117.8,43,126.0575,135.025,136.4875,61.5,126.0575,114.79,136.135633069636,-18.3675,13.95,35.8097536177878,7.28917481535689,1.7,2,2
"Jermaine Gresham","TE","CIN",128,133.75,18,94.2375,84.625,95.8625,113.125,94.2375,96.6875,99.5398518695733,-19.3166666666667,26.2,11.8613649790682,5.85849423622966,1.1,2,2
"Dustin Keller","TE","MIA",129,172.7,19,93.6375,93.625,96.0875,61.875,93.6375,86.30625,91.7081315722712,-19.9166666666667,21,16.328606352554,5.7986776390433,1,2,2
"Rob Housler","TE","ARI",130,176,20,93.55,75.75,94.5375,55.625,93.55,79.7822916666667,85.9911764155577,-20.0041666666667,27.1,18.3218658501029,6.71568125297812,1,2,2
"Mikel Leshoure","RB","DET",131,99.7,43,93.3925,108.9,123.045,98.575,93.3925,105.728125,108.753611930982,-20.0191666666667,15.05,13.0769490859234,4.75116678159941,2.4,3,3
"Marcedes Lewis","TE","JAC",132,212,21,92.7125,82.5,106.1875,90.125,92.7125,92.7395833333333,95.2583036348441,-20.8416666666667,30.2,9.87339913184242,6.07406561552631,NA,1,1
"Michael Floyd","WR","ARI",133,137.2,44,122.9875,103.75,125.1,93,122.9875,111.067708333333,117.28116561848,-21.4375,16.95,15.4800657264701,5.24543759105638,1.1,2,2
"Fred Davis","TE","WAS",134,147.25,22,91.6125,93.625,104.1625,61.25,91.6125,87.6625,93.525306732907,-21.9416666666667,21.1,18.4483428569253,6.0580390203928,1,2,2
"Kendall Wright","WR","TEN",135,129,45,121.8875,135.75,127.575,32,121.8875,104.053125,133.326607794891,-22.5375,14.2,48.5367154574332,8.8071170230283,1.4,2,2
"Fred Jackson","RB","BUF",136,96.6,44,90.4325,77.45,115.2575,127.375,90.4325,102.12875,107.990737615192,-22.9791666666667,11.75,22.7638615737752,5.5153501773442,2,3,3
"Dwayne Allen","TE","IND",137,180.9,23,90.175,78.25,106.8125,83.625,90.175,89.6072916666667,92.9979027637208,-23.3791666666667,18.5,12.3971828747166,5.05824571136284,0,0,0
"Santonio Holmes","WR","NYJ",138,134.85,46,120.0875,101.25,130.3875,158,120.0875,127.20625,136.700497854717,-24.3375,14.25,23.6824576867211,5.90307559208184,1,2,2
"Zach Miller","TE","SEA",139,192,24,88.25,72.75,87.7125,73.375,88.25,80.496875,83.4799081511388,-25.3041666666667,33.1,8.61991622518262,6.25233939060174,1,2,2
"Kenny Britt","WR","TEN",140,96.5,47,118.9875,112,153.9625,129.25,118.9875,128.441666666667,134.956396959742,-25.4375,13.7,18.3632700655412,5.21872632557747,2.5,3,3
"Brian Hartline","WR","MIA",141,132.15,48,117.8625,100.125,120.8,108.5,117.8625,111.655208333333,113.657424724118,-26.5625,14.8,9.39765249388555,4.29241916866129,1.3,2,2
"Sidney Rice","WR","SEA",142,120.9,49,116.78,138.85,124.05,125.875,116.78,126.56625,126.862305269318,-27.645,12.45,9.18956870134103,4.00468342505758,2.1,3,3
"Michael Bush","RB","CHI",143,138.75,45,84.0675,86.175,87.4825,76.675,84.0675,83.375,85.2411421222385,-29.3441666666667,18.5,4.82626883144043,4.17193183785289,NA,1,1
"Ben Tate","RB","HOU",144,109.4,46,82.855,74.45,98.995,99.1,82.855,88.575,91.4396487878158,-30.5566666666667,13.45,12.2649031793977,4.47678231780433,3.2,4,4
"Bryce Brown","RB","PHI",145,102.85,47,82.1375,84.725,99.5325,77.05,82.1375,85.38625,88.3357628366113,-31.2741666666667,11.15,9.65571646314589,3.91355732747049,2.3,3,3
"Daryl Richardson","RB","STL",146,94.2,48,81.5175,103.425,80.1375,128.25,81.5175,97.9991666666667,102.888754066838,-31.8941666666667,13.9,22.6185220007851,5.73929630003812,2.1,3,3
"Delanie Walker","TE","TEN",147,207,25,80.0375,67.25,94.2125,NA,80.0375,80.2166666666667,69.6856114205015,-33.5166666666667,53.2,13.4871987918174,9.07484685295237,1,2,2
"Ryan Williams","RB","ARI",148,132.55,49,79.0425,113.425,64.8075,82.65,79.0425,84.7895833333333,89.9320270637012,-34.3691666666667,18.3,20.4672957116958,5.9805849723325,NA,1,1
"Andre Roberts","WR","ARI",149,162.6,50,109.4125,104.85,93.7875,107.125,109.4125,104.09375,104.722748068239,-35.0125,20.1,6.92599646861976,4.59706298507613,0,0,0
"Greg Little","WR","CLE",150,162.8,51,109.1575,90.475,110.5625,73.375,109.1575,96.0733333333333,102.636231981579,-35.2675,13.7,17.5836689146492,5.12745976094733,0,0,0
"Coby Fleener","TE","IND",151,187.8,26,77.6625,82.375,81.6625,72.875,77.6625,78.64375,80.6097908349353,-35.8916666666667,13.2,4.36945481915841,3.52445707558389,NA,1,1
"Bernard Pierce","RB","BAL",152,112.25,50,76.9325,71.65,100.1575,54.5,76.9325,75.6683333333333,80.4537001952527,-36.4791666666667,12.5,18.8457109399814,5.1407151126049,3.8,5,4
"Heath Miller","TE","PIT",153,144.2,27,76.4625,71.375,98.5375,63.25,76.4625,77.2145833333333,81.1996871586537,-37.0916666666667,26.9,15.1018297042665,6.31630220883101,1.7,2,2
"Joseph Randle","RB","DAL",154,142.55,51,75.6425,75.875,87.7325,47.175,75.6425,71.4645833333333,76.1881571091516,-37.7691666666667,21.4,17.2380920855529,5.94997947997018,NA,1,1
"Mike Goodson","RB","NYJ",155,139.9,52,75.175,93.675,74.3825,81.825,75.175,80.9560416666667,83.6332867705836,-38.2366666666667,19.2,8.92148352176737,4.72980391739632,NA,1,1
"Justin Blackmon","WR","JAC",156,116.65,52,105.8175,95.125,133.9875,88.75,105.8175,106.0225,112.983083465208,-38.6075,18.35,19.992798599329,5.9306401512312,2,3,3
"Marcel Reece","RB","OAK",157,143.5,53,74.755,87.05,83.0625,62.95,74.755,76.8127083333333,80.0848052996615,-38.6566666666667,16.5,10.6487965624838,4.62941557633799,NA,1,1
"Mike Tolbert","RB","CAR",158,165.7,54,74.375,72.35,91.78,17.4,74.375,63.8345833333333,70.8119719525972,-39.0366666666667,20.3,32.2523863135221,7.58439480007806,NA,1,1
"DeAndre Hopkins","WR","HOU",159,119.2,53,104.5375,100.25,129.2375,96.3,104.5375,108.539583333333,111.863430656553,-39.8875,19.2,14.8242077500508,5.42082568109964,1.1,2,2
"Robert Turbin","RB","SEA",160,146.75,55,72.8625,81.725,70.4875,57.525,72.8625,70.65,74.104414127223,-40.5491666666667,17.3,9.99737986507798,4.64281516874314,NA,1,1
"Alshon Jeffery","WR","CHI",161,129.05,54,102.6625,113.625,128.3875,92.375,102.6625,109.179166666667,113.793302213785,-41.7625,14.45,15.4223289151369,4.95849149276562,1,2,2
"Daniel Thomas","RB","MIA",162,168.9,56,71.1625,65.8,51.8925,63.1,71.1625,62.7970833333333,66.7468392294418,-42.2491666666667,21.7,8.12101094384191,4.91628091991759,NA,1,1
"Rod Streater","WR","OAK",163,171.5,55,101.4625,80.25,119.675,NA,101.4625,100.179166666667,95.5602762407287,-42.9625,23.7,19.7315142918632,6.49965211841695,NA,1,1
"Brandon LaFell","WR","CAR",164,159.5,56,100.8175,94.8,124,76,100.8175,99.1402083333333,105.707791504757,-43.6075,16.9,19.7897846517465,5.74436522735537,NA,1,1
"Brent Celek","TE","PHI",165,197.5,28,69.2125,79.75,79.125,71.25,69.2125,74.7510416666667,77.1449229761757,-44.3416666666667,23.8,5.38597111910501,4.83145155339593,1,2,2
"Ronnie Hillman","RB","DEN",166,144.85,57,69.03,75.85,93.9625,82.5,69.03,80.1689583333333,82.5882560295392,-44.3816666666667,21.4,10.6193883955637,5.17513923326327,NA,1,1
"Shonn Greene","RB","TEN",167,125.15,58,68.7925,86.375,99.8675,78.475,68.7925,82.9608333333333,85.8719231537767,-44.6191666666667,19.1,13.1359790588038,5.21198017658006,4.8,6,5
"Willis McGahee","RB","DEN",168,128.15,59,68.2325,57.8,50.43,106.675,68.2325,70.309375,73.5922451747844,-45.1791666666667,22.15,25.0169516174367,6.94469325860261,2.8,4,3
"Joel Dreessen","TE","DEN",169,NA,29,68.3625,65,71.875,48.375,68.3625,63.2364583333333,67.2005234976218,-45.1916666666667,NA,10.4045281358246,4.09206499433435,1,2,2
"Jacob Tamme","TE","DEN",170,168.3,30,66.5875,75.375,78.375,43.75,66.5875,66.021875,69.9163257580157,-46.9666666666667,52.5,15.6677693816265,9.25167015221781,NA,1,1
"Tony Scheffler","TE","DET",171,NA,31,65.3375,53.5,68.8625,82.125,65.3375,67.3729166666667,70.338624616906,-48.2166666666667,NA,11.7815644299332,4.41447953102535,NA,1,1
"Jake Locker","QB","TEN",172,166.5,26,160.47,163.1,218.252,169.8,160.47,176.713833333333,197.59680467839,-48.408,29.7,27.182952274051,8.04442781317699,NA,1,1
"Toby Gerhart","RB","MIN",173,183.2,60,63.8825,58.825,61.605,56.575,63.8825,59.946875,64.0406331547403,-49.5291666666667,9.5,3.19187338864916,2.97192295996137,NA,1,1
"Scott Chandler","TE","BUF",174,160,32,63.55,NA,77.0125,83.25,63.55,74.6041666666667,56.0896602945324,-50.0041666666667,0,10.0683937191259,2.71223495003446,0,0,0
"Isaac Redman","RB","PIT",175,170.5,61,63.155,57.975,39.3925,47.1,63.155,51.680625,56.2487058481144,-50.2566666666667,13.7,10.6935818708778,4.32084913220703,NA,1,1
"Tyler Eifert","TE","CIN",176,149,33,62.0875,78.125,84.8875,NA,62.0875,75.0333333333333,61.2586570588466,-51.4666666666667,23.85,11.710200770411,5.57742197032301,1,2,2
"Matt Flynn","QB","OAK",177,203.4,27,157.168,130.7,186.248,111.7,157.168,145.595666666667,171.164481489561,-51.71,43.5,32.4262304521098,10.2048813225279,0,0,0
"Rueben Randle","WR","NYG",178,165.5,57,92.2125,101,116.675,52.375,92.2125,90.4822916666667,99.8668418332889,-52.2125,16.3,27.3971511882014,6.56770166368375,NA,1,1
"Donald Brown","RB","IND",179,163,62,60.95,48.2,77.02,48.325,60.95,58.59875,62.119359382741,-52.4616666666667,22.7,13.6449290794541,5.67503128615038,NA,1,1
"David Ausberry","TE","OAK",180,NA,34,61,NA,52.0375,NA,61,56.51875,29.5159900771066,-52.5541666666667,NA,6.33744452638444,3.13981204121221,NA,1,1
"Mike Gillislee","RB","MIA",181,166.1,63,60.7875,51.85,63.6125,46.85,60.7875,55.55,59.8293064595676,-52.6241666666667,20.7,7.780591504935,4.76435382257278,NA,1,1
"Jacoby Jones","WR","BAL",182,149.85,58,90.4,97.3,96.2,66.625,90.4,87.83125,92.0275856873434,-54.025,14.55,14.3275575814582,4.8415359753781,1,2,2
"Jeff Cumberland","TE","NYJ",183,NA,35,58.1625,NA,68.6625,31.875,58.1625,52.9,40.5427370201157,-55.3916666666667,NA,18.9499464049374,6.09285980552007,NA,1,1
"Malcom Floyd","WR","SD",184,150,59,88.575,101,105.1625,73.75,88.575,92.121875,96.0054135440015,-55.85,21.2,14.1301700530874,5.56372544206787,1,2,2
"Robert Woods","WR","BUF",185,154.75,60,88.0375,84.65,89.7375,94.225,88.0375,89.3291666666667,89.9546626718457,-56.3875,12.6,3.98278849132949,3.41194584643762,0,0,0
"Brandon Weeden","QB","CLE",186,194.5,28,152.36,159.78,192.442,158.04,152.36,164.6305,174.153438639434,-56.518,68.5,18.1365583192255,11.3338834978289,NA,1,1
"Santana Moss","WR","WAS",187,184.8,61,87.1125,85.825,90.875,62.875,87.1125,81.6635416666667,85.6708843067241,-57.3125,4.4,12.7131017351851,3.5149753951,1,2,2
"Luke Stocker","TE","TB",188,NA,36,55.8375,56.75,43.5375,56.25,55.8375,53.09375,57.2969691972207,-57.7166666666667,NA,6.38174887863821,3.15018530970659,NA,1,1
"Nate Burleson","WR","DET",189,183.6,62,86.355,87.9,97.6,90.125,86.355,90.8475,91.3959291746634,-58.07,16.8,4.98302284428504,3.9997556348355,NA,1,1
"Aaron Dobson","WR","NE",190,133.7,63,86.2,80.75,98,70.375,86.2,83.7479166666667,87.1910226128981,-58.225,14.7,11.5025970799352,4.52763392966288,1.2,2,2
"Zac Stacy","RB","STL",191,119.7,64,54.4325,72.275,123.605,61.7,54.4325,77.8114583333333,80.7276286092351,-58.9791666666667,20.7,31.271438870997,7.51438688357896,2,3,3
"Travis Kelce","TE","KC",192,NA,37,53.6625,59.125,31.7625,NA,53.6625,48.1833333333333,38.8497913537374,-59.8916666666667,NA,14.4807648998019,5.04646103554497,NA,1,1
"Stephen Hill","WR","NYJ",193,174.4,64,84.45,88.75,88.8375,127.5,84.45,97.2760416666667,101.443215451251,-59.975,17.5,20.1812654846642,5.85744008232409,NA,1,1
"Dexter McCluster","WR","KC",194,NA,65,83.5625,73.1,71.675,36.825,83.5625,67.5697916666667,72.4200257807521,-60.8625,NA,20.3461692109965,6.41976660605895,NA,1,1
"James Casey","TE","PHI",195,NA,38,52.6625,NA,93.7375,46.975,52.6625,64.525,46.8519305553255,-60.8916666666667,NA,25.5154681435268,7.63008845994154,NA,1,1
"Ed Dickson","TE","BAL",196,NA,39,52.0125,52.625,56.7125,88.625,52.0125,62.49375,64.1593822377988,-61.5416666666667,NA,17.5453118738311,5.76398351264067,NA,1,1
"Anthony Fasano","TE","KC",197,NA,40,51.1375,NA,63.5,45.125,51.1375,53.2541666666667,39.9597954971387,-62.4166666666667,NA,9.36858391558369,3.84951258141997,NA,1,1
"Mohamed Sanu","WR","CIN",198,150.8,66,81.87,76.975,110.375,52.5,81.87,80.7441666666667,86.6553992339065,-62.555,16.1,23.7402509815433,6.11717969600971,NA,1,1
"Brian Quick","WR","STL",199,171.9,67,81.6625,83.375,84.8375,NA,81.6625,83.0083333333333,72.8091349208094,-62.7625,22.9,1.58913957327017,4.28609571896874,NA,1,1
"Joe Morgan","WR","NO",200,175.1,68,81.3925,68.975,94.7125,NA,81.3925,82.4483333333333,71.1069202313903,-63.0325,22.1,12.8713869525911,5.5172291732285,NA,1,1
"Denard Robinson","RB","JAC",201,166.95,65,49.125,22.125,61.2375,55.875,49.125,46.840625,49.2677564579992,-64.2866666666667,20.3,17.3658710280395,5.84165608315139,NA,1,1
"A.J. Jenkins","WR","SF",202,157.45,69,79.5,85.625,73.3375,NA,79.5,79.4541666666667,68.9565680992052,-64.925,15.5,6.14375953712383,3.98994386765063,NA,1,1
"Garrett Graham","TE","HOU",203,NA,41,48.2875,NA,53.3375,NA,48.2875,50.8125,25.2674209922067,-65.2666666666667,NA,3.57088924499206,2.49206031302875,NA,1,1
"Justin Hunter","WR","TEN",204,188.5,70,77.3375,71.25,82.1875,56.125,77.3375,71.5,75.4626679358499,-67.0875,12.3,11.3218032647925,4.23748923774949,NA,1,1
"Darrius Heyward-Bey","WR","IND",205,142.5,71,77.1375,86.05,112.6625,123.25,77.1375,99.9166666666667,103.450604835586,-67.2875,15.8,21.74086254422,5.84949229975234,1,2,2
"Kendall Hunter","RB","SF",206,181.3,66,44.5875,28.175,77.2075,62.7,44.5875,53.1425,53.8804725083044,-68.8241666666667,29.2,21.3465970160742,7.30513836073477,NA,1,1
"Jeremy Kerley","WR","NYJ",207,187.1,72,75.35,85.25,102.8625,44.625,75.35,77.0885416666667,82.8129075369894,-69.075,18.4,24.4116954019141,6.45355653164133,NA,1,1
"Zach Ertz","TE","PHI",208,232.5,42,44.2,63.625,30.4625,NA,44.2,46.0958333333333,35.9561778597383,-69.3541666666667,35.5,16.6623374585721,7.46283127036183,1,2,2
"LaMichael James","RB","SF",209,149,67,43.8875,53.325,82.7125,48.025,43.8875,56.8208333333333,58.7919506119349,-69.5241666666667,15.05,17.579589846372,5.27828318400544,NA,1,1
"Evan Royster","RB","WAS",210,189.3,68,43.4375,32.5,49.3925,34.3,43.4375,39.9075,44.6978391700571,-69.9741666666667,9.3,7.93181857037422,3.50440522650548,NA,1,1
"Davone Bess","WR","CLE",211,183.7,73,74.2875,77.625,76.3375,48.625,74.2875,69.0520833333333,73.3593395028317,-70.1375,25.8,13.7977825060164,6.04035739064419,NA,1,1
"Rashad Jennings","RB","OAK",212,182.3,69,42.3825,59.45,69.5125,50,42.3825,55.08625,58.0243912672022,-71.0291666666667,13.3,11.7496695875529,4.39965359124483,NA,1,1
"Golden Tate","WR","SEA",213,153.5,74,72.8925,81,105.0875,65.5,72.8925,81.3808333333333,84.8475004841691,-71.5325,12.7,17.1865413672055,4.96889394296068,1.3,2,2
"Ronnie Brown","RB","SD",214,NA,70,41.7925,47.625,43.6075,53.525,41.7925,46.4958333333333,51.2800473286815,-71.6191666666667,NA,5.19832464998741,2.8731024354049,NA,1,1
"Josh Morgan","WR","WAS",215,NA,75,71.625,69,83.05,91.375,71.625,79.0541666666667,81.1165094671861,-72.8,NA,10.3876228432367,4.08810684733366,NA,1,1
"Donnie Avery","WR","KC",216,182.9,76,70.6575,66.7,101.5375,61,70.6575,74.99625,78.7359359058052,-73.7675,23.7,18.1473915136584,6.31420159188337,NA,1,1
"Brandon Gibson","WR","MIA",217,199.8,77,70.645,69.775,87.1625,83.5,70.645,77.9264583333333,80.0724971272952,-73.78,30,8.86449104926504,5.93353952722726,NA,1,1
"Ryan Broyles","WR","DET",218,151.1,78,70.4875,75.625,91.4875,64.625,70.4875,75.4729166666667,78.5555529411982,-73.9375,19.5,11.5324745284783,5.06909057356128,1,2,2
"LaRod Stephens-Howling","RB","PIT",219,NA,71,38.9625,26.575,71.9925,NA,38.9625,45.7933333333333,33.5089734862652,-74.4491666666667,NA,23.4775792424035,7.1529441691959,NA,1,1
"Joique Bell","RB","DET",220,162.4,72,38.955,30.75,49.3325,61.425,38.955,44.890625,47.5244359452304,-74.4566666666667,36.5,13.2677834080339,7.17751145115672,NA,1,1
"Mike James","RB","TB",221,NA,73,38.875,NA,26.5925,NA,38.875,21.6058333333333,18.4341077620846,-74.5366666666667,NA,8.68503903992377,3.68946973771549,NA,1,1
"Hayden Smith","TE",NA,222,NA,43,38.8875,NA,NA,NA,38.8875,38.8875,11.9632042501999,-74.6666666666667,NA,NA,NA,NA,1,1
"William Powell","RB",NA,223,NA,74,38.575,NA,NA,NA,38.575,38.575,11.9258976221764,-74.8366666666667,NA,NA,NA,NA,1,1
"Vincent Brown","WR","SD",224,140.6,79,69.2875,52.625,96.925,44,69.2875,65.709375,70.0237429452853,-75.1375,18.15,23.3074813074222,6.29626939361569,1.1,2,2
"Markus Wheaton","WR","PIT",225,197.1,80,69.1375,44.125,88.2625,44.5,69.1375,61.4979166666667,65.6071704034958,-75.2875,32.7,21.3342704058517,7.69595703455351,NA,1,1
"Leonard Hankerson","WR","WAS",226,192.9,81,69.1175,65.1,86.4125,30.125,69.1175,62.7579166666667,67.4917389776414,-75.3075,26.5,23.5963067819945,7.26590610497576,NA,1,1
"Tom Crabtree","TE","TB",227,NA,44,38.1125,46.75,43.6625,19,38.1125,36.88125,40.6563365477429,-75.4416666666667,NA,12.4449809997177,4.569809602495,NA,1,1
"Bilal Powell","RB","NYJ",228,155.1,75,36.925,26.775,58.87,37.6,36.925,40.0425,42.8314785782404,-76.4866666666667,36.2,13.4930343140452,7.17025875304582,NA,1,1
"Justin Forsett","RB","JAC",229,177,76,36.9075,53.025,53.9625,27.325,36.9075,42.7216666666667,45.9305815273559,-76.5041666666667,4,12.9531091827406,3.49824274193656,NA,1,1
"David Paulson","TE","PIT",230,NA,45,36.7375,44.125,NA,NA,36.7375,40.43125,21.0128926665205,-76.8166666666667,NA,5.22375134601562,2.87905575446743,NA,1,1
"Luke Willson","TE",NA,231,NA,46,34.25,NA,NA,NA,34.25,34.25,11.4800083679363,-79.3041666666667,NA,NA,NA,NA,1,1
"Lance Kendricks","TE","STL",232,NA,47,34.2125,NA,36.7,61.25,34.2125,44.0541666666667,30.8306641671019,-79.3416666666667,NA,14.9438759056455,5.15489225193658,NA,1,1
"Andrew Hawkins","WR","CIN",233,NA,82,64.645,83.95,77.7,NA,64.645,76.1433333333333,62.2578851342329,-79.78,NA,9.85036843642579,3.96231595031938,NA,1,1
"John Kuhn","RB","GB",234,NA,77,33.3625,NA,46.6825,5.95,33.3625,28.665,21.6546446247963,-80.0491666666667,NA,20.7685824925535,6.5186689974106,NA,1,1
"E.J. Manuel","QB","BUF",235,179.5,29,128.502,84.62,179.312,113.64,128.502,125.210166666667,149.066790487651,-80.376,7.3,39.6334369735118,6.99150955840754,1.1,2,2
"Jon Baldwin","WR","KC",236,183.8,83,63.5875,42.25,64.5375,72.125,63.5875,60.5416666666667,63.8553673493724,-80.8375,12,12.8319222709096,4.38065383618227,NA,1,1
"Tony Moeaki","TE","KC",237,NA,48,32.6625,NA,54.9875,55.25,32.6625,47.6333333333333,33.1694172876145,-80.8916666666667,NA,12.9657863079465,4.69174916420244,NA,1,1
"Mychal Rivera","TE",NA,238,NA,49,32.625,NA,NA,NA,32.625,32.625,11.3464313050239,-80.9291666666667,NA,NA,NA,NA,1,1
"Knile Davis","RB","KC",239,195.5,78,31.8675,15.575,58.1925,52.075,31.8675,39.2608333333333,39.4899877417014,-81.5441666666667,43.5,19.478020411907,8.68905666382042,NA,1,1
"Shaun Draughn","RB","KC",240,NA,79,31.5825,58.45,39.645,26.95,31.5825,38.881875,41.8969450931231,-81.8291666666667,NA,13.8905470517123,4.90826946074574,NA,1,1
"Jason Snelling","RB","ATL",241,NA,80,31.575,35.975,41.55,34.05,31.575,35.6791666666667,41.743286314617,-81.8366666666667,NA,4.24286165223426,2.64939361882254,NA,1,1
"Domenik Hixon","WR","CAR",242,NA,84,62.1625,62,68.2,53.75,62.1625,61.528125,65.1228923156211,-82.2625,NA,5.93403297899779,3.04535865047521,NA,1,1
"Montario Hardesty","RB","CLE",243,200,81,31.1075,30.55,46.9925,33.1,31.1075,35.3541666666667,40.1693665240339,-82.3041666666667,9,7.78071306715094,3.45309313147338,NA,1,1
"Benjamin Watson","TE","NO",244,NA,50,31.1125,NA,38.6375,85.625,31.1125,51.7916666666667,31.5714898778599,-82.4416666666667,NA,29.5411110079383,8.5726386197054,NA,1,1
"Craig Stevens","TE","TEN",245,NA,51,30.75,NA,NA,66,30.75,48.375,18.2377247891807,-82.8041666666667,NA,24.9255140368258,7.49195863664294,NA,1,1
"Henry Hynoski","RB",NA,246,NA,82,30.1,NA,NA,NA,30.1,30.1,11.1756711442766,-83.3116666666667,NA,NA,NA,NA,1,1
"Jerome Simpson","WR","MIN",247,NA,85,61.0375,55.625,NA,54.375,61.0375,56.8458333333333,44.8977191514504,-83.3875,NA,3.54134067127126,2.48514191171513,NA,1,1
"Harry Douglas","WR","ATL",248,NA,86,60.93,56.9,67.25,46.375,60.93,57.9079166666667,61.7123379369825,-83.495,NA,8.76401294594358,3.70796041615948,NA,1,1
"Cordarrelle Patterson","WR","MIN",249,140.85,87,60.8675,69,93.8375,125.2,60.8675,87.8370833333333,89.2876862036626,-83.5575,17.45,28.9407106930128,6.87728951425636,2,3,3
"Spencer Ware","RB",NA,250,NA,83,29.8,NA,NA,NA,29.8,29.8,11.1583589594028,-83.6116666666667,NA,NA,NA,NA,1,1
"Dwayne Harris","WR","DAL",251,NA,88,60.2375,51.25,NA,56.375,60.2375,55.9541666666667,43.8829724472427,-84.1875,NA,4.50850469483323,2.71159036619308,NA,1,1
"Jason Avant","WR","PHI",252,NA,89,60.2125,69.875,NA,23,60.2125,50.8625,40.7288340038622,-84.2125,NA,24.750083122756,7.45088384644092,NA,1,1
"Felix Jones","RB","PHI",253,188.3,84,28.3,36.825,NA,59.025,28.3,41.3833333333333,28.9343682991018,-85.1116666666667,12.7,15.8615953905442,4.81378479840382,NA,1,1
"Christine Michael","RB","SEA",254,208,85,28.1625,29.95,45.1175,58.85,28.1625,40.52,42.0461424784512,-85.2491666666667,19.6,14.3939641574747,5.41528771626227,NA,1,1
"Christian Ponder","QB","MIN",255,209,30,123.35,162.56,202.398,143.7,123.35,156.585333333333,178.192879483596,-85.528,29,33.6505992418164,8.72313176369008,NA,1,1
"DuJuan Harris","RB","GB",256,151.1,86,27.7825,32.375,48.6075,NA,27.7825,36.0383333333333,28.0184567538712,-85.6291666666667,29.2,10.9412502142123,6.08700232373099,NA,1,1
"Charles Clay","TE","MIA",257,NA,52,27.625,NA,28.875,NA,27.625,28.25,16.6361703933633,-85.9291666666667,NA,0.883883476483184,1.86293403389849,NA,1,1
"Tiquan Underwood","WR","TB",258,NA,90,58.3625,44,NA,60.875,58.3625,54.4125,42.1435247901205,-86.0625,NA,9.10457474295203,3.78769838273807,NA,1,1
"Logan Paulsen","TE",NA,259,NA,53,27.4625,NA,NA,NA,27.4625,27.4625,11.0451182579101,-86.0916666666667,NA,NA,NA,NA,1,1
"Jacoby Ford","WR","OAK",260,232,91,58.295,70.65,65.2625,60.875,58.295,64.568125,67.0043253800208,-86.13,41,5.41352025603489,6.76236289381214,NA,1,1
"Keenan Allen","WR","SD",261,168.6,92,57.775,59.675,69.1125,NA,57.775,62.5375,49.8718362560422,-86.65,22.7,6.07200286149471,4.78848185081428,NA,1,1
"Vonta Leach","RB","BAL",262,NA,87,26.7125,NA,23.6875,22.225,26.7125,24.2083333333333,22.0666074726056,-86.6991666666667,NA,2.28863815037094,2.19183845659509,NA,1,1
"Darrel Young","RB",NA,263,NA,88,26.6,NA,NA,NA,26.6,26.6,11.0130264999039,-86.8116666666667,NA,NA,NA,NA,1,1
"John Carlson","TE","MIN",264,NA,54,26.6125,NA,NA,NA,26.6125,13.30625,11.0134542862177,-86.9416666666667,NA,NA,NA,NA,1,1
"Gavin Escobar","TE",NA,265,NA,55,26.5,NA,NA,NA,26.5,26.5,11.0096437158232,-87.0541666666667,NA,NA,NA,NA,1,1
"Brian Leonard","RB","TB",266,NA,89,25.6875,NA,41.4375,14.6,25.6875,27.2416666666667,21.7062545672267,-87.7241666666667,NA,13.4860827182445,4.8135695743005,NA,1,1
"Virgil Green","TE","DEN",267,NA,56,25.25,44,NA,NA,25.25,34.625,17.59926897567,-88.3041666666667,NA,13.2582521472478,4.76022610884049,NA,1,1
"Jonathan Dwyer","RB","PIT",268,162.1,90,24.6075,39.8,46.9925,63.3,24.6075,43.5666666666667,44.1797686284143,-88.8041666666667,18.6,16.0699679786032,5.4994198186418,NA,1,1
"Matt Spaeth","TE",NA,268,NA,57,24.75,NA,NA,NA,24.75,24.75,10.9618140670318,-88.8041666666667,NA,NA,NA,NA,1,1
"Delone Carter","RB","IND",270,NA,91,24.1825,23.6,40.7175,NA,24.1825,29.2833333333333,24.0618850710377,-89.2291666666667,NA,9.71900490019426,3.93155894423799,NA,1,1
"Cameron Morrah","TE",NA,271,NA,58,24.25,NA,NA,NA,24.25,24.25,10.9520990960868,-89.3041666666667,NA,NA,NA,NA,1,1
"Earl Bennett","WR","CHI",272,NA,93,54.6375,48.5,74.825,55.875,54.6375,58.3760416666667,61.5949564665832,-89.7875,NA,11.3770024565275,4.31975678350124,NA,1,1
"LeGarrette Blount","RB","NE",273,188.4,92,23.08,10.6,35.6575,33.275,23.08,25.4614583333333,29.1597235319476,-90.3316666666667,17.3,11.4221720378613,4.80961313559204,NA,1,1
"Brandon Bolden","RB","NE",274,203,93,22.855,18.1,26.3925,NA,22.855,22.2825,21.2494011086634,-90.5566666666667,37.7,4.1611193906608,6.24589970762306,NA,1,1
"Lance Ball","RB",NA,275,NA,94,22.375,NA,NA,NA,22.375,22.375,10.9313059169003,-91.0366666666667,NA,NA,NA,NA,1,1
"Nick Kasa","TE",NA,276,NA,59,22.425,NA,NA,NA,22.425,22.425,10.9315399606357,-91.1291666666667,NA,NA,NA,NA,1,1
"Dion Lewis","RB","CLE",277,NA,95,22.1375,33.3,NA,31.275,22.1375,28.9041666666667,23.7347228545407,-91.2741666666667,NA,5.94693110632142,3.04837857359781,NA,1,1
"Knowshon Moreno","RB","DEN",278,128.45,96,22.025,37.05,43.7425,45.375,22.025,36.9647916666667,40.0354423553429,-91.3866666666667,25.25,10.6433984576904,5.60943795164504,4.7,6,5
"Jarius Wright","WR","MIN",279,181.2,94,52.875,71.2,87.325,NA,52.875,71.4833333333333,55.4277592270495,-91.55,27.9,17.2367038128911,6.67830302515669,NA,1,1
"Jordan Reed","TE","WAS",280,NA,60,21.6625,NA,NA,75.625,21.6625,48.64375,14.2266903179136,-91.8916666666667,NA,38.1572496797791,10.5899916624916,NA,1,1
"Chris Gragg","TE",NA,281,NA,61,21.625,NA,NA,NA,21.625,21.625,10.9299022704678,-91.9291666666667,NA,NA,NA,NA,1,1
"Bruce Miller","RB",NA,282,NA,97,21.325,NA,NA,NA,21.325,21.325,10.9304469919335,-92.0866666666667,NA,NA,NA,NA,1,1
"Vance McDonald","TE","SF",283,NA,62,21.45,NA,NA,55.625,21.45,38.5375,14.6253648368176,-92.1041666666667,NA,24.1653742470503,7.31398212346794,NA,1,1
"Bernard Scott","RB","CIN",284,203.9,98,20.9,20.9,NA,13.075,20.9,17.9583333333333,19.0769136031524,-92.5116666666667,23.4,4.51776585640882,4.68498234606192,NA,1,1
"Andrew Quarless","TE",NA,285,NA,63,20.8625,NA,NA,NA,20.8625,20.8625,10.9325251876988,-92.6916666666667,NA,NA,NA,NA,1,1
"Latavius Murray","RB","OAK",286,136.6,99,20.675,18.2,NA,NA,20.675,18.9375,14.7357571026092,-92.7366666666667,14.5,1.7500892834367,3.36350967520205,NA,1,1
"Taylor Thompson","TE","TEN",287,NA,64,20.7625,40.75,NA,NA,20.7625,30.75625,16.0405567459227,-92.7916666666667,NA,14.1332967889661,4.96510604842567,NA,1,1
"Adrien Robinson","TE",NA,288,NA,65,20.625,NA,NA,NA,20.625,20.625,10.9341761865507,-92.9291666666667,NA,NA,NA,NA,1,1
"Leon Washington","RB","NE",289,NA,100,20.4125,15.1,32.675,NA,20.4125,22.6791666666667,20.356141402291,-92.9991666666667,NA,9.01362105833906,3.76640280018132,NA,1,1
"Chris Ogbonnaya","RB","CLE",290,NA,101,20.375,NA,29.7375,NA,20.375,25.05625,15.196484190338,-93.0366666666667,NA,6.62028723885905,3.20603586006803,NA,1,1
"T.J. Graham","WR","BUF",291,232.5,95,51.3875,46.7,77.0375,38.125,51.3875,53.6125,56.1553214331997,-93.0375,33.5,16.7428249557833,7.24810424375212,NA,1,1
"Jorvorski Lane","RB",NA,292,NA,102,19.8,NA,NA,NA,19.8,19.8,10.9429894445281,-93.6116666666667,NA,NA,NA,NA,1,1
"Konrad Reuland","TE",NA,293,NA,66,19.875,NA,NA,NA,19.875,19.875,10.9419907071076,-93.6791666666667,NA,NA,NA,NA,1,1
"Damian Williams","WR","TEN",294,NA,96,50.5,NA,NA,25.125,50.5,37.8125,19.9723009343304,-93.925,NA,17.9428345726086,5.85705810863996,NA,1,1
"Jeff King","TE","ARI",295,NA,67,19.5625,NA,32.75,21.75,19.5625,24.6875,21.2035760891385,-93.9916666666667,NA,7.06747612305836,3.31073912571857,NA,1,1
"Juron Criner","WR","OAK",296,NA,97,50.375,NA,71.7625,NA,50.375,40.5458333333333,29.1363695659302,-94.05,NA,15.1232462826273,5.19688941442103,NA,1,1
"Mario Manningham","WR","SF",297,191.6,98,50.3625,48,NA,69.125,50.3625,55.8291666666667,41.55900836993,-94.0625,4.3,11.5749617529966,3.37052782875708,NA,1,1
"Lex Hilliard","RB",NA,298,NA,103,19.3,NA,NA,NA,19.3,19.3,10.9506573027631,-94.1116666666667,NA,NA,NA,NA,1,1
"Kellen Davis","TE","CLE",299,NA,68,19.425,NA,NA,NA,19.425,9.7125,10.9485757280795,-94.1291666666667,NA,NA,NA,NA,1,1
"Michael Williams","TE",NA,300,NA,69,19.25,NA,NA,NA,19.25,19.25,10.9515206598599,-94.3041666666667,NA,NA,NA,NA,1,1
"Richard Gordon","TE",NA,301,NA,70,19.125,NA,NA,NA,19.125,19.125,10.95375587066,-94.4291666666667,NA,NA,NA,NA,1,1
"John Phillips","TE",NA,302,NA,71,18.8375,NA,NA,NA,18.8375,18.8375,10.9593133191159,-94.7166666666667,NA,NA,NA,NA,1,1
"Travaris Cadet","RB",NA,303,NA,104,18.675,NA,NA,NA,18.675,18.675,10.9627112774292,-94.7366666666667,NA,NA,NA,NA,1,1
"Roy Helu","RB","WAS",304,180.9,105,18.5875,25.55,52.4075,53.575,18.5875,37.4466666666667,36.9170030300108,-94.8241666666667,17.1,18.0842540856219,5.56711665603154,NA,1,1
"Cierre Wood","RB","HOU",305,NA,106,18.4,NA,NA,NA,18.4,9.2,10.9688841677412,-95.0116666666667,NA,NA,NA,NA,1,1
"Lance Dunbar","RB","DAL",306,NA,107,17.5375,23.125,NA,29.275,17.5375,23.1458333333333,20.7224377868052,-95.8741666666667,NA,5.87099597598227,3.03059938362902,NA,1,1
"Chase Coffman","TE",NA,307,NA,72,17.625,NA,NA,NA,17.625,17.625,10.9891381267511,-95.9291666666667,NA,NA,NA,NA,1,1
"Lawrence Vickers","RB",NA,308,NA,108,17.25,NA,NA,NA,17.25,17.25,11.000452842646,-96.1616666666667,NA,NA,NA,NA,1,1
"Le'Ron McClain","RB","SD",309,NA,109,17.1875,15.825,NA,11.25,17.1875,14.7541666666667,17.6035411582197,-96.2241666666667,NA,3.11022339765704,2.38420159763154,NA,1,1
"Stepfan Taylor","RB","ARI",310,193,110,17.1375,12.9,52.945,16.95,17.1375,24.8997916666667,24.7993900941075,-96.2741666666667,40.2,18.7434725721383,8.23321763984076,NA,1,1
"Quinton Patton","WR","SF",311,190.7,99,47.575,56.125,NA,56.45,47.575,53.3833333333333,40.3236357592029,-96.85,44.3,5.03278832590179,7.08763803511414,NA,1,1
"Jake Ballard","TE",NA,312,NA,73,16.675,NA,NA,NA,16.675,16.675,11.0197203303393,-96.8791666666667,NA,NA,NA,NA,1,1
"Andre Ellington","RB","ARI",313,181.5,111,16.25,26,45.625,NA,16.25,29.2916666666667,22.084535170181,-97.1616666666667,35.2,14.9615827482701,7.23010441042069,NA,1,1
"Jordan Shipley","WR","JAC",314,NA,100,47.25,61.625,65.1625,28.5,47.25,50.634375,53.5306292045963,-97.175,NA,16.6657813566951,5.55805326563031,NA,1,1
"Armando Allen","RB","CHI",315,NA,112,15.95,15.45,30.23,NA,15.95,20.5433333333333,19.1276076342153,-97.4616666666667,NA,8.39262374548826,3.62100462747828,NA,1,1
"Jed Collins","RB","NO",316,NA,113,15.875,NA,18.5925,NA,15.875,17.23375,14.0377385056794,-97.5366666666667,NA,1.92156267787444,2.10589266932577,NA,1,1
"Matt Asiata","RB",NA,316,NA,113,15.875,NA,NA,NA,15.875,15.875,11.0503901206677,-97.5366666666667,NA,NA,NA,NA,1,1
"Steve Maneri","TE",NA,318,NA,74,15.75,NA,NA,NA,15.75,15.75,11.0555883137145,-97.8041666666667,NA,NA,NA,NA,1,1
"Da'Rel Scott","RB","NYG",319,NA,115,15.57,7.25,NA,NA,15.57,11.41,12.9662370556551,-97.8416666666667,NA,5.88312841947208,3.03344003217506,NA,1,1
"Ladarius Green","TE",NA,320,NA,75,14.9125,NA,NA,NA,14.9125,14.9125,11.0932469525735,-98.6416666666667,NA,NA,NA,NA,1,1
"Julian Edelman","WR","NE",321,NA,101,45.6325,63.625,NA,48.75,45.6325,52.6691666666667,39.7119205072689,-98.7925,NA,9.61521786457974,3.90725860506367,NA,1,1
"Michael Robinson","RB","SEA",322,NA,116,14.45,NA,NA,11.85,14.45,13.15,13.4247628184929,-98.9616666666667,NA,1.83847763108502,2.08643942253687,NA,1,1
"Will Johnson","RB",NA,323,NA,117,13.875,NA,NA,NA,13.875,13.875,11.1467300193995,-99.5366666666667,NA,NA,NA,NA,1,1
"Tashard Choice","RB","BUF",324,NA,118,13.2575,9.825,NA,10.7,13.2575,10.9275,16.2554556609182,-100.154166666667,NA,1.78365203538508,2.07360274632722,NA,1,1
"Allen Reisner","TE",NA,325,NA,76,13.125,NA,NA,NA,13.125,13.125,11.1901003269155,-100.429166666667,NA,NA,NA,NA,1,1
"Jacob Hester","RB",NA,326,NA,119,12.7,NA,NA,NA,12.7,12.7,11.2164304810377,-100.711666666667,NA,NA,NA,NA,1,1
"James Hanna","TE",NA,327,NA,77,12.7375,NA,NA,NA,12.7375,12.7375,11.2140562030058,-100.816666666667,NA,NA,NA,NA,1,1
"Marcus Thigpen","RB",NA,328,NA,120,12.45,NA,NA,NA,12.45,12.45,11.2325114034411,-100.961666666667,NA,NA,NA,NA,1,1
"Erik Lorig","RB",NA,329,NA,121,12.375,NA,NA,NA,12.375,12.375,11.2374212774271,-101.036666666667,NA,NA,NA,NA,1,1
"Travis Benjamin","WR","CLE",330,NA,102,43.35,NA,NA,55.25,43.35,49.3,22.2267020226587,-101.075,NA,8.41457069611991,3.62614321093462,NA,1,1
"Mohamed Massaquoi","WR","JAC",331,NA,103,43.3375,44.375,NA,NA,43.3375,43.85625,22.9924653950928,-101.0875,NA,0.733623285481044,1.82775263013134,NA,1,1
"Michael Cox","RB",NA,332,NA,122,12.1,NA,NA,NA,12.1,12.1,11.2557621481652,-101.311666666667,NA,NA,NA,NA,1,1
"Matthew Mulligan","TE",NA,333,NA,78,12.1875,NA,NA,NA,12.1875,12.1875,11.249868803023,-101.366666666667,NA,NA,NA,NA,1,1
"Terrance Williams","WR","DAL",334,NA,104,42.9625,57.25,74.45,80.825,42.9625,64.9302083333333,64.8827148197975,-101.4625,NA,17.1304443140227,5.66684785059892,NA,1,1
"Anthony Dixon","RB",NA,335,NA,123,11.7,NA,NA,NA,11.7,11.7,11.2833879326486,-101.711666666667,NA,NA,NA,NA,1,1
"Cedric Peerman","RB",NA,336,NA,124,11.5,NA,NA,NA,11.5,11.5,11.2976222268098,-101.911666666667,NA,NA,NA,NA,1,1
"Anthony Allen","RB","BAL",337,NA,125,11.3625,7.15,NA,NA,11.3625,9.25625,12.9700189746977,-102.049166666667,NA,2.97868731574833,2.35340419229938,NA,1,1
"Michael Hoomanawanui","TE",NA,338,NA,79,11.3875,NA,NA,NA,11.3875,11.3875,11.3057524748691,-102.166666666667,NA,NA,NA,NA,1,1
"Joe McKnight","RB","NYJ",339,NA,126,11.1125,12.4,NA,35.7,11.1125,19.7375,16.1507290928329,-102.299166666667,NA,13.8389114004679,4.89617966714775,NA,1,1
"Evan Rodriguez","TE","CHI",340,NA,80,11.0625,NA,NA,8,11.0625,9.53125,12.9936270063149,-102.491666666667,NA,2.1655145173838,2.16301071308891,NA,1,1
"Rex Burkhead","RB","CIN",341,NA,127,10.825,16.25,NA,NA,10.825,13.5375,13.33565173462,-102.586666666667,NA,3.83605428793702,2.55414514320608,NA,1,1
"Nate Washington","WR","TEN",342,182.8,105,40.85,61.95,72.0625,109,40.85,71.090625,69.6239883064208,-103.575,14.6,28.49590134088,6.50580332708451,NA,1,1
"Levine Toilolo","TE",NA,343,NA,81,9.8125,NA,NA,NA,9.8125,9.8125,11.4289093417761,-103.741666666667,NA,NA,NA,NA,1,1
"Kyle Adams","TE",NA,344,NA,82,9.75,NA,NA,NA,9.75,9.75,11.4341559178068,-103.804166666667,NA,NA,NA,NA,1,1
"Lee Smith","TE",NA,345,NA,83,9.6875,NA,NA,NA,9.6875,9.6875,11.4394299288583,-103.866666666667,NA,NA,NA,NA,1,1
"D.J. Williams","TE",NA,346,NA,84,9.5,NA,NA,NA,9.5,9.5,11.4554165721377,-104.054166666667,NA,NA,NA,NA,1,1
"Alex Green","RB","GB",347,NA,128,9.245,14.65,24.1425,NA,9.245,15.9625,16.8366755410761,-104.166666666667,NA,7.54162988020494,3.42175585387945,NA,1,1
"Michael Egnew","TE",NA,348,NA,85,9.375,NA,NA,NA,9.375,9.375,11.4662115094279,-104.179166666667,NA,NA,NA,NA,1,1
"Niles Paul","TE",NA,349,NA,86,9.25,NA,NA,NA,9.25,9.25,11.4771161868014,-104.304166666667,NA,NA,NA,NA,1,1
"Kenjon Barner","RB","CAR",350,NA,129,9,NA,NA,NA,9,4.5,11.4992547617979,-104.411666666667,NA,NA,NA,NA,1,1
"Louis Murphy","WR","NYG",351,NA,106,39.875,42.1,NA,44.25,39.875,42.075,32.540197829414,-104.55,NA,2.18760714023336,2.16818340373679,NA,1,1
"Chris Polk","RB","PHI",352,NA,130,8.6375,12.375,NA,NA,8.6375,10.50625,13.0493234316648,-104.774166666667,NA,2.64281159468472,2.2747634074081,NA,1,1
"Ben Hartsock","TE",NA,353,NA,87,8.75,NA,NA,NA,8.75,8.75,11.5218322971273,-104.804166666667,NA,NA,NA,NA,1,1
"Mike McNeill","TE",NA,354,NA,88,8.625,NA,NA,NA,8.625,8.625,11.5332856749168,-104.929166666667,NA,NA,NA,NA,1,1
"Rhett Ellison","TE",NA,354,NA,88,8.625,NA,NA,NA,8.625,8.625,11.5332856749168,-104.929166666667,NA,NA,NA,NA,1,1
"Brett Brackett","TE",NA,356,NA,90,8.5,NA,NA,NA,8.5,8.5,11.5448487927895,-105.054166666667,NA,NA,NA,NA,1,1
"Tommy Gallarda","TE",NA,357,NA,91,8.375,NA,NA,NA,8.375,8.375,11.5565216507454,-105.179166666667,NA,NA,NA,NA,1,1
"Orson Charles","TE",NA,358,NA,92,8,NA,NA,NA,8,8,11.5921986651124,-105.554166666667,NA,NA,NA,NA,1,1
"Tommy Streeter","WR","BAL",359,NA,107,38.7125,48.125,NA,NA,38.7125,43.41875,22.1809715249561,-105.7125,NA,6.65564257791838,3.21431383742501,NA,1,1
"Bear Pascoe","TE",NA,360,NA,93,7.75,NA,NA,NA,7.75,7.75,11.6165320417731,-105.804166666667,NA,NA,NA,NA,1,1
"Garrett Celek","TE",NA,360,NA,93,7.75,NA,NA,NA,7.75,7.75,11.6165320417731,-105.804166666667,NA,NA,NA,NA,1,1
"Will Ta'ufo'ou","RB",NA,362,NA,131,7.6,NA,NA,NA,7.6,7.6,11.6313427687293,-105.811666666667,NA,NA,NA,NA,1,1
"Anthony Sherman","RB",NA,363,NA,132,7.575,NA,NA,NA,7.575,7.575,11.6338265868336,-105.836666666667,NA,NA,NA,NA,1,1
"Doug Baldwin","WR","SEA",364,194.7,108,38.5875,42.625,NA,NA,38.5875,40.60625,21.3279342956638,-105.8375,3.4,2.85494362904068,2.24882301703012,NA,1,1
"Richie Brockel","TE",NA,365,NA,95,7.625,NA,NA,NA,7.625,7.625,11.6288633402282,-105.929166666667,NA,NA,NA,NA,1,1
"Weslye Saunders","TE",NA,365,NA,95,7.625,NA,NA,NA,7.625,7.625,11.6288633402282,-105.929166666667,NA,NA,NA,NA,1,1
"Greg Jones","RB",NA,367,NA,133,7.375,NA,NA,NA,7.375,7.375,11.6538551573882,-106.036666666667,NA,NA,NA,NA,1,1
"Ryan Griffin","TE",NA,368,NA,97,7.3125,NA,NA,NA,7.3125,7.3125,11.6601716992301,-106.241666666667,NA,NA,NA,NA,1,1
"Gary Barnidge","TE",NA,369,NA,98,7.125,NA,NA,NA,7.125,7.125,11.6792859348809,-106.429166666667,NA,NA,NA,NA,1,1
"Darius Reynaud","RB",NA,370,NA,134,6.95,NA,NA,NA,6.95,6.95,11.6973486605239,-106.461666666667,NA,NA,NA,NA,1,1
"Dorin Dickerson","RB",NA,371,NA,135,6.75,NA,NA,NA,6.75,6.75,11.7182551517441,-106.661666666667,NA,NA,NA,NA,1,1
"Quinn Johnson","RB",NA,372,NA,136,6.725,NA,NA,NA,6.725,6.725,11.7208882163617,-106.686666666667,NA,NA,NA,NA,1,1
"Dion Sims","TE",NA,373,NA,99,6.75,NA,NA,NA,6.75,6.75,11.7182551517441,-106.804166666667,NA,NA,NA,NA,1,1
"Edwin Baker","RB",NA,374,NA,137,6.4,NA,NA,NA,6.4,6.4,11.7555175102921,-107.011666666667,NA,NA,NA,NA,1,1
"Kerwynn Williams","RB","IND",375,NA,138,6.275,NA,NA,NA,6.275,3.1375,11.7690340016459,-107.136666666667,NA,NA,NA,NA,1,1
"Jeremy Stewart","RB",NA,376,NA,139,6.2,NA,NA,NA,6.2,6.2,11.7771965716981,-107.211666666667,NA,NA,NA,NA,1,1
"James Starks","RB","GB",377,194,140,5.775,5.775,NA,27,5.775,12.85,12.9382928858219,-107.636666666667,2.5,12.2542594635498,3.24831743888977,NA,1,1
"D.C. Jefferson","TE",NA,378,NA,100,5.8125,NA,NA,NA,5.8125,5.8125,11.8199992096784,-107.741666666667,NA,NA,NA,NA,1,1
"Ben Obomanu","WR","SEA",379,NA,109,36.625,NA,NA,30.75,36.625,33.6875,18.0236236292511,-107.8,NA,4.15425233947097,2.62864693941887,NA,1,1
"Nate Byham","TE",NA,380,NA,101,5.75,NA,NA,NA,5.75,5.75,11.8270016270405,-107.804166666667,NA,NA,NA,NA,1,1
"Ray Graham","RB","HOU",381,NA,141,5.3,NA,NA,NA,5.3,2.65,11.8782289138612,-108.111666666667,NA,NA,NA,NA,1,1
"Jalen Parmele","RB",NA,382,NA,142,5.2,NA,NA,NA,5.2,5.2,11.8898058979233,-108.211666666667,NA,NA,NA,NA,1,1
"Theo Riddick","RB",NA,383,NA,143,5.1,NA,NA,NA,5.1,5.1,11.9014531156388,-108.311666666667,NA,NA,NA,NA,1,1
"Jonathan Grimes","RB",NA,384,NA,144,4.9,NA,NA,NA,4.9,4.9,11.9249582520294,-108.511666666667,NA,NA,NA,NA,1,1
"Julius Thomas","TE",NA,385,NA,102,5,NA,NA,NA,5,5,11.9131705670075,-108.554166666667,NA,NA,NA,NA,1,1
"Bradie Ewing","RB",NA,386,NA,145,4.5,NA,NA,NA,4.5,4.5,11.9728113286496,-108.911666666667,NA,NA,NA,NA,1,1
"Chris Thompson","RB","WAS",386,NA,145,4.5,NA,NA,NA,4.5,2.25,11.9728113286496,-108.911666666667,NA,NA,NA,NA,1,1
"Harvey Unga","RB",NA,386,NA,145,4.5,NA,NA,NA,4.5,4.5,11.9728113286496,-108.911666666667,NA,NA,NA,NA,1,1
"Phillip Tanner","RB","DAL",389,NA,148,4.4,NA,24.8325,NA,4.4,14.61625,10.9842898244572,-109.011666666667,NA,14.4479593065941,5.03878004690277,NA,1,1
"Keshawn Martin","WR","HOU",390,NA,110,34.9925,20,NA,36.375,34.9925,30.4558333333333,24.9876539910848,-109.4325,NA,9.08136358612149,3.78226380239505,NA,1,1
"Chris Pressley","RB",NA,391,NA,149,3.875,NA,NA,NA,3.875,3.875,12.0498314325744,-109.536666666667,NA,NA,NA,NA,1,1
"Michael Smith","RB",NA,392,NA,150,3.8,NA,NA,NA,3.8,3.8,12.0592582083852,-109.611666666667,NA,NA,NA,NA,1,1
"Marvin Jones","WR","CIN",393,173.7,111,34.8075,37.775,NA,23.625,34.8075,32.0691666666667,26.4609255213592,-109.6175,18.4,7.46186820329422,4.46926944109179,NA,1,1
"Antone Smith","RB",NA,394,NA,151,3.6,NA,NA,NA,3.6,3.6,12.0845894197603,-109.811666666667,NA,NA,NA,NA,1,1
"Damien Berry","RB",NA,394,NA,151,3.6,NA,NA,NA,3.6,3.6,12.0845894197603,-109.811666666667,NA,NA,NA,NA,1,1
"Jerome Felton","RB",NA,396,NA,153,3.5,NA,NA,NA,3.5,3.5,12.0973603759278,-109.911666666667,NA,NA,NA,NA,1,1
"Owen Marecic","RB","CLE",396,NA,153,3.5,NA,NA,14.625,3.5,9.0625,11.6153276769028,-109.911666666667,NA,7.86656294070034,3.49783456190147,NA,1,1
"Terrance Ganaway","RB","STL",398,NA,155,2.45,NA,NA,NA,2.45,1.225,12.2356957725012,-110.961666666667,NA,NA,NA,NA,1,1
"Cyrus Gray","RB","KC",399,NA,156,2.25,NA,NA,NA,2.25,1.125,12.2629232925142,-111.161666666667,NA,NA,NA,NA,1,1
"Josh Boyce","WR","NE",400,NA,112,32.4625,35.25,NA,39,32.4625,35.5708333333333,28.1452450270129,-111.9625,NA,3.28053762108185,2.424078383503,NA,1,1
"Stedman Bailey","WR","STL",401,NA,113,32.3625,41.625,NA,67.325,32.3625,46.9375,32.407489079437,-112.0625,NA,18.1138083263386,5.89708931466627,NA,1,1
"Geno Smith","QB","NYJ",402,213,31,96.688,103.54,126.118,131.26,96.688,113.009833333333,118.145083213079,-112.19,55.9,16.8644167702296,9.77281385282979,NA,1,1
"Tandon Doss","WR","BAL",403,NA,114,31.0625,NA,NA,34.25,31.0625,32.65625,17.202126529007,-113.3625,NA,2.25390286503212,2.18370565648135,NA,1,1
"Beanie Wells","RB","FA",404,161,157,0,40.225,NA,NA,0,40.225,8.24810754893832,-113.411666666667,25,28.4433702732289,7.66523131403159,NA,1,1
"Brandon Jacobs","RB","FA",404,NA,157,0,NA,NA,NA,0,0,12.588591043338,-113.411666666667,NA,NA,NA,NA,1,1
"Cedric Benson","RB","FA",404,177.5,157,0,57.725,NA,NA,0,57.725,7.4832769338642,-113.411666666667,11.1,40.8177389439935,7.55603791404237,NA,1,1
"Jackie Battle","RB","FA",404,NA,157,0,NA,NA,NA,0,0,12.588591043338,-113.411666666667,NA,NA,NA,NA,1,1
"Jamie Harper","RB","TEN",404,NA,157,0,NA,NA,NA,0,28.5,8.47373904810735,-113.411666666667,NA,NA,NA,NA,1,1
"Javon Ringer","RB","FA",404,NA,157,0,NA,NA,NA,0,0,12.588591043338,-113.411666666667,NA,NA,NA,NA,1,1
"Jorvorskie Lane","RB","MIA",404,NA,157,0,NA,27.12,NA,0,27.12,9.04152309164556,-113.411666666667,NA,19.1767359057792,6.14595951839846,NA,1,1
"Kyle Juszczyk","RB",NA,404,NA,157,0,NA,NA,NA,0,0,12.588591043338,-113.411666666667,NA,NA,NA,NA,1,1
"Marcus Lattimore","RB","SF",404,NA,157,0,NA,NA,NA,0,0,12.588591043338,-113.411666666667,NA,NA,NA,NA,1,1
"Michael Turner","RB","FA",404,148.1,157,0,76.225,NA,NA,0,76.225,7.41545271511808,-113.411666666667,24,53.8992143959446,10.53322838287,1,2,2
"Montell Owens","RB","JAC",404,NA,157,0,NA,NA,NA,0,11.5,10.8715395523612,-113.411666666667,NA,NA,NA,NA,1,1
"Peyton Hillis","RB","FA",404,164.6,157,0,19.075,NA,NA,0,19.075,10.0816076620167,-113.411666666667,27.9,13.4880618511334,6.23945596408378,NA,1,1
"Ronnie Wingo","RB",NA,404,NA,157,0,NA,NA,NA,0,0,12.588591043338,-113.411666666667,NA,NA,NA,NA,1,1
"Shaun Chapas","RB","DET",404,NA,157,0,NA,NA,NA,0,12.5,10.7258542958381,-113.411666666667,NA,NA,NA,NA,1,1
"Stanley Havili","RB","IND",404,NA,157,0,NA,NA,NA,0,6,11.6831718699466,-113.411666666667,NA,NA,NA,NA,1,1
"Taiwan Jones","RB","OAK",404,NA,157,0,NA,NA,NA,0,17.625,9.98831704325465,-113.411666666667,NA,NA,NA,NA,1,1
"Anthony McCoy","TE","SEA",420,NA,103,0,NA,35.2125,NA,0,35.2125,8.21268562468902,-113.554166666667,NA,24.8989975325313,7.48575015362521,NA,1,1
"Brody Eldridge","TE",NA,420,NA,103,0,NA,NA,NA,0,0,12.588591043338,-113.554166666667,NA,NA,NA,NA,1,1
"Clay Harbor","TE","PHI",420,NA,103,0,NA,NA,NA,0,8.5,11.3120739479584,-113.554166666667,NA,NA,NA,NA,1,1
"David Johnson","TE",NA,420,NA,103,0,NA,NA,NA,0,0,12.588591043338,-113.554166666667,NA,NA,NA,NA,1,1
"David Thomas","TE","NO",420,NA,103,0,NA,NA,NA,0,33.875,7.75047420861551,-113.554166666667,NA,NA,NA,NA,1,1
"Kevin Boss","TE","KC",420,NA,103,0,NA,NA,NA,0,0,12.588591043338,-113.554166666667,NA,NA,NA,NA,1,1
"Ryan Taylor","TE",NA,420,NA,103,0,NA,NA,NA,0,0,12.588591043338,-113.554166666667,NA,NA,NA,NA,1,1
"Kris Durham","WR","DET",427,NA,115,29.625,NA,NA,22.125,29.625,25.875,15.8468051143574,-114.8,NA,5.30330085889911,2.89768120352063,NA,1,1
"LaVon Brazill","WR","IND",428,NA,116,28.8125,NA,NA,38.875,28.8125,33.84375,16.9194612491512,-115.6125,NA,7.11526198568963,3.32192754306571,NA,1,1
"Brad Smith","WR",NA,429,NA,117,28.375,NA,NA,NA,28.375,28.375,11.0847582361974,-116.05,NA,NA,NA,NA,1,1
"Eddie Royal","WR","SD",430,NA,118,27.4875,NA,NA,52.125,27.4875,39.80625,16.8275661277373,-116.9375,NA,17.4213433214836,5.73495794262455,NA,1,1
"Lestar Jean","WR","HOU",431,NA,119,26.7875,38.625,NA,NA,26.7875,32.70625,17.6325165725468,-117.6375,NA,8.37037652229576,3.6157957392384,NA,1,1
"Da'Rick Rogers","WR","BUF",432,NA,120,26.75,NA,NA,NA,26.75,13.375,11.0182323641247,-117.675,NA,NA,NA,NA,1,1
"Marquise Goodwin","WR","BUF",433,NA,121,26.0075,21.15,NA,44.125,26.0075,30.2608333333333,23.4435903272261,-118.4175,NA,12.1084663046151,4.49101921042227,NA,1,1
"Corey Fuller","WR","DET",434,NA,122,25.2125,43.125,NA,NA,25.2125,34.16875,17.5256651226119,-119.2125,NA,12.666050218004,4.62156998811112,NA,1,1
"Rishard Matthews","WR","MIA",435,NA,123,24.5,NA,NA,39.875,24.5,32.1875,15.8071177242317,-119.925,NA,10.8717667607432,4.20146263724453,NA,1,1
"Arrelious Benn","WR",NA,436,NA,124,22.625,NA,NA,NA,22.625,22.625,10.9326517197102,-121.8,NA,NA,NA,NA,1,1
"Donald Jones","WR","NE",437,178.5,125,21.75,NA,60.7875,NA,21.75,41.26875,16.4155278454678,-122.675,7.5,27.6036809705699,5.60562168863304,NA,1,1
"Kevin Ogletree","WR","TB",438,NA,126,21.0675,19.425,59.0875,40.625,21.0675,35.1954166666667,34.6654020211283,-123.3575,NA,18.6952129010789,6.03321737998808,NA,1,1
"Ryan Swope","WR","ARI",439,NA,127,20.8125,NA,NA,35.125,20.8125,27.96875,14.824172432151,-123.6125,NA,10.1204658057325,4.02555561840877,NA,1,1
"Cole Beasley","WR",NA,440,NA,128,20.5625,NA,NA,NA,20.5625,20.5625,10.9346765039828,-123.8625,NA,NA,NA,NA,1,1
"Jerricho Cotchery","WR","PIT",441,NA,129,20.4375,NA,67.0375,40.875,20.4375,42.7833333333333,26.9202929217803,-123.9875,NA,23.358538098163,7.12507228554864,NA,1,1
"Mike Thomas","WR","DET",442,NA,130,20,NA,NA,36.5,20,28.25,14.5893232137528,-124.425,NA,11.667261889578,4.38771712777652,NA,1,1
"Clyde Gates","WR",NA,443,NA,131,19.875,NA,NA,NA,19.875,19.875,10.9419907071076,-124.55,NA,NA,NA,NA,1,1
"Deonte Thompson","WR",NA,443,NA,131,19.875,NA,NA,NA,19.875,19.875,10.9419907071076,-124.55,NA,NA,NA,NA,1,1
"Robert Meachem","WR","SD",445,176.8,133,19.2825,31.225,NA,41.875,19.2825,30.7941666666667,23.3021015029498,-125.1425,10.7,11.3024102333676,4.05589928146878,NA,1,1
"Michael Crabtree","WR","SF",446,131.1,134,18.6875,NA,65.5125,NA,18.6875,42.1,15.2523870498712,-125.7375,39.75,33.1102750290601,9.86468081977469,1,2,2
"Justin Brown","WR","PIT",447,NA,135,18.5,NA,NA,35.25,18.5,26.875,14.2045812503963,-125.925,NA,11.8440385848747,4.4291070145614,NA,1,1
"Kealoha Pilares","WR",NA,448,NA,136,18.375,NA,NA,NA,18.375,18.375,10.9694716772078,-126.05,NA,NA,NA,NA,1,1
"Nick Toon","WR","NO",449,NA,137,17.6625,18.375,NA,NA,17.6625,18.01875,14.3836997030029,-126.7625,NA,0.503813581595414,1.77394577731098,NA,1,1
"Andre Caldwell","WR","DEN",450,NA,138,17.625,NA,NA,31.625,17.625,24.625,14.0673803358103,-126.8,NA,9.89949493661167,3.97381825992766,NA,1,1
"Ace Sanders","WR","JAC",451,NA,139,17.08,24.5,NA,70.775,17.08,37.285,20.9629658682464,-127.345,NA,29.0963487113647,8.46850350692667,NA,1,1
"Tavarres King","WR","DEN",452,NA,140,16.875,NA,NA,32.625,16.875,24.75,13.8427284535484,-127.55,NA,11.1369318036881,4.26354746742186,NA,1,1
"Chris Harper","WR","SEA",453,NA,141,15.3125,NA,NA,26.75,15.3125,21.03125,13.6493616198069,-129.1125,NA,8.08753380982114,3.54957192038258,NA,1,1
"Riley Cooper","WR",NA,454,NA,142,14.375,NA,NA,NA,14.375,14.375,11.1200112827195,-130.05,NA,NA,NA,NA,1,1
"David Nelson","WR","CLE",455,NA,143,13.875,NA,NA,23.5,13.875,18.6875,13.4405452885692,-130.55,NA,6.80590276892052,3.24949524119216,NA,1,1
"Blaine Gabbert","QB","JAC",456,NA,32,78.278,66.1,150.082,106.8,78.278,99.0066666666667,108.389561773567,-130.6,NA,37.3055183942894,10.3905702318647,NA,1,1
"Ted Ginn Jr.","WR",NA,457,NA,144,13.125,NA,NA,NA,13.125,13.125,11.1901003269155,-131.3,NA,NA,NA,NA,1,1
"Jarrett Boykin","WR",NA,458,NA,145,12.5,NA,NA,NA,12.5,12.5,11.2292601021338,-131.925,NA,NA,NA,NA,1,1
"Kenny Stills","WR","NO",459,NA,146,12.4625,11.875,NA,47.75,12.4625,24.0291666666667,15.8034995765911,-131.9625,NA,20.544944380147,6.46630713977004,NA,1,1
"Aldrick Robinson","WR","WAS",460,NA,147,12.0625,NA,NA,41.875,12.0625,26.96875,11.791775318952,-132.3625,NA,21.0806209141239,6.59172859907168,NA,1,1
"Stephen Burton","WR",NA,461,NA,148,11.875,NA,NA,NA,11.875,11.875,11.2711633794323,-132.55,NA,NA,NA,NA,1,1
"Derek Hagan","WR","OAK",462,NA,149,11.125,NA,NA,46.625,11.125,28.875,11.0703664921061,-133.3,NA,25.1022907321224,7.53334852342783,NA,1,1
"Kevin Walter","WR","TEN",463,NA,150,10.75,NA,NA,45,10.75,27.875,11.0501674796426,-133.675,NA,24.2184072556393,7.3263990895034,NA,1,1
"Devon Wylie","WR",NA,464,NA,151,10.625,NA,NA,NA,10.625,10.625,11.3632004402697,-133.8,NA,NA,NA,NA,1,1
"Marquess Wilson","WR","CHI",465,NA,152,10.25,NA,NA,30.375,10.25,20.3125,12.0639207124007,-134.175,NA,14.2305239713793,4.98787048615736,NA,1,1
"Jordan White","WR",NA,466,NA,153,10,NA,NA,NA,10,10,11.4133342238088,-134.425,NA,NA,NA,NA,1,1
"Anthony Armstrong","WR",NA,467,NA,154,9.625,NA,NA,NA,9.625,9.625,11.4447313749307,-134.8,NA,NA,NA,NA,1,1
"Plaxico Burress","WR","PIT",467,NA,154,9.625,NA,NA,82.375,9.625,46,7.65533340748084,-134.8,NA,51.4420183313213,13.7004416543758,NA,1,1
"Chad Henne","QB","JAC",469,NA,33,74.02,60.54,107.342,NA,74.02,60.1671666666667,68.5637561957344,-134.858,NA,24.091814958612,7.29675920494167,NA,1,1
"Brice Butler","WR","OAK",470,NA,156,9.375,NA,NA,23,9.375,16.1875,12.4015511518449,-135.05,NA,9.63432989366671,3.91173342975033,NA,1,1
"DeVier Posey","WR","HOU",471,NA,157,9,NA,NA,29.25,9,19.125,11.7639095827266,-135.425,NA,14.3189123190276,5.0085654295498,NA,1,1
"Kevin Cone","WR",NA,472,NA,158,8.875,NA,NA,NA,8.875,8.875,11.510488659421,-135.55,NA,NA,NA,NA,1,1
"Devin Hester","WR","CHI",473,NA,159,8.75,NA,NA,54.625,8.75,31.6875,9.3893657705429,-135.675,NA,32.4385235869329,9.25102882500058,NA,1,1
"Alan Bonner","WR",NA,474,NA,160,8.625,NA,NA,NA,8.625,8.625,11.5332856749168,-135.8,NA,NA,NA,NA,1,1
"Ramses Barden","WR","NYG",475,NA,161,8.5,NA,NA,49.375,8.5,28.9375,9.7429111177612,-135.925,NA,28.9029896810001,8.42323108930287,NA,1,1
"Austin Pettis","WR","STL",476,NA,162,8.4375,NA,NA,41.125,8.4375,24.78125,10.472991836594,-135.9875,NA,23.1135529100353,7.06771229709786,NA,1,1
"Drew Davis","WR",NA,477,NA,163,8.375,NA,NA,NA,8.375,8.375,11.5565216507454,-136.05,NA,NA,NA,NA,1,1
"Brandon Tate","WR","CIN",478,NA,164,8.125,NA,NA,27.5,8.125,17.8125,11.6446777996559,-136.3,NA,13.7001938854894,4.8637008258027,NA,1,1
"Laron Byrd","WR",NA,479,NA,165,8,NA,NA,NA,8,8,11.5921986651124,-136.425,NA,NA,NA,NA,1,1
"Kyle Williams","WR","SF",480,NA,166,7.8125,NA,NA,73.375,7.8125,40.59375,7.33927613062315,-136.6125,NA,46.359688341543,12.5104824093103,NA,1,1
"Nathan Palmer","WR",NA,481,NA,167,7.5,NA,NA,NA,7.5,7.5,11.6413043787666,-136.925,NA,NA,NA,NA,1,1
"Armon Binns","WR",NA,482,NA,168,7.125,NA,NA,NA,7.125,7.125,11.6792859348809,-137.3,NA,NA,NA,NA,1,1
"David Reed","WR","BAL",483,NA,169,6.375,NA,NA,33.875,6.375,20.125,10.3942047310481,-138.05,NA,19.4454364826301,6.20887214631149,NA,1,1
"Aaron Mellette","WR",NA,484,NA,170,5.625,NA,NA,NA,5.625,5.625,11.841088766827,-138.8,NA,NA,NA,NA,1,1
"Michael Jenkins","WR","NE",484,NA,170,5.625,NA,NA,42.75,5.625,24.1875,9.1528160180543,-138.8,NA,26.2513392515506,7.80238278752959,NA,1,1
"Brandon Lloyd","WR","FA",486,148,172,0,130,NA,NA,0,130,11.5408846713818,-144.425,24,91.9238815542512,14.9847107065844,1.2,2,2
"Braylon Edwards","WR","NYJ",486,NA,172,0,NA,NA,NA,0,49.625,5.72759036976203,-144.425,NA,NA,NA,NA,1,1
"Charles Johnson","WR","GB",486,NA,172,0,NA,NA,NA,0,33.875,7.75047420861551,-144.425,NA,NA,NA,NA,1,1
"Chaz Schilens","WR","NYJ",486,NA,172,0,NA,NA,NA,0,28.375,8.49075845693653,-144.425,NA,NA,NA,NA,1,1
"Cobi Hamilton","WR","CIN",486,NA,172,0,NA,NA,NA,0,57.875,4.72538187887443,-144.425,NA,NA,NA,NA,1,1
"Courtney Roby","WR","NO",486,NA,172,0,NA,NA,NA,0,45.875,6.19618453140737,-144.425,NA,NA,NA,NA,1,1
"Deion Branch","WR","NE",486,NA,172,0,NA,NA,NA,0,35.75,7.50211315146817,-144.425,NA,NA,NA,NA,1,1
"Deon Butler","WR","SD",486,NA,172,0,NA,NA,NA,0,23.375,9.17896312610139,-144.425,NA,NA,NA,NA,1,1
"Devery Henderson","WR","NO",486,NA,172,0,NA,NA,NA,0,102.375,0,-144.425,NA,NA,NA,NA,1,1
"Devin Aromashodu","WR","MIN",486,NA,172,0,NA,NA,NA,0,25.5,8.88470512246545,-144.425,NA,NA,NA,NA,1,1
"Devin Thomas","WR",NA,486,NA,172,0,NA,NA,NA,0,0,12.588591043338,-144.425,NA,NA,NA,NA,1,1
"Eric Weems","WR","CHI",486,NA,172,0,NA,NA,NA,0,35.875,7.48562821903391,-144.425,NA,NA,NA,NA,1,1
"Jamar Newsome","WR",NA,486,NA,172,0,NA,NA,NA,0,0,12.588591043338,-144.425,NA,NA,NA,NA,1,1
"Josh Cribbs","WR","OAK",486,NA,172,0,NA,NA,NA,0,36.925,7.34751243282489,-144.425,NA,NA,NA,NA,1,1
"Kevin Dorsey","WR","GB",486,NA,172,0,NA,NA,NA,0,27.625,8.59306514727251,-144.425,NA,NA,NA,NA,1,1
"Laurent Robinson","WR","JAC",486,184.6,172,0,NA,NA,NA,0,60,4.47362833701965,-144.425,5.8,NA,2.71117370494257,NA,1,1
"Lavelle Hawkins","WR","NE",486,NA,172,0,NA,NA,NA,0,23.25,9.1963539507305,-144.425,NA,NA,NA,NA,1,1
"Matthew Slater","WR","NE",486,NA,172,0,NA,NA,NA,0,31.625,8.05119797701093,-144.425,NA,NA,NA,NA,1,1
"Randy Moss","WR","SF",486,188.5,172,0,NA,NA,NA,0,52.375,5.38913635457658,-144.425,4.7,NA,2.4646091896611,NA,1,1
"Richard Goodman","WR",NA,486,NA,172,0,NA,NA,NA,0,0,12.588591043338,-144.425,NA,NA,NA,NA,1,1
"Ryan Whalen","WR",NA,486,NA,172,0,NA,NA,NA,0,0,12.588591043338,-144.425,NA,NA,NA,NA,1,1
"Ted Ginn","WR","CAR",486,NA,172,0,NA,NA,NA,0,28.375,8.49075845693653,-144.425,NA,NA,NA,NA,1,1
"Terrance Copper","WR",NA,486,NA,172,0,NA,NA,NA,0,0,12.588591043338,-144.425,NA,NA,NA,NA,1,1
"Kevin Kolb","QB","BUF",509,227.3,34,63.602,97.08,64.83,87.72,63.602,77.8663333333333,81.0021405020764,-145.276,50.8,16.7222072705729,9.18458425518821,NA,1,1
"Mark Sanchez","QB","NYJ",510,NA,35,55.558,33.2,56.992,30.02,55.558,43.5258333333333,47.8957366506539,-153.32,NA,14.3113777929776,5.00680132156225,NA,1,1
"Matt Cassel","QB","MIN",511,NA,36,55.19,27.3,8.302,NA,55.19,22.423,25.3622747511267,-153.688,NA,23.5841071062697,7.17788623646025,NA,1,1
"Kirk Cousins","QB","WAS",512,NA,37,45.498,31.74,26.622,NA,45.498,25.8816666666667,29.0850309120427,-163.38,NA,9.762,3.94162566887202,NA,1,1
"Nick Foles","QB","PHI",513,NA,38,39.578,63.66,10.638,NA,39.578,37.5753333333333,28.4066857485899,-169.3,NA,26.5480658680314,7.87185733586637,NA,1,1
"Ryan Fitzpatrick","QB","TEN",514,181,39,39.32,NA,23.91,NA,39.32,31.615,18.0350892286438,-169.558,19,10.8965154980847,4.93860255485733,NA,1,1
"Jason Campbell","QB","CLE",515,NA,40,34.86,24.58,39.868,NA,34.86,24.552,27.2799578388378,-174.018,NA,7.79402985196575,3.48085191424057,NA,1,1
"Bruce Gradkowski","QB","PIT",516,NA,41,18.56,25.92,11.622,NA,18.56,18.3173333333333,18.786020292294,-190.318,NA,7.15003785537764,3.33006984545923,NA,1,1
"Tyler Wilson","QB","OAK",517,NA,42,16.66,NA,NA,-5,16.66,5.83,9.22632379483764,-192.218,NA,15.3159328805006,5.24200439101656,NA,1,1
"Chase Daniel","QB","KC",518,NA,43,14.522,NA,NA,NA,14.522,7.261,11.112489966762,-194.356,NA,NA,NA,NA,1,1
"Colt McCoy","QB",NA,519,NA,44,11.768,NA,NA,NA,11.768,11.768,11.2786122695387,-197.11,NA,NA,NA,NA,1,1
"Matt Moore","QB",NA,520,NA,45,10.798,NA,NA,NA,10.798,10.798,11.3498082108244,-198.08,NA,NA,NA,NA,1,1
"Terrelle Pryor","QB","OAK",521,NA,46,9.48,NA,46.51,33.82,9.48,29.9366666666667,19.5292822500085,-199.398,NA,18.8179550784174,6.06195581078205,NA,1,1
"Seneca Wallace","QB",NA,522,NA,47,8.24,NA,NA,NA,8.24,8.24,11.5692515973993,-200.638,NA,NA,NA,NA,1,1
"Domanique Davis","QB",NA,523,NA,48,7.81,NA,NA,NA,7.81,7.81,11.6106519981922,-201.068,NA,NA,NA,NA,1,1
"Drew Stanton","QB","ARI",524,NA,49,7.548,NA,6.51,NA,7.548,7.029,12.8633970821321,-201.33,NA,0.733976838871636,1.82783540990491,NA,1,1
"Josh Johnson","QB","CIN",525,NA,50,6.58,NA,NA,NA,6.58,3.29,11.7362465541208,-202.298,NA,NA,NA,NA,1,1
"Josh McCown","QB","CHI",526,NA,51,6.578,NA,5.282,NA,6.578,5.93,12.7752266457506,-202.3,NA,0.916410388417765,1.87054977306691,NA,1,1
"Kyle Orton","QB","DAL",527,NA,52,6.502,NA,2.31,NA,6.502,4.406,12.3772713754678,-202.376,NA,2.96419162673401,2.35001022158302,NA,1,1
"Tyrod Taylor","QB","BAL",528,NA,53,6.122,NA,7.142,NA,6.122,6.632,12.8120468743599,-202.756,NA,0.721248916810278,1.82485533805639,NA,1,1
"Matt Barkley","QB","PHI",529,NA,54,5.99,NA,39.722,NA,5.99,22.856,10.4074291080958,-202.888,NA,23.8521259429846,7.24063924408512,NA,1,1
"Shaun Hill","QB","DET",530,NA,55,3.81,NA,2.282,NA,3.81,2.03066666666667,12.5804977271209,-205.068,NA,1.08045916165304,1.90895958800328,NA,1,1
"Derek Anderson","QB","CAR",531,NA,56,2.97,NA,NA,NA,2.97,1.485,12.1662189944564,-205.908,NA,NA,NA,NA,1,1
"Dan Orlovsky","QB","TB",532,NA,57,1.78,NA,0.338,NA,1.78,1.059,12.4304843325685,-207.098,NA,1.019647978471,1.89472146694928,NA,1,1
"Matt Hasselbeck","QB","IND",533,NA,58,1.71,NA,NA,NA,1.71,0.855,12.3378408649412,-207.168,NA,NA,NA,NA,1,1
"Luke McCown","QB",NA,534,NA,59,1.582,NA,NA,NA,1.582,1.582,12.3558993672457,-207.296,NA,NA,NA,NA,1,1
"Graham Harrell","QB","GB",535,NA,60,1.578,NA,5.72,NA,1.578,3.649,12.2240482226106,-207.3,NA,2.92883628767468,2.34173224422605,NA,1,1
"Austin Davis","QB",NA,536,NA,61,1.52,NA,NA,NA,1.52,1.52,12.3646878219212,-207.358,NA,NA,NA,NA,1,1
"Brady Quinn","QB",NA,537,NA,62,1.498,NA,NA,NA,1.498,1.498,12.3678127954279,-207.38,NA,NA,NA,NA,1,1
"Charlie Whitehurst","QB","SD",538,NA,63,1.442,NA,5.392,NA,1.442,3.417,12.2303784080906,-207.436,NA,2.79307178568686,2.30994481117525,NA,1,1
"Ryan Mallett","QB","NE",539,NA,64,1.282,NA,2.108,NA,1.282,1.13,12.5677180992143,-207.596,NA,0.584070201260088,1.79273678591132,NA,1,1
"Brock Osweiler","QB","DEN",540,NA,65,1.2,NA,5.13,NA,1.2,3.165,12.200490293233,-207.678,NA,2.77892965006313,2.30663362023246,NA,1,1
"Ryan Nassib","QB",NA,541,NA,66,0.91,NA,NA,NA,0.91,0.91,12.4525943849437,-207.968,NA,NA,NA,NA,1,1
"Mike Glennon","QB",NA,542,NA,67,0.87,NA,NA,NA,0.87,0.87,12.4584500534814,-208.008,NA,NA,NA,NA,1,1
"Taylor Yates","QB",NA,542,NA,68,0.87,NA,NA,NA,0.87,0.87,12.4584500534814,-208.008,NA,NA,NA,NA,1,1
"David Carr","QB","NYG",544,NA,69,0.86,NA,0.308,NA,0.86,0.389333333333333,12.5437678804294,-208.018,NA,0.390322943214974,1.74737346999509,NA,1,1
"Kellen Clemens","QB","STL",545,NA,70,0.84,NA,NA,NA,0.84,0.42,12.4628491794181,-208.038,NA,NA,NA,NA,1,1
"John Skelton","QB",NA,546,NA,71,0.72,NA,NA,NA,0.72,0.72,12.4805088934532,-208.158,NA,NA,NA,NA,1,1
"B.J. Coleman","QB",NA,547,NA,72,0,NA,NA,NA,0,0,12.588591043338,-208.878,NA,NA,NA,NA,1,1
"Brian Hoyer","QB","CLE",547,NA,72,0,NA,3.102,NA,0,3.102,12.1228468709352,-208.878,NA,2.19344523524067,2.16955031520092,NA,1,1
"Byron Leftwich","QB","PIT",547,NA,72,0,NA,NA,NA,0,0,12.588591043338,-208.878,NA,NA,NA,NA,1,1
"Curtis Painter","QB","NYG",547,NA,72,0,NA,1.83,NA,0,1.83,12.3119535025426,-208.878,NA,1.29400540957138,1.95895857123942,NA,1,1
"David Garrard","QB","NYJ",547,NA,72,0,NA,7.59,NA,0,7.59,11.4764499576823,-208.878,NA,5.3669404692059,2.91258156276319,NA,1,1
"Dennis Dixon","QB","PHI",547,NA,72,0,NA,4.862,NA,0,4.862,11.8654894350182,-208.878,NA,3.43795317012899,2.46093511816652,NA,1,1
"Jeff Tuel","QB",NA,547,NA,72,0,NA,NA,NA,0,0,12.588591043338,-208.878,NA,NA,NA,NA,1,1
"Landry Jones","QB",NA,547,NA,72,0,NA,NA,NA,0,0,12.588591043338,-208.878,NA,NA,NA,NA,1,1
"Matt Leinart","QB","OAK",547,NA,72,0,NA,NA,NA,0,0,12.588591043338,-208.878,NA,NA,NA,NA,1,1
"Scott Tolzien","QB",NA,547,NA,72,0,NA,NA,NA,0,0,12.588591043338,-208.878,NA,NA,NA,NA,1,1
"T.J. Yates","QB","HOU",547,NA,72,0,NA,2.302,NA,0,2.302,12.2414776224049,-208.878,NA,1.62775981029143,2.03710267748929,NA,1,1
"Tim Tebow","QB",NA,547,120.2,72,0,NA,NA,NA,0,0,12.588591043338,-208.878,46.1,NA,11.7444009466184,NA,1,1
"Tyler Thigpen","QB",NA,547,NA,72,0,NA,NA,NA,0,0,12.588591043338,-208.878,NA,NA,NA,NA,1,1
