"name","pos","team","projections","vor","sdPick","sdPts","risk","avgCost","inflatedCost","bidUpTo","bidUpToSim"
"Adrian Peterson","RB","MIN",274.1675,160.755833333333,0.6,9.82509902409809,2.72602918282109,83.8,104,87,78
"Arian Foster","RB","HOU",261.73,148.318333333333,1.5,28.7271499050405,5.06340638059801,63.6,79,78,73
"Doug Martin","RB","TB",247.2375,133.825833333333,2.45,6.88256685855649,2.59019235574521,58.9,73,62,59
"Aaron Rodgers","QB","GB",340.05,131.172,7.6,7.84138327507759,3.29361973240932,43.1,54,59,46
"C.J. Spiller","RB","BUF",238.7325,125.320833333333,3.5,5.67400743889772,2.5676489711702,55,69,58,52
"Ray Rice","RB","BAL",235.655,122.243333333333,2.3,6.60557163026033,2.54026386208659,50.5,63,58,49
"Calvin Johnson","WR","DET",264.1625,119.7375,2.5,21.8916103602879,4.37001546816595,60.2,75,80,66
"Jamaal Charles","RB","KC",227.9925,114.580833333333,2.1,13.682405749112,3.35384123328355,53.7,67,49,43
"Alfred Morris","RB","WAS",226.5675,113.155833333333,4.15,5.28324178417003,2.59593765929397,43.3,54,49,42
"Marshawn Lynch","RB","SEA",222.945,109.533333333333,3.1,13.7203291042586,3.47290513291057,54.1,67,49,39
"Trent Richardson","RB","CLE",219.88,106.468333333333,3.35,11.6770552036533,3.26003206396353,43.9,55,43,37
"Drew Brees","QB","NO",314.88,106.002,8.55,8.35557305036583,3.46325005477066,36.3,45,33,23
"LeSean McCoy","RB","PHI",212.1375,98.7258333333333,3.6,12.2299603731642,3.35403170375168,47.2,59,37,30
"Tom Brady","QB","NE",307.192,98.314,10,10.3306903286599,3.86285509949826,30.2,38,27,19
"Matt Forte","RB","CHI",203.5675,90.1558333333333,4.55,19.0853127430493,4.2731980517028,30.9,39,30,27
"Peyton Manning","QB","DEN",298.322,89.444,11.35,13.3865993690207,4.37875340878894,24.2,30,20,17
"A.J. Green","WR","CIN",230.2625,85.8375,3.3,13.8112518289738,3.50656861018181,48.5,61,48,38
"Dez Bryant","WR","DAL",230.2175,85.7925,3.9,9.54097487484901,3.07056350864959,45.7,57,48,37
"Jimmy Graham","TE","NO",199.2375,85.6833333333333,5,4.10077482516008,2.55356218808989,36.9,46,26,27
"Cam Newton","QB","CAR",290.37,81.492,10.85,24.8152493439014,5.67234830479812,29.5,37,11,20
"Matt Ryan","QB","ATL",289.23,80.352,11.1,17.4638507399333,4.83204601697509,12.6,16,11,16
"Colin Kaepernick","QB","SF",287.31,78.432,9.85,17.9398930041403,4.74508838936617,18.9,24,11,15
"Brandon Marshall","WR","CHI",222.6875,78.2625,3.35,6.89550257263143,2.69484454483915,40.8,51,41,31
"Rob Gronkowski","TE","NE",191.7,78.1458333333333,13.1,13.0989563038434,4.54527078466688,16.4,21,36,34
"Steven Jackson","RB","ATL",190.2825,76.8708333333334,7.75,10.1260212190755,3.58085495326235,27.2,34,20,15
"Chris Johnson","RB","TEN",188.195,74.7833333333333,4.9,9.8329508488466,3.21965685278043,25.4,32,20,13
"Maurice Jones-Drew","RB","JAC",187.5825,74.1708333333333,8.3,13.2479804081918,4.01289546412727,30.6,38,20,15
"Russell Wilson","QB","SEA",281.542,72.664,11.75,6.23392193299425,3.57912748976105,17.1,22,5,7
"Frank Gore","RB","SF",183.7,70.2883333333333,7.55,4.44543931790399,2.88648441147074,20.2,25,20,9
"Julio Jones","WR","ATL",214.6125,70.1875,3.6,6.1251902606504,2.63243766495953,39.3,49,34,25
"Demaryius Thomas","WR","DEN",214.425,70,3.6,37.0200339906201,6.28425987187001,34.2,43,34,36
"Reggie Bush","RB","DET",182.4575,69.0458333333333,9.8,20.1869699491817,5.00496757819119,11.6,15,20,17
"Roddy White","WR","ATL",210.3375,65.9125,4.7,23.7658442215399,4.84363189596127,29.3,37,33,27
"Stevan Ridley","RB","NE",176.705,63.2933333333333,7.6,14.2753081366335,4.05412041311778,29.8,34,11,11
"Matthew Stafford","QB","DET",271.28,62.402,9.3,14.2121164621366,4.2414392540349,9.4,11,1,8
"Darren McFadden","RB","OAK",175.095,61.6833333333334,7.9,18.2268582014519,4.55557462924983,20.8,24,11,12
"David Wilson","RB","NYG",174.6,61.1883333333333,9.4,3.67895669936918,3.00786028074485,9.9,12,11,6
"Andre Johnson","WR","HOU",204.5125,60.0875,4.8,6.79396944601117,2.84898603807776,29.4,34,30,17
"Le'Veon Bell","RB","PIT",171.0825,57.6708333333333,17.2,15.190764258259,5.26230929587852,11,13,11,11
"Vincent Jackson","WR","TB",201.9875,57.5625,4.75,14.1961354042805,3.71820537122091,21.8,25,33,18
"Darren Sproles","RB","NO",169.4925,56.0808333333333,8.5,5.10809054955959,3.07366312630724,5.3,6,11,5
"DeMarco Murray","RB","DAL",168.07,54.6583333333333,8.8,24.4861074131843,5.39855152202054,12.9,15,5,14
"Andrew Luck","QB","IND",261.838,52.96,12.6,26.7455048123356,6.10102499724382,8.4,10,1,14
"Larry Fitzgerald","WR","ARI",195.9625,51.5375,7.2,27.4228406169018,5.56234822601235,34.4,39,20,24
"Tony Romo","QB","DAL",259.97,51.092,9.3,8.66042724119312,3.58522030176876,5.9,7,1,4
"Lamar Miller","RB","MIA",164.4075,50.9958333333333,11.85,21.6631251953444,5.41434325347189,5.6,7,1,12
"Randall Cobb","WR","GB",194.8875,50.4625,5.3,4.56200767891726,2.64245507159571,27.1,31,19,11
"Victor Cruz","WR","NYG",191.8625,47.4375,4.6,14.0045695667521,3.6783747744494,28.7,33,19,14
"Percy Harvin","WR","SEA",188.7175,44.2925,5.4,25.59211006142,5.13970647997296,28.7,33,16,18
"Tony Gonzalez","TE","ATL",155.8375,42.2833333333333,9.1,7.44155701673603,3.41823154330211,8.9,11,1,6
"Reggie Wayne","WR","IND",186,41.575,7.65,9.75147090934662,3.52512435057799,14.5,17,16,9
"Jason Witten","TE","DAL",154.75,41.1958333333333,10,7.53539132333772,3.53244608135236,9.4,11,1,7
"Vick Ballard","RB","IND",154.0075,40.5958333333333,10,8.77975571509063,3.67953203391485,3.6,5,1,3
"Chris Ivory","RB","NYJ",152.155,38.7433333333333,23.7,21.5428814978212,6.75791860031821,4.7,6,1,10
"Robert Griffin III","QB","WAS",247.402,38.524,15.65,19.1801557518876,5.55626103530764,10.8,13,1,6
"Aaron Hernandez","TE","NE",151.8875,38.3333333333333,9.8,5.69178295696231,3.29161222950697,14.5,17,1,5
"Marques Colston","WR","NO",182.3875,37.9625,6.25,30.2356379473517,5.7859733446246,16.7,19,16,20
"Ryan Mathews","RB","SD",150.745,37.3333333333333,9.85,5.24782033125818,3.24486416930995,12,14,1,4
"Mike Wallace","WR","MIA",181.32,36.895,8.4,14.4248026235774,4.16345594802627,9.4,11,16,11
"Jordy Nelson","WR","GB",178.3375,33.9125,6.25,10.7346256339008,3.48092106969068,16.7,19,10,7
"Montee Ball","RB","DEN",145.2125,31.8008333333333,14.25,10.6776117755407,4.39083230117715,8.1,10,1,4
"Eddie Lacy","RB","GB",143.9425,30.5308333333333,10.7,9.22537406084437,3.81241177470178,7,8,1,5
"Wes Welker","WR","DEN",172.7925,28.3675,7.35,14.0214785388941,3.99547200617888,14.8,17,7,7
"Dwayne Bowe","WR","KC",172.575,28.15,9.5,17.1582019229629,4.61258774256578,13,15,7,10
"Torrey Smith","WR","BAL",171.595,27.17,8.5,12.2369851568581,3.91631039344339,10.5,12,1,7
"Pierre Garcon","WR","WAS",169.85,25.425,8.25,14.6992541619181,4.17870938459311,5.4,7,1,8
"Eric Decker","WR","DEN",169.2375,24.8125,9.7,31.1557762835936,6.29004070495878,9.5,10,1,17
"Steve Smith","WR","CAR",166.295,21.87,9.3,9.52333611341985,3.68721757385986,6.6,7,1,5
"Rashard Mendenhall","RB","ARI",133.9175,20.5058333333333,15.6,14.5859597694438,5.00749032065731,3.7,4,1,8
"Vernon Davis","TE","SF",133.0875,19.5333333333333,10.55,9.15772954485262,3.78722888541998,5.1,6,1,6
"BenJarvus Green-Ellis","RB","CIN",132.7675,19.3558333333333,9.5,9.10849611969507,3.66109905181854,5.1,6,1,1
"Antonio Brown","WR","PIT",163.6625,19.2375,9.2,6.79310599523517,3.3530416774534,5.8,6,1,3
"Eli Manning","QB","NYG",227.75,18.872,11.3,12.6148228683561,4.28179907067356,3.3,4,1,1
"Dennis Pitta","TE","BAL",129.2375,15.6833333333333,17.6,8.77318950933277,4.54957374407745,4.8,5,1,1
"Hakeem Nicks","WR","NYG",159.2875,14.8625,6.95,12.625273821288,3.78460575487053,10.9,12,1,4
"Steve Johnson","WR","BUF",156.9125,12.4875,10,6.30243318588147,3.38670836712706,3.8,4,1,1
"Greg Olsen","TE","CAR",125.3375,11.7833333333333,16.55,9.17235997440135,4.47644600034916,2.2,3,1,2
"Cecil Shorts","WR","JAC",155.8875,11.4625,9.95,25.7897518809959,5.6844129686875,4.1,5,1,11
"Jonathan Stewart","RB","CAR",123.87,10.4583333333333,9.75,21.2025297232822,5.11927937744333,3.1,4,1,7
"Mike Williams","WR","TB",152.375,7.94999999999999,12,22.2651712673067,5.50269330056674,2.8,3,1,10
"James Jones","WR","GB",152.3,7.875,13.15,38.0550182507183,7.5008481157531,6.2,7,1,17
"Danny Amendola","WR","NE",152.1125,7.68749999999997,12.25,15.9649909959261,4.78664677803604,11.4,12,1,4
"Lance Moore","WR","NO",151.0875,6.66249999999999,9.8,16.6743284472469,4.5897674770417,1.9,2,1,7
"Matt Schaub","QB","HOU",215.412,6.53400000000002,17.85,11.5217331306246,4.9031015215264,1.3,2,1,1
"Joe Flacco","QB","BAL",215.312,6.43400000000005,14.7,6.57130273740806,3.95702128724341,2.7,3,1,1
"Jermichael Finley","TE","GB",118.9625,5.40833333333333,19.75,8.46642495758983,4.75966344650429,1.3,2,1,1
"Josh Gordon","WR","CLE",149.3875,4.96249999999998,14.55,9.00521550269621,4.22752665298181,2.5,3,1,1
"Owen Daniels","TE","HOU",118.2125,4.65833333333333,17.25,19.311256365028,5.75508742005619,1.7,2,1,8
"Isaiah Pead","RB","STL",117.3925,3.98083333333331,20.5,8.28118182361873,4.82370336992189,3.6,4,1,1
"Giovani Bernard","RB","CIN",117.1125,3.70083333333334,14.15,12.5091410742971,4.59586399834102,1.6,2,1,1
"Danario Alexander","WR","SD",148.0125,3.58749999999998,13.5,7.64766440381201,3.94675148191347,3.1,4,1,1
"Andy Dalton","QB","CIN",211.518,2.64000000000001,14.7,17.0660991832736,5.19752378186648,2.1,3,1,1
"Andre Brown","RB","NYG",115.1125,1.70083333333334,9.1,13.571020748885,4.14274440924033,2.5,3,1,1
"Brandon Myers","TE","NYG",114.6625,1.10833333333332,17.25,8.30577422138759,4.4542210217285,1.4,2,1,1
"Brandon Pettigrew","TE","DET",114.4625,0.908333333333331,14.7,7.43900457470622,4.05958509582318,1,2,1,1
"Denarius Moore","WR","OAK",145.32,0.894999999999982,14.35,16.8424412293022,5.13098358412788,2.3,3,1,3
"Josh Freeman","QB","TB",208.878,0,15.85,17.0223927323198,5.32412609621175,1.2,2,1,1
"T.Y. Hilton","WR","IND",144.1375,-0.287499999999994,13.3,11.0070361019668,4.32091857675784,2.9,3,1,1
"Antonio Gates","TE","SD",113.1125,-0.441666666666677,16.2,19.8110616591464,5.6938548814542,3.5,4,1,6
"Jared Cook","TE","STL",113.0875,-0.466666666666669,17,11.2098659113301,4.76884419327132,1.3,2,1,1
"Jeremy Maclin","WR","PHI",143.8175,-0.607500000000016,9.8,23.2431492146969,5.3662130794682,2.8,3,1,9
"Mark Ingram","RB","NO",112.5675,-0.84416666666668,11.35,8.1986926041087,3.76553415132725,2.7,3,1,1
"Shane Vereen","RB","NE",112.555,-0.856666666666669,13.95,20.8469585486508,5.55849171141429,4.7,5,1,1
"Kyle Rudolph","TE","MIN",112.05,-1.50416666666668,14.85,22.0481386213591,5.8035963712836,3,4,1,4
"Philip Rivers","QB","SD",206.238,-2.63999999999999,17.95,7.89185208511495,4.48550163978034,1.7,2,1,1
"Ben Roethlisberger","QB","PIT",206.108,-2.76999999999998,14.85,15.7520001163873,5.05938226839962,2.6,3,1,1
"Greg Jennings","WR","MIN",139.4625,-4.96250000000003,10.6,16.8456117554889,4.70167848707395,5,6,1,5
"Tavon Austin","WR","STL",138.82,-5.60500000000002,14.1,6.58650399649414,3.89006932412623,4.5,5,1,1
"Miles Austin","WR","DAL",138.6625,-5.76250000000002,9.95,9.359194315173,3.74229358089502,3.5,4,1,1
"Martellus Bennett","TE","CHI",107.0875,-6.46666666666668,15.2,15.1989394503915,5.03411302603525,1.3,2,1,1
"DeSean Jackson","WR","PHI",136.7,-7.72500000000002,12.65,20.8538050459822,5.41034529455283,3.9,4,1,6
"Anquan Boldin","WR","SF",136.2875,-8.13750000000002,12.6,36.0218690809254,7.19750677043259,3.4,4,1,15
"Sam Bradford","QB","STL",200.29,-8.58799999999999,16.2,12.5310968261628,4.83335086094582,1.1,2,1,1
"Pierre Thomas","RB","NO",104.3825,-9.02916666666668,16.8,9.02149724269758,4.48725909701609,NA,1,1,1
"Ryan Tannehill","QB","MIA",198.81,-10.068,20.45,45.4220130186528,9.20808267813059,2.7,3,1,17
"Ahmad Bradshaw","RB","FA/NYG",103.25,-10.1616666666667,25.8,38.4734696197696,8.99976315703888,5,6,1,15
"Chris Givens","WR","STL",133.2,-11.225,13,30.0284517860423,6.53490733919065,1,2,1,12
"Michael Vick","QB","PHI",197.51,-11.368,16.45,29.2333679209222,6.83623256625928,3.1,4,1,7
"Jordan Cameron","TE","CLE",101.0875,-12.4666666666667,22.75,6.37725756595263,4.85646425308944,1,2,1,1
"Carson Palmer","QB","ARI",196.162,-12.716,17.25,7.17039255085334,4.32001700911024,1,2,1,1
"Jay Cutler","QB","CHI",194.482,-14.396,14.45,24.4954838286571,6.0470441502326,1,2,1,1
"Johnathan Franklin","RB","GB",98.98,-14.4316666666667,12.45,15.3476265808973,4.73658953063254,1.7,2,1,1
"DeAngelo Williams","RB","CAR",96.9125,-16.4991666666667,14.9,16.5899077001652,5.16415341115693,2.7,3,1,1
"Alex Smith","QB","KC",191.182,-17.696,19.7,24.6423868432693,6.66596013425908,1.8,2,1,1
"Danny Woodhead","RB","SD",95.5825,-17.8291666666667,18.15,9.17164084738022,4.65969107131479,0,0,1,1
"Jacquizz Rodgers","RB","ATL",95.1075,-18.3041666666667,18.45,5.69071735921755,4.28261448113233,2.3,3,1,1
"Emmanuel Sanders","WR","PIT",126.0575,-18.3675,13.7,35.8097536177878,7.29847379305807,1.7,2,1,12
"Jermaine Gresham","TE","CIN",94.2375,-19.3166666666667,26.25,11.8613649790682,5.90572945727481,1.1,2,1,1
"Dustin Keller","TE","MIA",93.6375,-19.9166666666667,21,16.328606352554,5.83221305803413,1,2,1,1
"Rob Housler","TE","ARI",93.55,-20.0041666666667,27.1,18.3218658501029,6.76676556802944,1,2,1,1
"Mikel Leshoure","RB","DET",93.3925,-20.0191666666667,15.2,13.0769490859234,4.78329021548653,2.4,3,1,1
"Marcedes Lewis","TE","JAC",92.7125,-20.8416666666667,30.2,9.87339913184242,6.12334468652325,NA,1,1,1
"Michael Floyd","WR","ARI",122.9875,-21.4375,16.65,15.4800657264701,5.23348550075001,1.1,2,1,1
"Fred Davis","TE","WAS",91.6125,-21.9416666666667,19.95,18.4483428569253,5.96245909815465,1,2,1,1
"Kendall Wright","WR","TEN",121.8875,-22.5375,13.75,48.5367154574332,8.80855103576577,1.4,2,1,19
"Fred Jackson","RB","BUF",90.4325,-22.9791666666667,11.7,22.7638615737752,5.52726494026999,2,3,1,1
"Dwayne Allen","TE","IND",90.175,-23.3791666666667,18.5,12.3971828747166,5.08105898779829,0,0,1,1
"Santonio Holmes","WR","NYJ",120.0875,-24.3375,14.55,23.6824576867211,5.96240122986247,1,2,1,6
"Zach Miller","TE","SEA",88.25,-25.3041666666667,33.1,8.61991622518262,6.3074666675268,1,2,1,1
"Kenny Britt","WR","TEN",118.9875,-25.4375,13.8,18.3632700655412,5.24772838388498,2.5,3,1,1
"Brian Hartline","WR","MIA",117.8625,-26.5625,15.05,9.39765249388555,4.33120400957959,1.3,2,1,1
"Sidney Rice","WR","SEA",116.78,-27.645,12.35,9.18956870134103,3.99723865907973,2.1,3,1,1
"Michael Bush","RB","CHI",84.0675,-29.3441666666667,18.5,4.82626883144043,4.18616428396049,NA,1,1,1
"Ben Tate","RB","HOU",82.855,-30.5566666666667,13.5,12.2649031793977,4.49251682847632,3.2,4,1,1
"Bryce Brown","RB","PHI",82.1375,-31.2741666666667,11.05,9.65571646314589,3.90338241995557,2.3,3,1,1
"Daryl Richardson","RB","STL",81.5175,-31.8941666666667,13.95,22.6185220007851,5.76789347476354,2.1,3,1,1
"Delanie Walker","TE","TEN",80.0375,-33.5166666666667,53.2,13.4871987918174,9.18587165028341,1,2,1,1
"Ryan Williams","RB","ARI",79.0425,-34.3691666666667,18.05,20.4672957116958,5.9833982410389,NA,1,1,1
"Andre Roberts","WR","ARI",109.4125,-35.0125,20.1,6.92599646861976,4.61768567588708,0,0,1,1
"Greg Little","WR","CLE",109.1575,-35.2675,13.7,17.5836689146492,5.14412009424367,0,0,1,1
"Coby Fleener","TE","IND",77.6625,-35.8916666666667,13.2,4.36945481915841,3.52488723683838,NA,1,1,1
"Bernard Pierce","RB","BAL",76.9325,-36.4791666666667,12.4,18.8457109399814,5.14433988836652,3.8,4,1,1
"Heath Miller","TE","PIT",76.4625,-37.0916666666667,25.9,15.1018297042665,6.24865435467707,1.7,2,1,1
"Joseph Randle","RB","DAL",75.6425,-37.7691666666667,21.2,17.2380920855529,5.96263205210074,NA,1,1,1
"Mike Goodson","RB","NYJ",75.175,-38.2366666666667,19.2,8.92148352176737,4.75043241738211,NA,1,1,1
"Justin Blackmon","WR","JAC",105.8175,-38.6075,18.25,19.992798599329,5.95022814778521,2,3,1,1
"Marcel Reece","RB","OAK",74.755,-38.6566666666667,16.1,10.6487965624838,4.59940169168033,NA,1,1,1
"Mike Tolbert","RB","CAR",74.375,-39.0366666666667,20.3,32.2523863135221,7.6342235783124,NA,1,1,1
"DeAndre Hopkins","WR","HOU",104.5375,-39.8875,18.9,14.8242077500508,5.41376990601042,1.1,2,1,1
"Robert Turbin","RB","SEA",72.8625,-40.5491666666667,22.2,9.99737986507798,5.22134905166304,NA,1,1,1
"Alshon Jeffery","WR","CHI",102.6625,-41.7625,14.75,15.4223289151369,5.00895645140702,1,2,1,1
"Daniel Thomas","RB","MIA",71.1625,-42.2491666666667,21.7,8.12101094384191,4.9422684587501,NA,1,1,1
"Rod Streater","WR","OAK",101.4625,-42.9625,23.7,19.7315142918632,6.54381196668698,NA,1,1,1
"Brandon LaFell","WR","CAR",100.8175,-43.6075,16.9,19.7897846517465,5.77154681051913,NA,1,1,1
"Brent Celek","TE","PHI",69.2125,-44.3416666666667,23.8,5.38597111910501,4.85960289733478,1,2,1,1
"Ronnie Hillman","RB","DEN",69.03,-44.3816666666667,20.85,10.6193883955637,5.1401867513257,NA,1,1,1
"Shonn Greene","RB","TEN",68.7925,-44.6191666666667,20.15,13.1359790588038,5.35744507031023,4.8,5,1,1
"Willis McGahee","RB","DEN",68.2325,-45.1791666666667,22.4,25.0169516174367,7.0196038152607,2.8,3,1,1
"Joel Dreessen","TE","DEN",68.3625,-45.1916666666667,NA,10.4045281358246,4.08667634090897,1,2,1,1
"Jacob Tamme","TE","DEN",66.5875,-46.9666666666667,52.5,15.6677693816265,9.3634118345252,NA,1,1,1
"Tony Scheffler","TE","DET",65.3375,-48.2166666666667,NA,11.7815644299332,4.41221232759332,NA,1,1,1
"Jake Locker","QB","TEN",160.47,-48.408,29.7,27.182952274051,8.11207217393975,NA,1,1,1
"Toby Gerhart","RB","MIN",63.8825,-49.5291666666667,9.5,3.19187338864916,2.96174434823137,NA,1,1,1
"Scott Chandler","TE","BUF",63.55,-50.0041666666667,0,10.0683937191259,2.68603824536576,0,0,1,1
"Isaac Redman","RB","PIT",63.155,-50.2566666666667,13.7,10.6935818708778,4.32970028057158,NA,1,1,1
"Tyler Eifert","TE","CIN",62.0875,-51.4666666666667,24.25,11.710200770411,5.65869900373002,1,2,1,1
"Matt Flynn","QB","OAK",157.168,-51.71,43.5,32.4262304521098,10.313058304529,0,0,1,1
"Rueben Randle","WR","NYG",92.2125,-52.2125,16.3,27.3971511882014,6.60200148265661,NA,1,1,5
"Donald Brown","RB","IND",60.95,-52.4616666666667,22.7,13.6449290794541,5.70978611789121,NA,1,1,1
"David Ausberry","TE","OAK",61,-52.5541666666667,NA,6.33744452638444,3.1252041695571,NA,1,1,1
"Mike Gillislee","RB","MIA",60.7875,-52.6241666666667,20.7,7.780591504935,4.78744901603523,NA,1,1,1
"Jacoby Jones","WR","BAL",90.4,-54.025,14.4,14.3275575814582,4.83944919506938,1,2,1,1
"Jeff Cumberland","TE","NYJ",58.1625,-55.3916666666667,NA,18.9499464049374,6.10684180769284,NA,1,1,1
"Malcom Floyd","WR","SD",88.575,-55.85,21.2,14.1301700530874,5.59527046921971,1,2,1,1
"Robert Woods","WR","BUF",88.0375,-56.3875,14.35,3.98278849132949,3.61095112006556,0,0,1,1
"Brandon Weeden","QB","CLE",152.36,-56.518,68.5,18.1365583192255,11.4885275463347,NA,1,1,1
"Santana Moss","WR","WAS",87.1125,-57.3125,4.4,12.7131017351851,3.50280485738781,1,2,1,1
"Luke Stocker","TE","TB",55.8375,-57.7166666666667,NA,6.38174887863821,3.13567786664631,NA,1,1,1
"Nate Burleson","WR","DET",86.355,-58.07,16.8,4.98302284428504,4.00990466793846,NA,1,1,1
"Aaron Dobson","WR","NE",86.2,-58.225,14.95,11.5025970799352,4.56855385104525,1.2,2,1,1
"Zac Stacy","RB","STL",54.4325,-58.9791666666667,20.7,31.271438870997,7.56410646801367,2,3,1,1
"Travis Kelce","TE","KC",53.6625,-59.8916666666667,NA,14.4807648998019,5.05031234861448,NA,1,1,1
"Stephen Hill","WR","NYJ",84.45,-59.975,17.5,20.1812654846642,5.88656927717124,NA,1,1,1
"Dexter McCluster","WR","KC",83.5625,-60.8625,NA,20.3461692109965,6.43691354998913,NA,1,1,1
"James Casey","TE","PHI",52.6625,-60.8916666666667,NA,25.5154681435268,7.65895311108657,NA,1,1,1
"Ed Dickson","TE","BAL",52.0125,-61.5416666666667,NA,17.5453118738311,5.77478150545469,NA,1,1,1
"Anthony Fasano","TE","KC",51.1375,-62.4166666666667,NA,9.36858391558369,3.84177566158126,NA,1,1,1
"Mohamed Sanu","WR","CIN",81.87,-62.555,15.95,23.7402509815433,6.12964630784134,NA,1,1,1
"Brian Quick","WR","STL",81.6625,-62.7625,22.9,1.58913957327017,4.30768789157696,NA,1,1,1
"Joe Morgan","WR","NO",81.3925,-63.0325,22.1,12.8713869525911,5.54960336721809,NA,1,1,1
"Denard Robinson","RB","JAC",49.125,-64.2866666666667,20.65,17.3658710280395,5.91471602425171,NA,1,1,1
"A.J. Jenkins","WR","SF",79.5,-64.925,15.25,6.14375953712383,3.96950467840293,NA,1,1,1
"Garrett Graham","TE","HOU",48.2875,-65.2666666666667,NA,3.57088924499206,2.47118124576197,NA,1,1,1
"Justin Hunter","WR","TEN",77.3375,-67.0875,12.3,11.3218032647925,4.24354328630313,NA,1,1,1
"Darrius Heyward-Bey","WR","IND",77.1375,-67.2875,16.2,21.74086254422,5.92196057406176,1,2,1,1
"Kendall Hunter","RB","SF",44.5875,-68.8241666666667,29.2,21.3465970160742,7.36491457212633,NA,1,1,1
"Jeremy Kerley","WR","NYJ",75.35,-69.075,18.4,24.4116954019141,6.48973633571344,NA,1,1,1
"Zach Ertz","TE","PHI",44.2,-69.3541666666667,35.5,16.6623374585721,7.53308941940311,1,2,1,1
"LaMichael James","RB","SF",43.8875,-69.5241666666667,15.35,17.579589846372,5.33269707931335,NA,1,1,1
"Evan Royster","RB","WAS",43.4375,-69.9741666666667,9.3,7.93181857037422,3.49909753812898,NA,1,1,1
"Davone Bess","WR","CLE",74.2875,-70.1375,25.8,13.7977825060164,6.08305566499335,NA,1,1,1
"Rashad Jennings","RB","OAK",42.3825,-71.0291666666667,13.3,11.7496695875529,4.40869909696252,NA,1,1,1
"Golden Tate","WR","SEA",72.8925,-71.5325,12.7,17.1865413672055,4.9825976582437,1.3,2,1,1
"Ronnie Brown","RB","SD",41.7925,-71.6191666666667,NA,5.19832464998741,2.85591241994876,NA,1,1,1
"Josh Morgan","WR","WAS",71.625,-72.8,NA,10.3876228432367,4.08267987318597,NA,1,1,1
"Donnie Avery","WR","KC",70.6575,-73.7675,23.7,18.1473915136584,6.35656600452957,NA,1,1,1
"Brandon Gibson","WR","MIA",70.645,-73.78,30,8.86449104926504,5.98117380443197,NA,1,1,1
"Ryan Broyles","WR","DET",70.4875,-73.9375,19,11.5324745284783,5.03613966267603,1,2,1,1
"LaRod Stephens-Howling","RB","PIT",38.9625,-74.4491666666667,NA,23.4775792424035,7.17718935727806,NA,1,1,1
"Joique Bell","RB","DET",38.955,-74.4566666666667,36.5,13.2677834080339,7.24642874814846,NA,1,1,1
"Mike James","RB","TB",38.875,-74.5366666666667,NA,8.68503903992377,3.68018336623436,NA,1,1,1
"Hayden Smith","TE",NA,38.8875,-74.6666666666667,NA,NA,NA,NA,1,1,1
"William Powell","RB",NA,38.575,-74.8366666666667,NA,NA,NA,NA,1,1,1
"Vincent Brown","WR","SD",69.2875,-75.1375,18.25,23.3074813074222,6.3420291883755,1.1,2,1,1
"Markus Wheaton","WR","PIT",69.1375,-75.2875,32.7,21.3342704058517,7.76449208082828,NA,1,1,1
"Leonard Hankerson","WR","WAS",69.1175,-75.3075,26.5,23.5963067819945,7.32146453140603,NA,1,1,1
"Tom Crabtree","TE","TB",38.1125,-75.4416666666667,NA,12.4449809997177,4.56904622409374,NA,1,1,1
"Bilal Powell","RB","NYJ",36.925,-76.4866666666667,36.2,13.4930343140452,7.2386793933336,NA,1,1,1
"Justin Forsett","RB","JAC",36.9075,-76.5041666666667,4,12.9531091827406,3.48534162090546,NA,1,1,1
"David Paulson","TE","PIT",36.7375,-76.8166666666667,NA,5.22375134601562,2.86192337595267,NA,1,1,1
"Luke Willson","TE",NA,34.25,-79.3041666666667,NA,NA,NA,NA,1,1,1
"Lance Kendricks","TE","STL",34.2125,-79.3416666666667,NA,14.9438759056455,5.15979333969418,NA,1,1,1
"Andrew Hawkins","WR","CIN",64.645,-79.78,NA,9.85036843642579,3.95567113407722,NA,1,1,1
"John Kuhn","RB","GB",33.3625,-80.0491666666667,NA,20.7685824925535,6.5367734628967,NA,1,1,1
"E.J. Manuel","QB","BUF",128.502,-80.376,7.3,39.6334369735118,7.0171192696777,1.1,2,1,1
"Jon Baldwin","WR","KC",63.5875,-80.8375,12,12.8319222709096,4.38766749012893,NA,1,1,1
"Tony Moeaki","TE","KC",32.6625,-80.8916666666667,NA,12.9657863079465,4.69216634126864,NA,1,1,1
"Mychal Rivera","TE",NA,32.625,-80.9291666666667,NA,NA,NA,NA,1,1,1
"Knile Davis","RB","KC",31.8675,-81.5441666666667,43.5,19.478020411907,8.78255821921262,NA,1,1,1
"Shaun Draughn","RB","KC",31.5825,-81.8291666666667,NA,13.8905470517123,4.91078287480281,NA,1,1,1
"Jason Snelling","RB","ATL",31.575,-81.8366666666667,NA,4.24286165223426,2.63003777086022,NA,1,1,1
"Domenik Hixon","WR","CAR",62.1625,-82.2625,NA,5.93403297899779,3.02983633017608,NA,1,1,1
"Montario Hardesty","RB","CLE",31.1075,-82.3041666666667,9,7.78071306715094,3.44686222620852,NA,1,1,1
"Benjamin Watson","TE","NO",31.1125,-82.4416666666667,NA,29.5411110079383,8.61062855167718,NA,1,1,1
"Craig Stevens","TE","TEN",30.75,-82.8041666666667,NA,24.9255140368258,7.51948598662146,NA,1,1,1
"Henry Hynoski","RB",NA,30.1,-83.3116666666667,NA,NA,NA,NA,1,1,1
"Jerome Simpson","WR","MIN",61.0375,-83.3875,NA,3.54134067127126,2.46419586408215,NA,1,1,1
"Harry Douglas","WR","ATL",60.93,-83.495,NA,8.76401294594358,3.69885306181789,NA,1,1,1
"Cordarrelle Patterson","WR","MIN",60.8675,-83.5575,16.65,28.9407106930128,6.82455625151334,2,3,1,1
"Spencer Ware","RB",NA,29.8,-83.6116666666667,NA,NA,NA,NA,1,1,1
"Dwayne Harris","WR","DAL",60.2375,-84.1875,NA,4.50850469483323,2.69283667481668,NA,1,1,1
"Jason Avant","WR","PHI",60.2125,-84.2125,NA,24.750083122756,7.47801353164626,NA,1,1,1
"Felix Jones","RB","PHI",28.3,-85.1116666666667,12.7,15.8615953905442,4.82598682755564,NA,1,1,1
"Christine Michael","RB","SEA",28.1625,-85.2491666666667,19.6,14.3939641574747,5.44312130062617,NA,1,1,1
"Christian Ponder","QB","MIN",123.35,-85.528,29,33.6505992418164,8.79635195707957,NA,1,1,1
"DuJuan Harris","RB","GB",27.7825,-85.6291666666667,29.2,10.9412502142123,6.13498517504757,NA,1,1,1
"Charles Clay","TE","MIA",27.625,-85.9291666666667,NA,0.883883476483184,1.83596409293859,NA,1,1,1
"Tiquan Underwood","WR","TB",58.3625,-86.0625,NA,9.10457474295203,3.77936300995104,NA,1,1,1
"Logan Paulsen","TE",NA,27.4625,-86.0916666666667,NA,NA,NA,NA,1,1,1
"Jacoby Ford","WR","OAK",58.295,-86.13,41,5.41352025603489,6.83365753596258,NA,1,1,1
"Keenan Allen","WR","SD",57.775,-86.65,22.7,6.07200286149471,4.81465357164007,NA,1,1,1
"Vonta Leach","RB","BAL",26.7125,-86.6991666666667,NA,2.28863815037094,2.16805279733222,NA,1,1,1
"Darrel Young","RB",NA,26.6,-86.8116666666667,NA,NA,NA,NA,1,1,1
"John Carlson","TE","MIN",26.6125,-86.9416666666667,NA,NA,NA,NA,1,1,1
"Gavin Escobar","TE",NA,26.5,-87.0541666666667,NA,NA,NA,NA,1,1,1
"Brian Leonard","RB","TB",25.6875,-87.7241666666667,NA,13.4860827182445,4.8151661532702,NA,1,1,1
"Virgil Green","TE","DEN",25.25,-88.3041666666667,NA,13.2582521472478,4.76130624409889,NA,1,1,1
"Matt Spaeth","TE",NA,24.75,-88.8041666666667,NA,NA,NA,NA,1,1,1
"Jonathan Dwyer","RB","PIT",24.6075,-88.8041666666667,18.6,16.0699679786032,5.52664646013324,NA,1,1,1
"Delone Carter","RB","IND",24.1825,-89.2291666666667,NA,9.71900490019426,3.92461635464662,NA,1,1,1
"Cameron Morrah","TE",NA,24.25,-89.3041666666667,NA,NA,NA,NA,1,1,1
"Earl Bennett","WR","CHI",54.6375,-89.7875,NA,11.3770024565275,4.31657252365276,NA,1,1,1
"LeGarrette Blount","RB","NE",23.08,-90.3316666666667,17.3,11.4221720378613,4.82831352123751,NA,1,1,1
"Brandon Bolden","RB","NE",22.855,-90.5566666666667,37.7,4.1611193906608,6.30750338324915,NA,1,1,1
"Lance Ball","RB",NA,22.375,-91.0366666666667,NA,NA,NA,NA,1,1,1
"Nick Kasa","TE",NA,22.425,-91.1291666666667,NA,NA,NA,NA,1,1,1
"Dion Lewis","RB","CLE",22.1375,-91.2741666666667,NA,5.94693110632142,3.03288549062497,NA,1,1,1
"Knowshon Moreno","RB","DEN",22.025,-91.3866666666667,28.3,10.6433984576904,5.99665543315529,4.7,5,1,1
"Jarius Wright","WR","MIN",52.875,-91.55,27.9,17.2367038128911,6.73016263656385,NA,1,1,1
"Jordan Reed","TE","WAS",21.6625,-91.8916666666667,NA,38.1572496797791,10.647512558255,NA,1,1,1
"Chris Gragg","TE",NA,21.625,-91.9291666666667,NA,NA,NA,NA,1,1,1
"Bruce Miller","RB",NA,21.325,-92.0866666666667,NA,NA,NA,NA,1,1,1
"Vance McDonald","TE","SF",21.45,-92.1041666666667,NA,24.1653742470503,7.3397863973359,NA,1,1,1
"Bernard Scott","RB","CIN",20.9,-92.5116666666667,23.4,4.51776585640882,4.71114706478527,NA,1,1,1
"Andrew Quarless","TE",NA,20.8625,-92.6916666666667,NA,NA,NA,NA,1,1,1
"Latavius Murray","RB","OAK",20.675,-92.7366666666667,8.7,1.7500892834367,2.69965801882137,NA,1,1,1
"Taylor Thompson","TE","TEN",20.7625,-92.7916666666667,NA,14.1332967889661,4.96816972478809,NA,1,1,1
"Adrien Robinson","TE",NA,20.625,-92.9291666666667,NA,NA,NA,NA,1,1,1
"Leon Washington","RB","NE",20.4125,-92.9991666666667,NA,9.01362105833906,3.75786125463077,NA,1,1,1
"Chris Ogbonnaya","RB","CLE",20.375,-93.0366666666667,NA,6.62028723885905,3.19206913301219,NA,1,1,1
"T.J. Graham","WR","BUF",51.3875,-93.0375,33.5,16.7428249557833,7.31344058497746,NA,1,1,1
"Jorvorski Lane","RB",NA,19.8,-93.6116666666667,NA,NA,NA,NA,1,1,1
"Konrad Reuland","TE",NA,19.875,-93.6791666666667,NA,NA,NA,NA,1,1,1
"Damian Williams","WR","TEN",50.5,-93.925,NA,17.9428345726086,5.86875720132386,NA,1,1,1
"Jeff King","TE","ARI",19.5625,-93.9916666666667,NA,7.06747612305836,3.29778608126905,NA,1,1,1
"Juron Criner","WR","OAK",50.375,-94.05,NA,15.1232462826273,5.20219709688091,NA,1,1,1
"Mario Manningham","WR","SF",50.3625,-94.0625,4.3,11.5749617529966,3.35681667815676,NA,1,1,1
"Lex Hilliard","RB",NA,19.3,-94.1116666666667,NA,NA,NA,NA,1,1,1
"Kellen Davis","TE","CLE",19.425,-94.1291666666667,NA,NA,NA,NA,1,1,1
"Michael Williams","TE",NA,19.25,-94.3041666666667,NA,NA,NA,NA,1,1,1
"Richard Gordon","TE",NA,19.125,-94.4291666666667,NA,NA,NA,NA,1,1,1
"John Phillips","TE",NA,18.8375,-94.7166666666667,NA,NA,NA,NA,1,1,1
"Travaris Cadet","RB",NA,18.675,-94.7366666666667,NA,NA,NA,NA,1,1,1
"Roy Helu","RB","WAS",18.5875,-94.8241666666667,17.1,18.0842540856219,5.59286650387273,NA,1,1,1
"Cierre Wood","RB","HOU",18.4,-95.0116666666667,NA,NA,NA,NA,1,1,1
"Lance Dunbar","RB","DAL",17.5375,-95.8741666666667,NA,5.87099597598227,3.01493417177831,NA,1,1,1
"Chase Coffman","TE",NA,17.625,-95.9291666666667,NA,NA,NA,NA,1,1,1
"Lawrence Vickers","RB",NA,17.25,-96.1616666666667,NA,NA,NA,NA,1,1,1
"Le'Ron McClain","RB","SD",17.1875,-96.2241666666667,NA,3.11022339765704,2.3622782983338,NA,1,1,1
"Stepfan Taylor","RB","ARI",17.1375,-96.2741666666667,40.2,18.7434725721383,8.31761516034223,NA,1,1,1
"Quinton Patton","WR","SF",47.575,-96.85,44.3,5.03278832590179,7.16677266049405,NA,1,1,1
"Jake Ballard","TE",NA,16.675,-96.8791666666667,NA,NA,NA,NA,1,1,1
"Andre Ellington","RB","ARI",16.25,-97.1616666666667,35.2,14.9615827482701,7.29768297909653,NA,1,1,1
"Jordan Shipley","WR","JAC",47.25,-97.175,NA,16.6657813566951,5.56685754880965,NA,1,1,1
"Armando Allen","RB","CHI",15.95,-97.4616666666667,NA,8.39262374548826,3.61105541237946,NA,1,1,1
"Jed Collins","RB","NO",15.875,-97.5366666666667,NA,1.92156267787444,2.08127492761446,NA,1,1,1
"Matt Asiata","RB",NA,15.875,-97.5366666666667,NA,NA,NA,NA,1,1,1
"Steve Maneri","TE",NA,15.75,-97.8041666666667,NA,NA,NA,NA,1,1,1
"Da'Rel Scott","RB","NYG",15.57,-97.8416666666667,NA,5.88312841947208,3.01780232200735,NA,1,1,1
"Ladarius Green","TE",NA,14.9125,-98.6416666666667,NA,NA,NA,NA,1,1,1
"Julian Edelman","WR","NE",45.6325,-98.7925,NA,9.61521786457974,3.9000807522167,NA,1,1,1
"Michael Robinson","RB","SEA",14.45,-98.9616666666667,NA,1.83847763108502,2.06163334459953,NA,1,1,1
"Will Johnson","RB",NA,13.875,-99.5366666666667,NA,NA,NA,NA,1,1,1
"Tashard Choice","RB","BUF",13.2575,-100.154166666667,NA,1.78365203538508,2.04867239036172,NA,1,1,1
"Allen Reisner","TE",NA,13.125,-100.429166666667,NA,NA,NA,NA,1,1,1
"Jacob Hester","RB",NA,12.7,-100.711666666667,NA,NA,NA,NA,1,1,1
"James Hanna","TE",NA,12.7375,-100.816666666667,NA,NA,NA,NA,1,1,1
"Marcus Thigpen","RB",NA,12.45,-100.961666666667,NA,NA,NA,NA,1,1,1
"Erik Lorig","RB",NA,12.375,-101.036666666667,NA,NA,NA,NA,1,1,1
"Travis Benjamin","WR","CLE",43.35,-101.075,NA,8.41457069611991,3.61624374493043,NA,1,1,1
"Mohamed Massaquoi","WR","JAC",43.3375,-101.0875,NA,0.733623285481044,1.80044208110307,NA,1,1,1
"Michael Cox","RB",NA,12.1,-101.311666666667,NA,NA,NA,NA,1,1,1
"Matthew Mulligan","TE",NA,12.1875,-101.366666666667,NA,NA,NA,NA,1,1,1
"Terrance Williams","WR","DAL",42.9625,-101.4625,NA,17.1304443140227,5.67670542641205,NA,1,1,1
"Anthony Dixon","RB",NA,11.7,-101.711666666667,NA,NA,NA,NA,1,1,1
"Cedric Peerman","RB",NA,11.5,-101.911666666667,NA,NA,NA,NA,1,1,1
"Anthony Allen","RB","BAL",11.3625,-102.049166666667,NA,2.97868731574833,2.33118272852787,NA,1,1,1
"Michael Hoomanawanui","TE",NA,11.3875,-102.166666666667,NA,NA,NA,NA,1,1,1
"Joe McKnight","RB","NYJ",11.1125,-102.299166666667,NA,13.8389114004679,4.89857603410598,NA,1,1,1
"Evan Rodriguez","TE","CHI",11.0625,-102.491666666667,NA,2.1655145173838,2.13894595859448,NA,1,1,1
"Rex Burkhead","RB","CIN",10.825,-102.586666666667,NA,3.83605428793702,2.53386714900112,NA,1,1,1
"Nate Washington","WR","TEN",40.85,-103.575,14.6,28.49590134088,6.5370873860467,NA,1,1,1
"Levine Toilolo","TE",NA,9.8125,-103.741666666667,NA,NA,NA,NA,1,1,1
"Kyle Adams","TE",NA,9.75,-103.804166666667,NA,NA,NA,NA,1,1,1
"Lee Smith","TE",NA,9.6875,-103.866666666667,NA,NA,NA,NA,1,1,1
"D.J. Williams","TE",NA,9.5,-104.054166666667,NA,NA,NA,NA,1,1,1
"Alex Green","RB","GB",9.245,-104.166666666667,NA,7.54162988020494,3.40987761569933,NA,1,1,1
"Michael Egnew","TE",NA,9.375,-104.179166666667,NA,NA,NA,NA,1,1,1
"Niles Paul","TE",NA,9.25,-104.304166666667,NA,NA,NA,NA,1,1,1
"Kenjon Barner","RB","CAR",9,-104.411666666667,NA,NA,NA,NA,1,1,1
"Louis Murphy","WR","NYG",39.875,-104.55,NA,2.18760714023336,2.1441687285451,NA,1,1,1
"Chris Polk","RB","PHI",8.6375,-104.774166666667,NA,2.64281159468472,2.25178058442495,NA,1,1,1
"Ben Hartsock","TE",NA,8.75,-104.804166666667,NA,NA,NA,NA,1,1,1
"Mike McNeill","TE",NA,8.625,-104.929166666667,NA,NA,NA,NA,1,1,1
"Rhett Ellison","TE",NA,8.625,-104.929166666667,NA,NA,NA,NA,1,1,1
"Brett Brackett","TE",NA,8.5,-105.054166666667,NA,NA,NA,NA,1,1,1
"Tommy Gallarda","TE",NA,8.375,-105.179166666667,NA,NA,NA,NA,1,1,1
"Orson Charles","TE",NA,8,-105.554166666667,NA,NA,NA,NA,1,1,1
"Tommy Streeter","WR","BAL",38.7125,-105.7125,NA,6.65564257791838,3.20042725344408,NA,1,1,1
"Bear Pascoe","TE",NA,7.75,-105.804166666667,NA,NA,NA,NA,1,1,1
"Garrett Celek","TE",NA,7.75,-105.804166666667,NA,NA,NA,NA,1,1,1
"Will Ta'ufo'ou","RB",NA,7.6,-105.811666666667,NA,NA,NA,NA,1,1,1
"Anthony Sherman","RB",NA,7.575,-105.836666666667,NA,NA,NA,NA,1,1,1
"Doug Baldwin","WR","SEA",38.5875,-105.8375,3.4,2.85494362904068,2.22297278381532,NA,1,1,1
"Richie Brockel","TE",NA,7.625,-105.929166666667,NA,NA,NA,NA,1,1,1
"Weslye Saunders","TE",NA,7.625,-105.929166666667,NA,NA,NA,NA,1,1,1
"Greg Jones","RB",NA,7.375,-106.036666666667,NA,NA,NA,NA,1,1,1
"Ryan Griffin","TE",NA,7.3125,-106.241666666667,NA,NA,NA,NA,1,1,1
"Gary Barnidge","TE",NA,7.125,-106.429166666667,NA,NA,NA,NA,1,1,1
"Darius Reynaud","RB",NA,6.95,-106.461666666667,NA,NA,NA,NA,1,1,1
"Dorin Dickerson","RB",NA,6.75,-106.661666666667,NA,NA,NA,NA,1,1,1
"Quinn Johnson","RB",NA,6.725,-106.686666666667,NA,NA,NA,NA,1,1,1
"Dion Sims","TE",NA,6.75,-106.804166666667,NA,NA,NA,NA,1,1,1
"Edwin Baker","RB",NA,6.4,-107.011666666667,NA,NA,NA,NA,1,1,1
"Kerwynn Williams","RB","IND",6.275,-107.136666666667,NA,NA,NA,NA,1,1,1
"Jeremy Stewart","RB",NA,6.2,-107.211666666667,NA,NA,NA,NA,1,1,1
"James Starks","RB","GB",5.775,-107.636666666667,2.5,12.2542594635498,3.23086447170511,NA,1,1,1
"D.C. Jefferson","TE",NA,5.8125,-107.741666666667,NA,NA,NA,NA,1,1,1
"Ben Obomanu","WR","SEA",36.625,-107.8,NA,4.15425233947097,2.6090902328881,NA,1,1,1
"Nate Byham","TE",NA,5.75,-107.804166666667,NA,NA,NA,NA,1,1,1
"Ray Graham","RB","HOU",5.3,-108.111666666667,NA,NA,NA,NA,1,1,1
"Jalen Parmele","RB",NA,5.2,-108.211666666667,NA,NA,NA,NA,1,1,1
"Theo Riddick","RB",NA,5.1,-108.311666666667,NA,NA,NA,NA,1,1,1
"Jonathan Grimes","RB",NA,4.9,-108.511666666667,NA,NA,NA,NA,1,1,1
"Julius Thomas","TE",NA,5,-108.554166666667,NA,NA,NA,NA,1,1,1
"Bradie Ewing","RB",NA,4.5,-108.911666666667,NA,NA,NA,NA,1,1,1
"Chris Thompson","RB","WAS",4.5,-108.911666666667,NA,NA,NA,NA,1,1,1
"Harvey Unga","RB",NA,4.5,-108.911666666667,NA,NA,NA,NA,1,1,1
"Phillip Tanner","RB","DAL",4.4,-109.011666666667,NA,14.4479593065941,5.04255699663188,NA,1,1,1
"Keshawn Martin","WR","HOU",34.9925,-109.4325,NA,9.08136358612149,3.77387581482536,NA,1,1,1
"Chris Pressley","RB",NA,3.875,-109.536666666667,NA,NA,NA,NA,1,1,1
"Michael Smith","RB",NA,3.8,-109.611666666667,NA,NA,NA,NA,1,1,1
"Marvin Jones","WR","CIN",34.8075,-109.6175,18.4,7.46186820329422,4.48623840873829,NA,1,1,1
"Antone Smith","RB",NA,3.6,-109.811666666667,NA,NA,NA,NA,1,1,1
"Damien Berry","RB",NA,3.6,-109.811666666667,NA,NA,NA,NA,1,1,1
"Jerome Felton","RB",NA,3.5,-109.911666666667,NA,NA,NA,NA,1,1,1
"Owen Marecic","RB","CLE",3.5,-109.911666666667,NA,7.86656294070034,3.48669287823619,NA,1,1,1
"Terrance Ganaway","RB","STL",2.45,-110.961666666667,NA,NA,NA,NA,1,1,1
"Cyrus Gray","RB","KC",2.25,-111.161666666667,NA,NA,NA,NA,1,1,1
"Josh Boyce","WR","NE",32.4625,-111.9625,NA,3.28053762108185,2.40254115052308,NA,1,1,1
"Stedman Bailey","WR","STL",32.3625,-112.0625,NA,18.1138083263386,5.90917596868369,NA,1,1,1
"Geno Smith","QB","NYJ",96.688,-112.19,55.9,16.8644167702296,9.89443396258645,NA,1,1,1
"Tandon Doss","WR","BAL",31.0625,-113.3625,NA,2.25390286503212,2.1598412596742,NA,1,1,1
"Beanie Wells","RB","FA",0,-113.411666666667,25,28.4433702732289,7.72252360036699,NA,1,1,1
"Brandon Jacobs","RB","FA",0,-113.411666666667,NA,NA,NA,NA,1,1,1
"Cedric Benson","RB","FA",0,-113.411666666667,11.1,40.8177389439935,7.59251466691234,NA,1,1,1
"Jackie Battle","RB","FA",0,-113.411666666667,NA,NA,NA,NA,1,1,1
"Jamie Harper","RB","TEN",0,-113.411666666667,NA,NA,NA,NA,1,1,1
"Javon Ringer","RB","FA",0,-113.411666666667,NA,NA,NA,NA,1,1,1
"Jorvorskie Lane","RB","MIA",0,-113.411666666667,NA,19.1767359057792,6.1604556043967,NA,1,1,1
"Kyle Juszczyk","RB",NA,0,-113.411666666667,NA,NA,NA,NA,1,1,1
"Marcus Lattimore","RB","SF",0,-113.411666666667,NA,NA,NA,NA,1,1,1
"Michael Turner","RB","FA",0,-113.411666666667,24,53.8992143959446,10.6168656602321,1,2,1,1
"Montell Owens","RB","JAC",0,-113.411666666667,NA,NA,NA,NA,1,1,1
"Peyton Hillis","RB","FA",0,-113.411666666667,27.9,13.4880618511334,6.28706688630363,NA,1,1,1
"Ronnie Wingo","RB",NA,0,-113.411666666667,NA,NA,NA,NA,1,1,1
"Shaun Chapas","RB","DET",0,-113.411666666667,NA,NA,NA,NA,1,1,1
"Stanley Havili","RB","IND",0,-113.411666666667,NA,NA,NA,NA,1,1,1
"Taiwan Jones","RB","OAK",0,-113.411666666667,NA,NA,NA,NA,1,1,1
"Anthony McCoy","TE","SEA",0,-113.554166666667,NA,24.8989975325313,7.51321739629755,NA,1,1,1
"Brody Eldridge","TE",NA,0,-113.554166666667,NA,NA,NA,NA,1,1,1
"Clay Harbor","TE","PHI",0,-113.554166666667,NA,NA,NA,NA,1,1,1
"David Johnson","TE",NA,0,-113.554166666667,NA,NA,NA,NA,1,1,1
"David Thomas","TE","NO",0,-113.554166666667,NA,NA,NA,NA,1,1,1
"Kevin Boss","TE","KC",0,-113.554166666667,NA,NA,NA,NA,1,1,1
"Ryan Taylor","TE",NA,0,-113.554166666667,NA,NA,NA,NA,1,1,1
"Kris Durham","WR","DET",29.625,-114.8,NA,5.30330085889911,2.88072914692441,NA,1,1,1
"LaVon Brazill","WR","IND",28.8125,-115.6125,NA,7.11526198568963,3.3090828190586,NA,1,1,1
"Brad Smith","WR",NA,28.375,-116.05,NA,NA,NA,NA,1,1,1
"Eddie Royal","WR","SD",27.4875,-116.9375,NA,17.4213433214836,5.74547492495354,NA,1,1,1
"Lestar Jean","WR","HOU",26.7875,-117.6375,NA,8.37037652229576,3.60579609439057,NA,1,1,1
"Da'Rick Rogers","WR","BUF",26.75,-117.675,NA,NA,NA,NA,1,1,1
"Marquise Goodwin","WR","BUF",26.0075,-118.4175,NA,12.1084663046151,4.48949302439038,NA,1,1,1
"Corey Fuller","WR","DET",25.2125,-119.2125,NA,12.666050218004,4.62130772686479,NA,1,1,1
"Rishard Matthews","WR","MIA",24.5,-119.925,NA,10.8717667607432,4.19713311494655,NA,1,1,1
"Arrelious Benn","WR",NA,22.625,-121.8,NA,NA,NA,NA,1,1,1
"Donald Jones","WR","NE",21.75,-122.675,7.5,27.6036809705699,5.61809824699308,NA,1,1,1
"Kevin Ogletree","WR","TB",21.0675,-123.3575,NA,18.6952129010789,6.04662195519155,NA,1,1,1
"Ryan Swope","WR","ARI",20.8125,-123.6125,NA,10.1204658057325,4.01952305576896,NA,1,1,1
"Cole Beasley","WR",NA,20.5625,-123.8625,NA,NA,NA,NA,1,1,1
"Jerricho Cotchery","WR","PIT",20.4375,-123.9875,NA,23.358538098163,7.14904763253766,NA,1,1,1
"Mike Thomas","WR","DET",20,-124.425,NA,11.667261889578,4.385190824664,NA,1,1,1
"Clyde Gates","WR",NA,19.875,-124.55,NA,NA,NA,NA,1,1,1
"Deonte Thompson","WR",NA,19.875,-124.55,NA,NA,NA,NA,1,1,1
"Robert Meachem","WR","SD",19.2825,-125.1425,10.7,11.3024102333676,4.05792092456742,NA,1,1,1
"Michael Crabtree","WR","SF",18.6875,-125.7375,39.95,33.1102750290601,9.98714991830103,1,2,1,1
"Justin Brown","WR","PIT",18.5,-125.925,NA,11.8440385848747,4.42698142682343,NA,1,1,1
"Kealoha Pilares","WR",NA,18.375,-126.05,NA,NA,NA,NA,1,1,1
"Nick Toon","WR","NO",17.6625,-126.7625,NA,0.503813581595414,1.74611429829581,NA,1,1,1
"Andre Caldwell","WR","DEN",17.625,-126.8,NA,9.89949493661167,3.96728480306967,NA,1,1,1
"Ace Sanders","WR","JAC",17.08,-127.345,NA,29.0963487113647,8.50548525685297,NA,1,1,1
"Tavarres King","WR","DEN",16.875,-127.55,NA,11.1369318036881,4.2598190181857,NA,1,1,1
"Chris Harper","WR","SEA",15.3125,-129.1125,NA,8.08753380982114,3.53893113093548,NA,1,1,1
"Riley Cooper","WR",NA,14.375,-130.05,NA,NA,NA,NA,1,1,1
"David Nelson","WR","CLE",13.875,-130.55,NA,6.80590276892052,3.23594926527959,NA,1,1,1
"Blaine Gabbert","QB","JAC",78.278,-130.6,NA,37.3055183942894,10.4461604329711,NA,1,1,1
"Ted Ginn Jr.","WR",NA,13.125,-131.3,NA,NA,NA,NA,1,1,1
"Jarrett Boykin","WR",NA,12.5,-131.925,NA,NA,NA,NA,1,1,1
"Kenny Stills","WR","NO",12.4625,-131.9625,NA,20.544944380147,6.48390466496163,NA,1,1,1
"Aldrick Robinson","WR","WAS",12.0625,-132.3625,NA,21.0806209141239,6.6105403896538,NA,1,1,1
"Stephen Burton","WR",NA,11.875,-132.55,NA,NA,NA,NA,1,1,1
"Derek Hagan","WR","OAK",11.125,-133.3,NA,25.1022907321224,7.56127658878089,NA,1,1,1
"Kevin Walter","WR","TEN",10.75,-133.675,NA,24.2184072556393,7.35232357798373,NA,1,1,1
"Devon Wylie","WR",NA,10.625,-133.8,NA,NA,NA,NA,1,1,1
"Marquess Wilson","WR","CHI",10.25,-134.175,NA,14.2305239713793,4.99115455597577,NA,1,1,1
"Jordan White","WR",NA,10,-134.425,NA,NA,NA,NA,1,1,1
"Anthony Armstrong","WR",NA,9.625,-134.8,NA,NA,NA,NA,1,1,1
"Plaxico Burress","WR","PIT",9.625,-134.8,NA,51.4420183313213,13.7880763105364,NA,1,1,1
"Chad Henne","QB","JAC",74.02,-134.858,NA,24.091814958612,7.32239673546279,NA,1,1,1
"Brice Butler","WR","OAK",9.375,-135.05,NA,9.63432989366671,3.90459889983052,NA,1,1,1
"DeVier Posey","WR","HOU",9,-135.425,NA,14.3189123190276,5.01204985705549,NA,1,1,1
"Kevin Cone","WR",NA,8.875,-135.55,NA,NA,NA,NA,1,1,1
"Devin Hester","WR","CHI",8.75,-135.675,NA,32.4385235869329,9.29558657839736,NA,1,1,1
"Alan Bonner","WR",NA,8.625,-135.8,NA,NA,NA,NA,1,1,1
"Ramses Barden","WR","NYG",8.5,-135.925,NA,28.9029896810001,8.4597745352087,NA,1,1,1
"Austin Pettis","WR","STL",8.4375,-135.9875,NA,23.1135529100353,7.09113231448727,NA,1,1,1
"Drew Davis","WR",NA,8.375,-136.05,NA,NA,NA,NA,1,1,1
"Brandon Tate","WR","CIN",8.125,-136.3,NA,13.7001938854894,4.86578274949747,NA,1,1,1
"Laron Byrd","WR",NA,8,-136.425,NA,NA,NA,NA,1,1,1
"Kyle Williams","WR","SF",7.8125,-136.6125,NA,46.359688341543,12.5865964984527,NA,1,1,1
"Nathan Palmer","WR",NA,7.5,-136.925,NA,NA,NA,NA,1,1,1
"Armon Binns","WR",NA,7.125,-137.3,NA,NA,NA,NA,1,1,1
"David Reed","WR","BAL",6.375,-138.05,NA,19.4454364826301,6.22397731967904,NA,1,1,1
"Aaron Mellette","WR",NA,5.625,-138.8,NA,NA,NA,NA,1,1,1
"Michael Jenkins","WR","NE",5.625,-138.8,NA,26.2513392515506,7.83291550281721,NA,1,1,1
"Brandon Lloyd","WR","FA",0,-144.425,24,91.9238815542512,15.1114449224791,1.2,2,1,37
"Braylon Edwards","WR","NYJ",0,-144.425,NA,NA,NA,NA,1,1,1
"Charles Johnson","WR","GB",0,-144.425,NA,NA,NA,NA,1,1,1
"Chaz Schilens","WR","NYJ",0,-144.425,NA,NA,NA,NA,1,1,1
"Cobi Hamilton","WR","CIN",0,-144.425,NA,NA,NA,NA,1,1,1
"Courtney Roby","WR","NO",0,-144.425,NA,NA,NA,NA,1,1,1
"Deion Branch","WR","NE",0,-144.425,NA,NA,NA,NA,1,1,1
"Deon Butler","WR","SD",0,-144.425,NA,NA,NA,NA,1,1,1
"Devery Henderson","WR","NO",0,-144.425,NA,NA,NA,NA,1,1,1
"Devin Aromashodu","WR","MIN",0,-144.425,NA,NA,NA,NA,1,1,1
"Devin Thomas","WR",NA,0,-144.425,NA,NA,NA,NA,1,1,1
"Eric Weems","WR","CHI",0,-144.425,NA,NA,NA,NA,1,1,1
"Jamar Newsome","WR",NA,0,-144.425,NA,NA,NA,NA,1,1,1
"Josh Cribbs","WR","OAK",0,-144.425,NA,NA,NA,NA,1,1,1
"Kevin Dorsey","WR","GB",0,-144.425,NA,NA,NA,NA,1,1,1
"Laurent Robinson","WR","JAC",0,-144.425,5.8,NA,2.69400647956164,NA,1,1,1
"Lavelle Hawkins","WR","NE",0,-144.425,NA,NA,NA,NA,1,1,1
"Matthew Slater","WR","NE",0,-144.425,NA,NA,NA,NA,1,1,1
"Randy Moss","WR","SF",0,-144.425,4.7,NA,2.44192762921081,NA,1,1,1
"Richard Goodman","WR",NA,0,-144.425,NA,NA,NA,NA,1,1,1
"Ryan Whalen","WR",NA,0,-144.425,NA,NA,NA,NA,1,1,1
"Ted Ginn","WR","CAR",0,-144.425,NA,NA,NA,NA,1,1,1
"Terrance Copper","WR",NA,0,-144.425,NA,NA,NA,NA,1,1,1
"Kevin Kolb","QB","BUF",63.602,-145.276,50.8,16.7222072705729,9.2932599542207,NA,1,1,1
"Mark Sanchez","QB","NYJ",55.558,-153.32,NA,14.3113777929776,5.01026866989117,NA,1,1,1
"Matt Cassel","QB","MIN",55.19,-153.688,NA,23.5841071062697,7.20237290067589,NA,1,1,1
"Kirk Cousins","QB","WAS",45.498,-163.38,NA,9.762,3.93478054007712,NA,1,1,1
"Nick Foles","QB","PHI",39.578,-169.3,NA,26.5480658680314,7.90306266762678,NA,1,1,1
"Ryan Fitzpatrick","QB","TEN",39.32,-169.558,19,10.8965154980847,4.96096824151025,NA,1,1,1
"Jason Campbell","QB","CLE",34.86,-174.018,NA,7.79402985196575,3.46954581340609,NA,1,1,1
"Bruce Gradkowski","QB","PIT",18.56,-190.318,NA,7.15003785537764,3.31730395099254,NA,1,1,1
"Tyler Wilson","QB","OAK",16.66,-192.218,NA,15.3159328805006,5.24774885323469,NA,1,1,1
"Chase Daniel","QB","KC",14.522,-194.356,NA,NA,NA,NA,1,1,1
"Colt McCoy","QB",NA,11.768,-197.11,NA,NA,NA,NA,1,1,1
"Matt Moore","QB",NA,10.798,-198.08,NA,NA,NA,NA,1,1,1
"Terrelle Pryor","QB","OAK",9.48,-199.398,NA,18.8179550784174,6.07563861653781,NA,1,1,1
"Seneca Wallace","QB",NA,8.24,-200.638,NA,NA,NA,NA,1,1,1
"Domanique Davis","QB",NA,7.81,-201.068,NA,NA,NA,NA,1,1,1
"Drew Stanton","QB","ARI",7.548,-201.33,NA,0.733976838871636,1.80052566230739,NA,1,1,1
"Josh Johnson","QB","CIN",6.58,-202.298,NA,NA,NA,NA,1,1,1
"Josh McCown","QB","CHI",6.578,-202.3,NA,0.916410388417765,1.84365356373593,NA,1,1,1
"Kyle Orton","QB","DAL",6.502,-202.376,NA,2.96419162673401,2.3277558991508,NA,1,1,1
"Tyrod Taylor","QB","BAL",6.122,-202.756,NA,0.721248916810278,1.79751673895191,NA,1,1,1
"Matt Barkley","QB","PHI",5.99,-202.888,NA,23.8521259429846,7.26573345030939,NA,1,1,1
"Shaun Hill","QB","DET",3.81,-205.068,NA,1.08045916165304,1.88243524253988,NA,1,1,1
"Derek Anderson","QB","CAR",2.97,-205.908,NA,NA,NA,NA,1,1,1
"Dan Orlovsky","QB","TB",1.78,-207.098,NA,1.019647978471,1.86805927539704,NA,1,1,1
"Matt Hasselbeck","QB","IND",1.71,-207.168,NA,NA,NA,NA,1,1,1
"Luke McCown","QB",NA,1.582,-207.296,NA,NA,NA,NA,1,1,1
"Graham Harrell","QB","GB",1.578,-207.3,NA,2.92883628767468,2.31939777871891,NA,1,1,1
"Austin Davis","QB",NA,1.52,-207.358,NA,NA,NA,NA,1,1,1
"Brady Quinn","QB",NA,1.498,-207.38,NA,NA,NA,NA,1,1,1
"Charlie Whitehurst","QB","SD",1.442,-207.436,NA,2.79307178568686,2.28730259626047,NA,1,1,1
"Ryan Mallett","QB","NE",1.282,-207.596,NA,0.584070201260088,1.76508723167619,NA,1,1,1
"Brock Osweiler","QB","DEN",1.2,-207.678,NA,2.77892965006313,2.28395934808771,NA,1,1,1
"Ryan Nassib","QB",NA,0.91,-207.968,NA,NA,NA,NA,1,1,1
"Mike Glennon","QB",NA,0.87,-208.008,NA,NA,NA,NA,1,1,1
"Taylor Yates","QB",NA,0.87,-208.008,NA,NA,NA,NA,1,1,1
"David Carr","QB","NYG",0.86,-208.018,NA,0.390322943214974,1.71928473170946,NA,1,1,1
"Kellen Clemens","QB","STL",0.84,-208.038,NA,NA,NA,NA,1,1,1
"John Skelton","QB",NA,0.72,-208.158,NA,NA,NA,NA,1,1,1
"B.J. Coleman","QB",NA,0,-208.878,NA,NA,NA,NA,1,1,1
"Brian Hoyer","QB","CLE",0,-208.878,NA,2.19344523524067,2.14554887373567,NA,1,1,1
"Byron Leftwich","QB","PIT",0,-208.878,NA,NA,NA,NA,1,1,1
"Curtis Painter","QB","NYG",0,-208.878,NA,1.29400540957138,1.93291828994848,NA,1,1,1
"David Garrard","QB","NYJ",0,-208.878,NA,5.3669404692059,2.89577376370181,NA,1,1,1
"Dennis Dixon","QB","PHI",0,-208.878,NA,3.43795317012899,2.43975471293808,NA,1,1,1
"Jeff Tuel","QB",NA,0,-208.878,NA,NA,NA,NA,1,1,1
"Landry Jones","QB",NA,0,-208.878,NA,NA,NA,NA,1,1,1
"Matt Leinart","QB","OAK",0,-208.878,NA,NA,NA,NA,1,1,1
"Scott Tolzien","QB",NA,0,-208.878,NA,NA,NA,NA,1,1,1
"T.J. Yates","QB","HOU",0,-208.878,NA,1.62775981029143,2.01181894682549,NA,1,1,1
"Tim Tebow","QB",NA,0,-208.878,NA,NA,NA,NA,1,1,1
"Tyler Thigpen","QB",NA,0,-208.878,NA,NA,NA,NA,1,1,1
