"name","pos","team","overallRank","projections","projectedPts_espn","projectedPts_cbs","projectedPts_nfl","projectedPts_fp","projectedPtsAvg","projectedPtsLatent","actualPts","pick","sdPts","sdPick","risk"
"Aaron Rodgers","QB","GB",1,345.036,351.26,351.02,334.68,345.036,344.624,344.624,331.58,20.1,7.76607348235473,7.85,3.58432357725437
"Drew Brees","QB","NO",2,326.868,319.5,335.158,327.68,326.868,326.293166666667,321.47247443389,326.58,23.3,6.40102020514439,8.3,3.42003622533542
"Cam Newton","QB","CAR",3,310.062,316.92,328.618,295.52,310.062,311.98,332.083968357753,308.61,39.6,13.8236146744137,9.6,4.73714403457764
"Peyton Manning","QB","DEN",4,309.644,314.2,316.67,330.96,309.644,316.8935,321.148120540401,298.06,32.85,9.2000736772412,9.7,4.01961276211582
"Tom Brady","QB","NE",5,295.654,330.9,291.728,312.28,295.654,306.857166666667,338.204641197676,334.28,47.5,17.8830752295758,13.35,5.80119575339494
"Colin Kaepernick","QB","SF",6,294.896,304.32,296.932,297.08,294.896,296.948666666667,285.51018132097,169.06,65.3,4.13066758123509,13.35,3.6333066321911
"Matt Ryan","QB","ATL",7,291.134,307.48,298.218,266.72,291.134,289.888,319.964214490305,290.56,51.3,17.4468345170884,11.4,5.51188029974633
"Adrian Peterson","RB","MIN",8,283.4625,291.7,284.7925,296.9,283.4625,288.56375,283.170061499511,312.83,1.15,6.26855130127101,0.4,2.50565307600699
"Andrew Luck","QB","IND",9,281.586,277.34,288.97,324.6,281.586,291.915666666667,332.755585239363,256.46,70.3,21.5271486887295,12.55,6.28515565482415
"Russell Wilson","QB","SEA",10,281.344,287.84,286.58,274.8,281.344,281.416,275.983385757127,263.62,68.05,5.93601471247055,12.6,3.83307019010259
"Robert Griffin III","QB","WAS",11,279.746,268.08,296.222,283.78,279.746,280.548666666667,292.12306496085,312.6,67.55,11.6085199171413,13.3,4.80643822533327
"Matthew Stafford","QB","DET",12,275.634,278.1,287.38,254.22,275.634,272.7585,291.015537663362,256.66,59.7,14.0195324101769,9.95,4.80761342418435
"Arian Foster","RB","HOU",13,270.7025,276.15,271.325,325.925,270.7025,285.508958333333,338.545369280302,266.53,2.85,26.7107633092448,1.25,5.82423949275987
"Calvin Johnson","WR","DET",14,267.1675,285.75,270.8375,246.25,267.1675,267.399583333333,290.206130209881,268.5,7.65,16.2877710389318,2.6,4.33387652986008
"Tony Romo","QB","DAL",15,266.076,275.24,275.682,249.36,266.076,265.4645,278.095555363344,256.9,78.25,12.3102133612704,11.45,4.70781350858804
"Jamaal Charles","RB","KC",16,251.545,245.15,264.0875,253.025,251.545,252.960208333333,252.376102068713,208.4,4.3,7.87096017411473,1.55,2.88831872273427
"Doug Martin","RB","TB",17,251.4875,242.15,259.6675,255,251.4875,251.82625,249.876396269022,274.4,3.5,7.4173772599664,1.4,2.79985203376749
"C.J. Spiller","RB","BUF",18,240.745,245.425,243.7175,252.45,240.745,244.867708333333,237.037529278417,220.78,6.85,4.96880199134225,2.6,2.54958751742137
"Eli Manning","QB","NYG",19,239.166,219.58,249.458,233.44,239.166,234.502666666667,245.724693613871,216.92,95.6,12.4622581688339,12.3,4.82791760384839
"A.J. Green","WR","CIN",20,238.26,236.575,240.2875,226.1,238.26,235.893958333333,230.697701350976,237.55,13.7,6.32197898044328,3.1,2.8194490658897
"Marshawn Lynch","RB","SEA",21,237.0775,242.525,245.3125,254.05,237.0775,244.132916666667,241.279205140277,252.5,6.6,7.08575992748837,2.6,2.88329854440441
"Ray Rice","RB","BAL",22,234.675,247.25,238,238.2,234.675,239.172916666667,232.209708746739,236.05,8.2,5.39379948799236,2.1,2.56003216855345
"Trent Richardson","RB","CLE",23,232.88,237.85,243.5075,223.8,232.88,234.092708333333,234.517742188691,212.88,10.15,8.35606774919679,3.05,3.13444177037988
"Andy Dalton","QB","CIN",24,231.844,204.94,236.87,237.24,231.844,226.8235,244.286051417688,230.76,118.15,15.3871009506881,14.85,5.57738981944736
"Brandon Marshall","WR","CHI",25,231.455,230.925,236.5,237.875,231.455,234.132916666667,222.687494183446,258.3,16.8,3.51453025547748,3.35,2.40516645297053
"Dez Bryant","WR","DAL",26,230.5125,241.925,235.9,219.5,230.5125,231.813541666667,234.663590560043,242.57,16.15,9.52490909296077,3.55,3.37524518950862
"Josh Freeman","QB","TB",27,226.716,210.74,234.55,242.52,226.716,227.689833333333,240.341525901529,229.5,133.8,13.560899515396,16.7,5.4987504015708
"Ben Roethlisberger","QB","PIT",28,226.662,220.1,241.93,219.82,226.662,226.144666666667,231.724423815564,212.8,114.8,10.3620462586628,16.25,4.94359694151519
"LeSean McCoy","RB","PHI",29,226.5025,220.125,241.12,223.625,226.5025,227.418125,229.783184827757,152.63,8.25,9.22739972739703,2.7,3.23221048886825
"Julio Jones","WR","ATL",30,225.745,219.775,228.2,215.9,225.745,224.073333333333,216.366864996365,213.75,20.45,5.59671183225769,4.15,2.82387656504529
"Michael Vick","QB","PHI",31,222.694,193.74,245.102,234.1,222.694,222.867333333333,254.517859663726,139.18,118.1,22.0955841440471,21.1,7.34177920658556
"Joe Flacco","QB","BAL",32,221.912,215.38,231.018,214.2,221.912,219.385833333333,219.23599378143,220.88,125.9,7.71279117224539,15.95,4.49204573320473
"Philip Rivers","QB","SD",33,219.36,211.06,221.162,222,219.36,217.312166666667,211.050052943112,188.24,130.85,5.01284227426584,17.35,4.22477569879575
"Demaryius Thomas","WR","DEN",34,218.7375,216.125,226.5,207.5,218.7375,216.857291666667,216.093772195225,231.25,23.15,7.83365718523815,3.75,3.13126149167179
"Alfred Morris","RB","WAS",35,218.4675,228.325,216.0325,229.3,218.4675,222.38125,219.113320411951,242.63,12.2,6.7609499147679,4.6,3.05829926908913
"Matt Schaub","QB","HOU",36,218.266,221.38,224.51,199,218.266,214.730666666667,222.621497543594,210.67,153.7,11.4792736704027,18.8,5.40812198303411
"Jay Cutler","QB","CHI",37,215.756,196.84,239.35,186.88,215.756,208.5065,241.411352926537,168.62,129.5,23.1079313007461,17.15,7.05461206658634
"Matt Forte","RB","CHI",38,212.51,196.3,223.98,200.025,212.51,207.695416666667,217.141801978533,186.9,16.15,12.5966274421635,4.4,3.95559804049503
"Sam Bradford","QB","STL",39,211.842,201.32,220.572,187.68,211.842,204.0785,217.605127394488,216.78,133.6,14.1695106831535,18,5.74172191052712
"Andre Johnson","WR","HOU",40,210.925,212.5,216.8375,202.25,210.925,210.448958333333,205.824041128458,225.75,31.7,6.11940539561102,5.2,3.02502892281582
"Alex Smith","QB","KC",41,209.486,169.34,229.09,191.92,209.486,199.184,234.938747429989,116.68,161,25.4396512816771,25.6,8.37788446737485
"Roddy White","WR","ATL",42,208.3875,209.25,215.55,188.5,208.3875,205.413541666667,212.270652241254,211.88,31.1,11.7243086816452,5.05,3.89160419160571
"Steven Jackson","RB","ATL",43,207.63,203.975,215.605,195.675,207.63,205.454583333333,205.459591087579,170.33,16,8.27261282284302,4.95,3.33617886047791
"Larry Fitzgerald","WR","ARI",44,207.575,199,214.775,197.25,207.575,204.608333333333,204.126189102632,126.75,27.1,8.11898495297699,4.7,3.2836860620558
"Ryan Tannehill","QB","MIA",45,206.474,203.66,231.37,123.46,206.474,190.407666666667,268.502728636526,167.16,149.2,46.8717272706408,22,11.3492088572857
"Carson Palmer","QB","ARI",46,206.22,211.58,209.95,210.74,206.22,208.355833333333,197.004935537041,207.32,137,2.36395678189485,17.4,3.8128682457784
"Vincent Jackson","WR","TB",47,204.0125,208.75,204.65,201.625,204.0125,204.617708333333,193.698856248338,227.04,34.9,2.96193516063963,5.65,2.57819022986967
"Randall Cobb","WR","GB",48,203.28,203.55,197.3625,208.5,203.28,207.188125,195.345634486021,209.57,31.6,4.55676848901718,5.65,2.8295950682901
"Jimmy Graham","TE","NO",49,201.6375,205.875,196.7875,209.25,201.6375,203.370833333333,197.11380385997,176.75,17.3,5.39070380377182,4.45,2.82533248798801
"Chris Johnson","RB","TEN",50,200.675,186.3,207.8125,199.325,200.675,198.053125,199.506656635662,178.3,21.25,8.96234236844178,5.45,3.50145650392852
"Reggie Bush","RB","DET",51,199.3475,176.55,208.045,220.375,199.3475,200.604375,220.139181900218,178.1,31.35,18.4890120944621,8.4,5.33686187928667
"Stevan Ridley","RB","NE",52,198.965,189.325,199.4925,210.625,198.965,199.076875,199.845931943739,200.68,21.65,8.70901864328965,6.8,3.61421020023881
"Maurice Jones-Drew","RB","JAC",53,197.9625,182.2,203.95,199.675,197.9625,195.530208333333,197.879906622583,65.23,23.5,9.50417876844181,7.55,3.82438296292604
"Victor Cruz","WR","NYG",54,196.1375,178.375,203.0125,183.625,196.1375,190.083333333333,195.740974366068,198.5,34.05,11.2907733348961,5.2,3.84022816530417
"Jake Locker","QB","TEN",55,193.096,163.1,222.922,169.8,193.096,186.1545,221.660612887943,119.14,180.5,27.0455826276061,17.8,7.74884776501571
"Percy Harvin","WR","SEA",56,190.14,208.425,177.1625,189.45,190.14,197.126875,198.878623512524,133.71,31.75,12.8828374810249,6.45,4.23257324073801
"DeMarco Murray","RB","DAL",57,188.8925,163.625,199.27,214.3,188.8925,191.130208333333,214.182437325098,117.68,32.35,21.3231147442355,8.3,5.77231135010413
"Reggie Wayne","WR","IND",58,187.325,181.25,186.6375,203.75,187.325,189.640625,191.487404563962,201.88,48.55,9.72656036646563,7.3,3.83116319187135
"Marques Colston","WR","NO",59,187.2625,181.125,192.2875,181.125,187.2625,185.191666666667,179.868404747743,199.25,42.15,5.39900646724315,5.95,2.99629341077164
"Brandon Weeden","QB","CLE",60,185.14,159.78,199.742,158.04,185.14,174.783833333333,196.214464527634,147.38,188.6,20.2686207637981,32.8,8.37706856852606
"Frank Gore","RB","SF",61,184.93,187.575,187.82,182.95,184.93,185.402083333333,174.71923419572,207.45,29.4,2.31725547073832,7.95,2.73669806185406
"Lamar Miller","RB","MIA",62,184.105,148,193.045,194.675,184.105,179.58125,202.640619392197,36.63,37.65,21.8049766395197,9.05,5.93309670066756
"Darren McFadden","RB","OAK",63,183.87,183.05,183.7575,215.775,183.87,191.196458333333,204.130933712425,117.95,35.15,16.1120052775097,8.55,4.9791227225894
"Rob Gronkowski","TE","NE",64,183.725,200.25,189.0375,176.875,183.725,187.221875,189.399525283263,162.75,43,9.86685515902441,11.8,4.36223519657246
"David Wilson","RB","NYG",65,182.9825,176.075,186.3575,190.15,182.9825,183.682916666667,179.196134927078,103.71,35.9,5.97700959928961,9.5,3.48891813191555
"Dwayne Bowe","WR","KC",66,181.175,158.75,190.7375,177.375,181.175,176.859375,185.189086921637,117.13,45,13.4083593911597,7.6,4.44548159180335
"Jordy Nelson","WR","GB",67,180.95,184.5,188.2125,174.75,180.95,181.994791666667,177.047437811998,138.13,41.65,5.72909583289545,6.4,3.09922336278377
"Darren Sproles","RB","NO",68,178.0925,172.3,187.6075,175.375,178.0925,178.19375,174.878307012278,171.1,46.35,6.61363695329582,8.8,3.5101032097057
"Wes Welker","WR","DEN",69,177.13,183.85,192.5,165.625,177.13,179.96625,184.06650264276,211.77,48.6,11.339455729884,8.45,4.21548189815138
"Steve Smith","WR","CAR",70,176.755,167.925,179.55,185.65,176.755,178.61,175.174825866953,172.45,63.45,7.36788187563653,7.75,3.51024368169771
"Eric Decker","WR","DEN",71,174.225,158.375,179.2125,166.875,174.225,169.555208333333,170.454657749447,214.44,60.65,9.07737787373094,8.35,3.84758445248749
"Torrey Smith","WR","BAL",72,172.3675,162.65,169.7125,181.875,172.3675,172.024583333333,170.346005605067,156.78,57.55,7.95443966704548,8.9,3.73277354969308
"Mike Wallace","WR","MIA",73,171.925,185.2,167.4125,162.375,171.925,172.123958333333,173.323562913783,153.2,57.15,9.79176085947602,9.9,4.13550487250423
"Pierre Garcon","WR","WAS",74,171.5725,148.925,177.9625,171.625,171.5725,167.62625,173.912737389677,113.03,61.9,12.7553074737538,9.45,4.55177401585615
"Christian Ponder","QB","MIN",75,169.888,162.56,201.862,143.7,169.888,168.2025,193.934275509729,176.83,200.7,24.2298243424641,26.9,8.33420273782283
"Antonio Brown","WR","PIT",76,169.17,162.7,168.8625,180.625,169.17,170.695208333333,168.174013214941,128.44,61.3,7.47669110608653,8.25,3.58394675408408
"Hakeem Nicks","WR","NYG",77,169.0375,146.5,176.925,175,169.0375,166.757291666667,174.883043463496,105.5,48.35,13.9861217484512,6.55,4.41780187095091
"Cecil Shorts","WR","JAC",78,167.7,157.25,178.4,171,167.7,168.520833333333,168.4944411599,160.98,77.3,8.78316334433861,9.2,3.89734153749622
"Le'Veon Bell","RB","PIT",79,166.375,143.525,163.2625,137.975,166.375,152.417708333333,161.211811533176,NA,54.4,14.1368290254863,14.6,5.35202527535081
"Montee Ball","RB","DEN",80,165.225,169.95,163.4,184.8,165.225,170.46875,171.740125770675,NA,49.7,9.70490372183053,12.55,4.42153170567228
"Steve Johnson","WR","BUF",81,163.0125,156,168.8125,162.75,163.0125,162.452083333333,157.354284823982,170.75,80.4,5.23896160989943,11.1,3.55353667244471
"Danny Amendola","WR","NE",82,162.2875,138.35,173.375,173.75,162.2875,161.994791666667,173.126433188709,101.81,51.15,16.6016483086018,6.95,4.87534635453522
"James Jones","WR","GB",83,160.925,158,178.45,138.5,160.925,158.827083333333,169.922763002926,183,71.45,16.3631111421392,10.1,5.19401349887752
"Matt Flynn","QB","OAK",84,158.964,130.7,184.98,111.7,158.964,145.919333333333,179.40620842519,NA,200,32.1284511090508,37.1,10.7329534301606
"Mike Williams","WR","TB",85,158.1375,149.25,160.8875,154.375,158.1375,155.445833333333,150.381144518896,181.62,92.65,5.03997561171348,11.45,3.56175459811563
"Chris Ivory","RB","NYJ",86,157.695,134.625,158.3075,186.45,157.695,158.902708333333,176.098686703674,36.58,58,21.2095533088865,11.8,6.15026479494987
"T.Y. Hilton","WR","IND",87,157.0425,150.85,164.1375,153.875,157.0425,156.82875,152.014369900366,167.89,81.35,5.69902275979546,12.5,3.78440133421824
"Danario Alexander","WR","SD",88,154.65,155.625,160.5,165.5,154.65,158.927083333333,153.321828178715,125.25,84.65,4.99313591343156,11.55,3.5656810667688
"Tony Gonzalez","TE","ATL",89,154.4,155,155.2625,146.5,154.4,152.790625,146.448910740593,167.25,61.65,4.20925783986916,10,3.26680564536548
"Tavon Austin","WR","STL",90,152.275,140.675,151.0375,153.575,152.275,152.098958333333,145.426156078618,NA,80.05,5.90205980110616,13.05,3.87861327226896
"Lance Moore","WR","NO",91,151.7125,136.75,148.2875,159.25,151.7125,148.958333333333,149.503088364,167.23,100.05,9.36287549313778,10.25,4.10748213748989
"Jason Witten","TE","DAL",92,150.7625,147,152.2,136.75,150.7625,146.678125,144.24094939593,147.88,53.15,6.97243363031636,11.75,3.90031202343469
"Rashard Mendenhall","RB","ARI",93,150.325,124.65,153.3675,157.95,150.325,146.239791666667,154.256167859863,28.95,68.15,14.9476507874147,11.3,5.10660618107196
"Ryan Mathews","RB","SD",94,149.9475,152.75,147.495,141.2,149.9475,147.423125,142.639742060261,102.2,60.3,4.92470023410902,8.8,3.2438641893427
"Ahmad Bradshaw","RB","IND",95,149.9375,136.525,155.3075,176.9,149.9375,154.609166666667,164.442053115898,161.13,61.2,16.795007814824,10.25,5.27906163247926
"Jeremy Maclin","WR","PHI",96,149.5925,136.875,157.5125,165.775,149.5925,152.97875,156.448055771187,146.13,94.35,12.3008123884834,8.3,4.35006212470347
"Miles Austin","WR","DAL",97,149.525,141,152.8875,155.875,149.525,149.751041666667,146.377830344639,154.88,87.6,6.42785584228261,10.85,3.71267511233838
"Greg Jennings","WR","MIN",98,148.0375,142.75,151.375,167,148.0375,152.190625,153.712774794158,70.75,75.4,10.4293924349648,10.75,4.33215543864473
"Kenny Britt","WR","TEN",99,147.7875,112,163.7125,159.75,147.7875,145.745833333333,164.085613643272,100.63,92.6,23.5361402067827,11.7,6.50571097430971
"E.J. Manuel","QB","BUF",100,147.554,84.62,180.248,113.64,147.554,130.623833333333,171.760519556621,NA,189.8,41.4359403537557,38.5,12.3585006528225
"DeSean Jackson","WR","PHI",101,147.3825,140.625,147.675,160.525,147.3825,151.624375,147.901399346487,99.74,87.15,8.31319066679575,11.3,4.06076938737527
"Josh Gordon","WR","CLE",102,146.9175,129,152.9875,NA,146.9175,142.79,180.186460450437,128.63,94.3,12.471847380534,13.25,4.93687555869727
"Eddie Lacy","RB","GB",103,144.0825,155.325,146.905,165.925,144.0825,152.792708333333,153.334972442706,NA,67.25,9.8169577719288,13.05,4.49574628189098
"Anquan Boldin","WR","SF",104,142.6125,148.075,142.775,158.125,142.6125,147.955208333333,145.221979120954,142.43,90.8,7.27563266865271,11.75,3.94810742868856
"Denarius Moore","WR","OAK",105,142.43,138.825,135.8625,151.5,142.43,142.319375,139.225568148964,137.27,112.55,6.78451925802412,12.55,3.9611708822653
"Vernon Davis","TE","SF",106,139.45,134.125,148.2625,126.5,139.45,136.884375,137.148983075818,99.5,65.6,9.15302417578474,11.2,4.18184813230892
"Jonathan Stewart","RB","CAR",107,138.365,114.4,143.4,161.6,138.365,139.124583333333,150.939430441784,65.23,87.85,19.4499735968116,11.75,5.86723475030824
"Shane Vereen","RB","NE",108,137.265,142.95,159.0425,107.075,137.265,136.424791666667,151.043565759154,65.73,77.85,21.7267501572562,13.25,6.39579123081058
"Dennis Pitta","TE","BAL",109,135.6375,123.75,141.8125,140.5,135.6375,135.383333333333,134.197809369151,127.63,74.4,8.22408176232054,11.25,4.04106745106827
"Emmanuel Sanders","WR","PIT",110,133.08,135.025,136.4875,141.5,133.08,136.542291666667,130.001056408767,82.05,117.65,3.59953896064019,16.6,3.91716066069724
"BenJarvus Green-Ellis","RB","CIN",111,132.5,138.85,125.975,149.325,132.5,136.2625,136.929024835778,153.9,76.3,9.94439750144103,10.2,4.19349648718396
"Michael Floyd","WR","ARI",112,130.3425,103.75,136.075,117,130.3425,121.756875,127.288651311027,80.25,129.2,14.4405928685713,17.95,5.77879943897282
"Andre Brown","RB","NYG",113,129.5175,116.925,145.1325,115.7,129.5175,126.560416666667,131.411337531581,102.09,81.3,13.7136134461345,10.2,4.78766461038927
"Giovani Bernard","RB","CIN",114,127.5025,128.15,149.2075,111.675,127.5025,128.775416666667,135.218123311701,NA,76.45,15.3990490101391,12.4,5.30217482140449
"Greg Olsen","TE","CAR",115,126.9875,123.375,129.1375,122.75,126.9875,125.445833333333,119.166245998878,136.38,102.3,3.02801158628343,16.05,3.76486098959595
"Kendall Wright","WR","TEN",116,125.9875,135.75,131.575,143,125.9875,133.832291666667,131.17471618231,100.65,122.5,7.16749298773056,18,4.63794442104762
"Sidney Rice","WR","SEA",117,124.7675,138.85,123.75,125.875,124.7675,128.438125,125.618462969425,137.1,125.25,7.07963581190209,13.65,4.13210373965719
"Chris Givens","WR","STL",118,124.185,143.15,125.7375,88.625,124.185,120.725208333333,133.391555783468,121.23,131.6,22.876668461466,13.5,6.60533632504897
"Justin Blackmon","WR","JAC",119,123.13,95.125,133.9875,131.75,123.13,121.158958333333,128.834708738269,144.43,120.2,17.8726062936877,15.05,5.99181785847048
"Blaine Gabbert","QB","JAC",120,121.88,66.1,150.082,106.8,121.88,110.157166666667,134.708522296066,85.08,NA,35.0201911426347,NA,12.7801518105623
"Santonio Holmes","WR","NYJ",121,121.6125,101.25,131.2125,114.5,121.6125,116.91875,120.079532289596,37,142.1,12.6161293093405,26.3,6.43559314114364
"Antonio Gates","TE","SD",122,120.925,113.625,127.05,113.125,120.925,118.68125,115.990144360335,111.25,109.1,6.62087528830844,17,4.43867580329455
"Kyle Rudolph","TE","MIN",123,120.9,110.875,128.2875,109.625,120.9,117.413541666667,116.831245972754,119.65,85.85,8.82821220458404,13.35,4.37381375979625
"Mark Ingram","RB","NO",124,118.985,105.625,122.4425,122.4,118.985,117.204791666667,115.835419472145,93.83,94,7.99133316344443,11.3,4.01003271653659
"Owen Daniels","TE","HOU",125,118.475,117.75,119.45,110.875,118.475,116.5875,111.53094240505,129.5,113.1,3.90429784553723,17.5,4.0669932247684
"Brian Hartline","WR","MIA",126,118.2875,100.125,122.1625,108.5,118.2875,112.14375,112.697289836846,141.38,133.4,9.92951461133256,16.25,4.87541392390833
"Jermichael Finley","TE","GB",127,118.25,101,120.75,112.625,118.25,112.947916666667,112.531260079738,93.38,117.1,8.78764224635937,18,4.89333998830538
"Greg Little","WR","CLE",128,117.45,99.1,115.5625,128.875,117.45,115.380208333333,117.37527866743,110.38,159.5,12.2664955901227,12.2,4.78574802529612
"Brandon LaFell","WR","CAR",129,116.0125,94.8,124.4125,119,116.0125,113.90625,116.307146922952,114.13,158.9,12.9784777773307,21.4,5.93851577860369
"Alshon Jeffery","WR","CHI",130,115.2375,113.625,128.3875,104.875,115.2375,115.522916666667,115.41476037143,63.88,131.2,9.70496275538104,16.35,4.85132637035034
"Brandon Myers","TE","NYG",131,114.925,115.625,115.3625,117.125,114.925,115.759375,108.098387906651,126.75,122.05,0.955105524274671,16.15,3.44940431159768
"Jared Cook","TE","STL",132,114.4625,112.75,125.65,109.625,114.4625,115.463541666667,113.096241623347,87.38,105.65,6.9789592630874,15.8,4.35940141636033
"Pierre Thomas","RB","NO",133,113.125,89.075,117.8175,104.675,113.125,106.023125,108.620410385876,105.37,121.65,12.6294667634531,17.1,5.3971626442658
"DeAndre Hopkins","WR","HOU",134,112.675,100.25,125.9,96.3,112.675,109.810416666667,111.782098771987,NA,120.65,13.3763064003733,17.05,5.50923717904063
"Martellus Bennett","TE","CHI",135,111.45,107.625,123.5375,85.75,111.45,107.082291666667,111.938068445669,111.51,122,15.760834153977,16.9,5.8681619140864
"Geno Smith","QB","NYJ",136,111.132,103.54,130.718,89.22,111.132,107.619166666667,114.689073355549,NA,198,17.2896300615909,54.3,10.3391495494919
"Rueben Randle","WR","NYG",137,110.6625,101,124.65,95.375,110.6625,107.876041666667,110.291675450083,57.41,159.8,12.815064275915,19.1,5.65262251105258
"Rod Streater","WR","OAK",138,108.1125,80.25,118.5375,NA,108.1125,101.966666666667,106.758242100005,92,172.8,19.7944949733505,24,7.30703636259108
"Danny Woodhead","RB","SD",139,107.52,91.375,117.4675,103.225,107.52,104.846875,105.484607226354,128.71,116.7,10.8095276984011,16.4,5.03110181198917
"Brandon Pettigrew","TE","DET",140,107.4625,98.375,109.925,99.25,107.4625,103.411458333333,100.686738247235,85.88,137.7,5.80384548345606,23,4.98849008750358
"Isaiah Pead","RB","STL",141,106.8825,118.75,114.98,123.25,106.8825,115.757291666667,112.898288990176,9.64,108.35,6.93516353297935,15.7,4.34118744516749
"Ryan Broyles","WR","DET",142,106.575,75.625,131.6125,95.125,106.575,102.184375,112.166367101957,52.75,140.05,23.3845911138617,21.3,7.56759475875595
"Vick Ballard","RB","IND",143,103.035,110.25,106.1625,93.7,103.035,103.070208333333,100.911764169783,118.4,106.65,7.0409739427511,15.7,4.35786708717053
"Mikel Leshoure","RB","DET",144,102.7625,108.9,111.875,98.575,102.7625,105.228125,102.265366578109,152.55,112.2,5.99018620154388,17.2,4.36187611139326
"Fred Jackson","RB","BUF",145,102.6925,77.45,114.1575,127.375,102.6925,105.085416666667,112.703971585549,85.83,99.85,21.1984754267062,12.6,6.23899963833157
"Darrius Heyward-Bey","WR","IND",146,101.955,86.05,114.3375,123.25,101.955,106.525625,110.066307474528,108.85,143.45,16.1328538205686,13.2,5.50833078312227
"Daryl Richardson","RB","STL",147,101.605,103.425,92.8825,116.25,101.605,103.315625,102.718918566927,63.88,99.65,9.64164326740174,16.85,4.89789557747679
"DeAngelo Williams","RB","CAR",148,100.465,84.775,105.1325,66.95,100.465,89.1722916666667,94.0674939480547,134.08,110.2,17.2754127272211,13.35,5.70540562253904
"Mohamed Sanu","WR","CIN",149,100.2975,76.975,109.5375,114,100.2975,100.5575,104.029334820605,53.17,172.2,16.5029190599724,22.1,6.5732693306621
"Jermaine Gresham","TE","CIN",150,100.2375,84.625,100.0625,113.125,100.2375,99.2208333333333,100.135511857561,120.13,143.7,11.6585581941622,24.7,6.1036821886605
"Andre Roberts","WR","ARI",151,100.0625,104.85,91.2875,107.125,100.0625,101.185416666667,98.338815198399,128.08,168.5,7.01036806570573,17.9,4.60186556913327
"Jordan Cameron","TE","CLE",152,99.7625,86.875,93.4,97,99.7625,94.209375,91.2944921874681,35.25,140.6,5.56964779519316,20.95,4.7197139613365
"Bernard Pierce","RB","BAL",153,98.21,71.65,112.8075,84.5,98.21,91.691875,96.4218350758464,65.08,105,17.7173680531045,12.35,5.66197275092413
"Johnathan Franklin","RB","GB",154,97.975,130.825,92.52,101.975,97.975,105.757083333333,109.585095470364,NA,119,17.1120622052594,16.65,6.05289018006682
"Marcedes Lewis","TE","JAC",155,96.6375,82.5,102.5125,90.125,96.6375,92.8354166666667,91.7821261746939,93.5,194.7,8.60662596007672,26.2,5.79223667670307
"Fred Davis","TE","WAS",156,96.5875,93.625,104.1625,98.25,96.5875,98.1395833333333,94.1107060016446,40.73,155.7,4.43760563254556,28.8,5.42910823222413
"Ben Tate","RB","HOU",157,96.5775,74.45,103.295,99.1,96.5775,93.1389583333333,94.7035289203288,43.03,101.1,12.9046781528702,14.65,5.16344770378662
"Malcom Floyd","WR","SD",158,96.1625,101,106.4125,97.75,96.1625,100.33125,96.1711406436266,133.75,151.3,4.52659387214419,17.4,4.15378000035609
"Dwayne Allen","TE","IND",159,94.4,78.25,102.3125,83.625,94.4,89.5885416666667,89.7641314914784,84.63,178.4,10.7882960067458,24.2,5.90994591016747
"Jacquizz Rodgers","RB","ATL",160,93.7,94.725,96.55,106.875,93.7,97.8541666666667,94.7540845812245,110.29,128.1,6.05745064638032,20.6,4.75702427549471
"Dustin Keller","TE","MIA",161,93.0875,93.625,96.0875,92.375,93.0875,93.7854166666667,88.3338087844753,52.63,159.8,1.61259689631352,24,4.44089538917387
"Ronnie Hillman","RB","DEN",162,93.05,75.85,110.1925,82.5,93.05,90.2314583333333,92.7700675210256,43.45,132.5,14.9764041321396,18.9,5.97070949142913
"Bryce Brown","RB","PHI",163,92.95,84.725,103.2425,77.05,92.95,89.091875,89.7692332443029,84.02,99.35,11.2333086130415,13.05,4.71901566560698
"Nate Burleson","WR","DET",164,92.9075,87.9,95.5125,90.125,92.9075,91.99625,87.2874111710626,48.8,183,3.31070643267163,13.1,3.47577501417303
"Vincent Brown","WR","SD",165,92.25,52.625,99.8375,87,92.25,82.9114583333333,88.3185370808521,NA,126.45,20.8780895293567,14.85,6.442973120113
"Golden Tate","WR","SEA",166,92.1025,81,104.25,102.5,92.1025,95.295625,94.5666387600136,132.92,161.4,10.7424790308926,16.7,5.05446288017303
"Jacoby Jones","WR","BAL",167,90.855,97.3,98.9625,66.625,90.855,88.650625,90.581856834644,106.51,156.35,14.9549209257633,16.9,5.74112012149603
"Stephen Hill","WR","NYJ",168,90.1375,88.75,87.6625,115,90.1375,95.3375,95.95532103074,51.5,185.5,13.1141741066679,10.6,4.73841131884639
"Cordarrelle Patterson","WR","MIN",169,89.0425,69,98.55,81.7,89.0425,85.5714583333333,85.2791327826365,NA,144.55,12.4646890212244,19.2,5.60870052673205
"Heath Miller","TE","PIT",170,88.8625,71.375,98.5375,93.75,88.8625,87.9729166666667,88.3267707473406,155,148.6,11.8485868531512,27.1,6.40508113244647
"Joe Morgan","WR","NO",171,88.2825,68.975,98.0375,NA,88.2825,85.7433333333333,78.9055465917361,NA,179,14.790585336062,21.4,6.22417108809409
"Rob Housler","TE","ARI",172,88.025,75.75,95.375,67.625,88.025,81.6770833333333,82.4075756120494,55.13,161.3,12.3897702258759,30.5,6.87493648341824
"Jeremy Kerley","WR","NYJ",173,87.445,85.25,99.5375,75.125,87.445,86.874375,86.1232928316549,122.02,179.9,10.0226718774237,21.9,5.52912192922458
"Donnie Avery","WR","KC",174,86.755,66.7,97.7875,104,86.755,88.8672916666667,90.9638435350386,118.53,190.3,16.3748458485111,28.9,7.32216983547092
"Brian Quick","WR","STL",175,86.475,83.375,90.5625,108.75,86.475,92.1989583333333,91.7498373887615,31.5,173.8,11.3608583109948,17.9,5.28766406462824
"Shonn Greene","RB","TEN",176,85.3525,86.375,97.1375,78.475,85.3525,86.385,84.8218360366818,170.18,130.3,7.71233886919742,17.9,4.71252218339353
"Aaron Dobson","WR","NE",177,85.0875,80.75,98,70.375,85.0875,83.5739583333333,83.4750301796094,NA,136.4,11.4395074513358,17.4,5.24351137884383
"Santana Moss","WR","WAS",178,84.95,85.825,90.4625,93.375,84.95,88.678125,84.659351617542,118.03,185.7,3.96994404610023,8.1,3.01418824289515
"Michael Bush","RB","CHI",179,84.92,86.175,87.4825,76.675,84.92,83.6047916666667,80.6179835898312,78.48,137.7,4.87239732874554,15.75,4.02167411403567
"Zach Miller","TE","SEA",180,83.65,72.75,87.7125,73.375,83.65,79.3302083333333,77.5684744388578,65.5,199.8,7.47618702252915,39.1,7.07304579685004
"Robert Woods","WR","BUF",181,83.5625,84.65,89.7375,75.725,83.5625,83.61875,80.6179890324934,NA,184.6,5.79243849773133,15.5,4.13843134721665
"Delanie Walker","TE","TEN",182,83.1,67.25,88.6625,81,83.1,79.8864583333333,78.8014061294092,64.06,208.4,9.09599485465077,38.6,7.27183683753109
"Mike Goodson","RB","NYJ",183,81.4575,93.675,86.8125,81.825,81.4575,85.6841666666667,82.8157540936873,62.66,150.4,5.70431086985974,18.5,4.46384339761356
"Coby Fleener","TE","IND",184,81.25,82.375,81.6625,79.625,81.25,81.2197916666667,76.5291745303959,48.13,180,1.16540296142579,23.4,4.30254020552447
"Zac Stacy","RB","STL",185,80.8125,72.275,110.1325,61.7,80.8125,81.0966666666667,84.9823337553341,NA,120.6,20.7937629871716,20.8,7.10263352260866
"A.J. Jenkins","WR","SF",186,78.9925,85.625,75.8375,67.875,78.9925,77.1391666666667,75.0714163714243,NA,179,7.36999519448057,21.9,5.11096177355777
"Josh Morgan","WR","WAS",187,78.8475,69,81.8,91.375,78.8475,80.5772916666667,78.718394211541,NA,223,9.21407446405588,31,6.43087984249792
"Dexter McCluster","WR","KC",188,77.5825,73.1,80.1375,55.325,77.5825,72.9004166666667,71.1439851963119,66.62,194.8,11.1920891890954,36.7,7.38736630826198
"Brandon Gibson","WR","MIA",189,77.45,69.775,87.1625,83.5,77.45,79.609375,77.3176880810577,116.38,212.8,7.60457904132986,26.7,5.69082765071031
"Davone Bess","WR","CLE",190,77.3125,77.625,87.5375,48.625,77.3125,72.625,74.3592992529474,103.85,184.3,16.7855623726662,34.9,8.06552244244588
"Markus Wheaton","WR","PIT",191,75.905,44.125,88.2625,44.5,75.905,63.300625,66.452772807241,NA,185.8,22.3837109091075,28.2,8.1902186754797
"Joseph Randle","RB","DAL",192,75.6575,75.875,88.1325,57.175,75.6575,74.135,74.1178025739892,NA,147.05,12.7657708019009,18.05,5.52609555196846
"Tyler Eifert","TE","CIN",193,74.55,78.125,86.9875,61.375,74.55,75.2177083333333,74.2672004820049,NA,153.05,10.6307698794192,22,5.63629085198497
"Marcel Reece","RB","OAK",194,74.405,87.05,84.3625,62.95,74.405,77.0835416666667,76.1897278174525,97.82,145.75,10.9422448517584,19,5.3460866205171
"Brent Celek","TE","PHI",195,73.75,79.75,79.5375,83.75,73.75,79.096875,75.6162148275023,88.5,209.3,4.11587848814402,31.3,5.66114563631522
"Leonard Hankerson","WR","WAS",196,73.63,65.1,86.4125,30.125,73.63,63.844375,67.2651784464762,86.38,190.8,24.1084255132758,28,8.43947733443211
"Mike Tolbert","RB","CAR",197,73.395,72.35,91.78,17.4,73.395,63.6229166666667,69.6651396497533,94.32,174.2,32.150624767128,21.4,8.96075668013174
"James Casey","TE","PHI",198,72.5125,NA,93.7375,46.975,72.5125,71.1416666666667,59.9919008322786,63.85,201,23.4143685853367,4,5.61563439518438
"Andrew Hawkins","WR","CIN",199,72.045,83.95,77.7,NA,72.045,78.585,65.4996026377623,98.63,212,5.95497760980957,27.8,5.55520088071484
"Scott Chandler","TE","BUF",200,71.225,NA,77.0125,83.25,71.225,77.1625,63.4366631278692,108.38,187.5,6.0139031626723,18.5,4.51264661671228
"Ryan Williams","RB","ARI",201,70.3175,113.425,64.8075,82.65,70.3175,82.6,84.5295001085863,15.9,139.7,21.7367276554376,19.1,7.05900730403415
"Chad Henne","QB","JAC",202,70.17,60.54,72.81,NA,70.17,67.5066666666667,55.5862414779205,100.01,NA,6.45832021504044,NA,3.77533304013697
"Nate Washington","WR","TEN",203,69.6,61.95,72.0625,84,69.6,71.9989583333333,70.0830070384029,119.25,189.2,9.14200683999416,17.7,4.91527055824954
"Robert Turbin","RB","SEA",204,69.2675,81.725,70.4875,63.525,69.2675,71.2345833333333,69.0837530231987,60.03,171,7.61386796685276,17.3,4.62913867364259
"Jarius Wright","WR","MIN",205,69.1675,71.2,86.4875,NA,69.1675,76.5983333333333,62.7617258583188,51.85,188.3,9.46767405878198,32.5,6.64050865255844
"Jake Ballard","TE","NE",206,68.8375,80.75,50.05,69.25,68.8375,67.1052083333333,66.377975069408,NA,155.4,12.7096681334526,22.65,6.03751817918043
"Jacob Tamme","TE","DEN",207,67.7125,75.375,78.375,50,67.7125,67.865625,67.1532135451926,85.38,215.8,12.7284678272433,31.5,7.04142918802371
"Tony Scheffler","TE","DET",208,65.9625,53.5,65.95,82.125,65.9625,66.8760416666667,65.5986365434037,70.14,NA,11.7351474168769,NA,5.4389801014883
"Jon Baldwin","WR","KC",209,65.8625,42.25,64.5375,72.125,65.8625,61.09375,60.4058989832726,47.63,174.5,13.0554686019563,13.7,5.07977152728312
"Joel Dreessen","TE","DEN",210,65.2375,65,71.875,48.375,65.2375,62.521875,61.2565284182867,75.5,NA,10.0181625425607,NA,4.89765920328896
"LaMichael James","RB","SF",211,65.0125,53.325,82.7125,48.025,65.0125,62.1270833333333,62.058501252837,24.47,149.15,15.3660898978888,19.7,6.12261953836331
"Kevin Kolb","QB","BUF",212,64.342,97.08,56.83,95.72,64.342,78.0263333333333,78.7753302264736,80.06,NA,20.9107824498909,NA,8.33182037743924
"Domenik Hixon","WR","CAR",213,63.8,62,68.2,53.75,63.8,61.9375,59.7176493707553,83.6,223,6.04777851776998,35,6.38415989661015
"T.J. Graham","WR","BUF",214,63.725,46.7,77.0375,38.125,63.725,56.7177083333333,56.5105691776661,49.75,206.3,17.39375,44,9.19061818538224
"Daniel Thomas","RB","MIA",215,63.6825,65.8,53.6925,63.1,63.6825,61.3520833333333,59.1893868062412,70,165.1,5.37746706947921,19.5,4.52542211177793
"Earl Bennett","WR","CHI",216,63.5,48.5,74.825,55.875,63.5,60.6666666666667,59.4750145901431,62.4,NA,11.2468328875288,NA,5.28502716714124
"Kendall Hunter","RB","SF",217,63.03,28.175,77.2075,62.7,63.03,57.7364583333333,58.1939149889927,56.9,172.3,20.8618684620809,20.2,7.04550862337397
"Jacoby Ford","WR","OAK",218,62.8175,70.65,65.2625,60.875,62.8175,65.6370833333333,62.0725609382038,NA,231.5,4.23207322124748,40.5,6.71999520647041
"Mark Sanchez","QB","NYJ",219,61.756,33.2,50.592,90.06,61.756,58.402,59.0454439765196,95.62,NA,23.8650035547172,NA,9.26320984153158
"Harry Douglas","WR","ATL",220,61.4875,56.9,67.25,46.375,61.4875,58.0822916666667,56.3667350573411,57.9,NA,8.83319010300544,NA,4.52406805818526
"Kellen Winslow","TE","NYJ",221,61.35,65.375,NA,NA,61.35,63.0125,31.4704664471698,NA,NA,2.84610479427585,NA,2.63649499601237
"Toby Gerhart","RB","MIN",222,61.255,58.825,61.605,56.575,61.255,59.3483333333333,56.8005035567489,37.28,184.5,2.34559160980764,23.4,4.48858167529605
"Justin Hunter","WR","TEN",223,60.8425,71.25,74.2625,56.125,60.8425,65.3266666666667,63.4834551842925,NA,189.2,8.55120337535406,6.9,3.60064280626636
"Luke Stocker","TE","TB",224,60.725,56.75,43.5375,56.25,60.725,54.3072916666667,52.534898108837,28.63,NA,7.45913432616905,NA,4.09086382999467
"Juron Criner","WR","OAK",225,60.2075,NA,71.7625,NA,60.2075,44.0183333333333,33.9274944377751,27.88,NA,8.17061885661056,NA,4.31517649042327
"Terrance Williams","WR","DAL",226,58.125,57.25,74.45,80.825,58.125,68.7208333333333,65.6888087934299,NA,194.5,11.8139130548124,45.5,8.48068120467465
"Ed Dickson","TE","BAL",227,57.8375,52.625,61.6125,69.625,57.8375,60.425,58.104991274422,29.13,NA,7.15507541306636,NA,3.99500192322521
"Mario Manningham","WR","SF",228,57.3125,48,NA,69.125,57.3125,58.0791666666667,42.2618468261095,66.53,NA,10.587126124843,NA,5.07703869696471
"Keenan Allen","WR","SD",229,56.6625,59.675,69.1125,NA,56.6625,62.1083333333333,46.8248155040176,NA,178.7,6.4954350957679,19.1,4.65641474147441
"Jason Avant","WR","PHI",230,56.3,69.875,62.3875,23,56.3,52.7572916666667,52.2936957104237,84,NA,20.6860091985501,NA,8.26095518804411
"Knile Davis","RB","KC",231,55.7125,15.575,72.9175,52.075,55.7125,48.9033333333333,48.4851614944409,NA,197.6,24.1092728529917,34.8,9.2087004960108
"LaRod Stephens-Howling","RB","PIT",232,55.36,26.575,72.4625,NA,55.36,51.3658333333333,38.3889991547688,81.05,192.3,23.1902795279258,24.9,7.94412912822162
"Anthony Fasano","TE","KC",233,55.2125,NA,63.5,45.125,55.2125,54.6125,40.144551154129,76.5,NA,9.20218214609991,NA,4.64040170048124
"Mike Gillislee","RB","MIA",234,55.0825,51.85,62.9425,46.85,55.0825,53.9729166666667,52.1161259311592,NA,175,6.75163452432076,21.4,4.95693450986705
"Knowshon Moreno","RB","DEN",235,55.0725,37.05,62.4375,45.375,55.0725,49.7754166666667,48.4452551282927,94.68,143,11.0982540856659,29.1,6.5130037007481
"Denard Robinson","RB","JAC",236,54.6575,22.125,60.275,55.875,54.6575,47.9747916666667,46.9637287028086,NA,164.65,17.5718694906328,13.6,5.7804135479432
"Michael Jenkins","WR","NE",237,54.2,NA,NA,42.75,54.2,48.475,21.6615945046906,68.13,NA,8.09637264458597,NA,4.29176858113865
"Julian Edelman","WR","NE",238,53.8925,63.625,NA,91.75,53.8925,69.6225,50.4668731151987,75.78,158.7,19.6592958821859,28.25,7.76640496862892
"Dwayne Harris","WR","DAL",239,53.5,51.25,NA,56.375,53.5,53.6916666666667,38.1040901122159,56.53,NA,2.56884377363306,NA,2.54908177125126
"Tiquan Underwood","WR","TB",240,53.405,44,NA,60.875,53.405,52.7433333333333,37.2948879973944,67.17,NA,8.45596978471423,NA,4.40514025365363
"Jordan Shipley","WR","JAC",241,52.3625,61.625,65.1625,28.5,52.3625,51.9125,50.4313614133319,37.54,NA,16.5150720303203,NA,6.94596663572015
"Travis Benjamin","WR","CLE",242,52.2025,NA,NA,55.25,52.2025,53.72625,23.5385012173351,65.35,NA,2.154907915666,NA,2.41857850719608
"Rashad Jennings","RB","OAK",243,52.135,59.45,66.8425,50,52.135,56.906875,54.770056450225,61.37,175.4,7.64852583154645,19.8,4.91735556309608
"Travis Kelce","TE","KC",244,51.9875,59.125,62.5375,NA,51.9875,57.75,42.4165932672373,NA,NA,5.3834865174284,NA,3.4364657901631
"Jeff Cumberland","TE","NYJ",245,50.7625,NA,66.8625,31.875,50.7625,49.8333333333333,35.5893948118153,63.88,218,17.5122472025532,22,6.72106671146389
"Isaac Redman","RB","PIT",246,50.68,57.975,39.3925,47.1,50.68,48.6702083333333,46.7561045665467,74.5,185.7,7.7266938205052,12,4.04748673548
"Garrett Graham","TE","HOU",247,50.15,NA,53.3375,NA,50.15,51.74375,23.4928358558336,54.88,NA,2.25390286503211,NA,2.44978905290889
"Joique Bell","RB","DET",248,49.8,30.75,55.2925,61.425,49.8,49.1085416666667,47.2589608585131,120.11,171,13.2574135510099,32.3,7.21529176543291
"Braylon Edwards","WR",NA,249,49.625,NA,NA,49.625,49.625,49.625,21.1327598360317,31.88,NA,NA,NA,NA
"Justin Forsett","RB","JAC",250,48.955,53.025,53.9625,27.325,48.955,45.716875,43.933219441416,54.25,173,12.518060848064,8.4,4.39561867436562
"Jerome Simpson","WR","MIN",251,48.425,55.625,NA,54.375,48.425,52.6916666666667,36.3743279120692,31.25,NA,3.84718511815241,NA,2.95210971586035
"David Ausberry","TE","OAK",252,48.3875,NA,52.0375,NA,48.3875,50.2125,22.3447790226225,16,NA,2.5809397513309,NA,2.55289531999589
"Jerricho Cotchery","WR","PIT",253,48.2375,NA,67.0375,40.875,48.2375,52.0666666666667,36.6834013745176,25.63,NA,13.491496164251,NA,5.99271141019215
"Tony Moeaki","TE","KC",254,47.5875,NA,54.9875,55.25,47.5875,52.6083333333333,36.7631419273226,65.63,NA,4.35014966217638,NA,3.11068142071705
"Kevin Ogletree","WR","TB",255,46.4,19.425,59.0875,40.625,46.4,41.5302083333333,39.1828414305945,79.9,NA,16.5463785533018,NA,6.95583677225623
"Willis McGahee","RB","FA",256,46.2075,57.8,NA,106.675,46.2075,70.0108333333333,48.065955048194,115.73,159.6,32.0922374765301,28.5,9.75457269175099
"Michael Crabtree","WR","SF",257,45.755,NA,65.5125,NA,45.755,55.64875,24.3463595224661,192.93,185.9,13.9706622292932,13,5.14486897365121
"Quinton Patton","WR","SF",258,45.5425,56.125,NA,56.45,45.5425,52.6891666666667,35.6478688778129,NA,201,6.20575656816583,28.9,5.71914448986382
"Louis Murphy","WR","NYG",259,44.955,42.1,NA,44.25,44.955,43.7683333333333,29.3634948231162,54.3,NA,1.48719814864507,NA,2.20806689685694
"Bilal Powell","RB","NYJ",260,44.7225,26.775,56.4,37.6,44.7225,41.374375,39.2077176180486,90.2,162.2,12.4414228110172,30.7,6.90569912716713
"Mohamed Massaquoi","WR","JAC",261,44.3075,44.375,NA,NA,44.3075,44.19125,18.1938315884384,31.75,NA,0.0477297077300887,NA,1.75423974845179
"Zach Ertz","TE","PHI",262,44.0875,63.625,30.4625,54.375,44.0875,48.1375,45.3367194873297,NA,220,14.2311534728098,34,7.56106166209036
"Tandon Doss","WR","BAL",263,43.8925,NA,NA,34.25,43.8925,39.07125,15.6468225204131,22.44,NA,6.81827713759128,NA,3.88881814273922
"Ronnie Brown","RB","SD",264,43.8225,47.625,43.6075,53.525,43.8225,47.0366666666667,44.9598187622308,68.38,212,4.63636756164421,13,3.6734381971974
"Evan Royster","RB","WAS",265,43.8175,32.5,47.5925,34.3,43.8175,39.5525,37.7434409145826,35.21,198.4,7.30658008236412,10.9,3.85684968934718
"Stedman Bailey","WR","STL",266,43.5675,41.625,NA,67.325,43.5675,50.6391666666667,33.5419429550541,NA,NA,14.3101485695758,NA,6.25081132824762
"Montario Hardesty","RB","CLE",267,43.38,30.55,48.8625,33.1,43.38,38.9564583333333,37.0674621317194,35.1,197,8.61515945272247,8,3.73513620555814
"Doug Baldwin","WR","SEA",268,41.575,42.625,NA,NA,41.575,42.1,16.7497369977719,65.81,NA,0.742462120245873,NA,1.97327089961496
"Donald Jones","WR","NE",269,41.38,NA,NA,NA,41.38,41.38,6.70079328464527,81.38,192,NA,19.8,5.68413705568472
"Jonathan Dwyer","RB","PIT",270,41.1,39.8,46.9925,63.3,41.1,47.6147916666667,45.0000419550982,83.55,168.9,10.7980251618448,16.3,5.01797844491307
"Marvin Jones","WR","CIN",271,40.1875,37.775,NA,66.625,40.1875,48.1958333333333,30.8366954164057,37.83,NA,16.0056451629834,NA,6.78535752755692
"Lestar Jean","WR","HOU",272,40.1125,38.625,NA,NA,40.1125,39.36875,15.418251927064,24.88,NA,1.05182133701499,NA,2.07080385496752
"DuJuan Harris","RB","GB",273,40.015,32.375,50.4075,NA,40.015,40.8158333333333,27.2646182101432,29.83,172.4,9.05119432726974,22.7,5.466462191712
"Donald Brown","RB","IND",274,40.0075,30.5,46.745,48.325,40.0075,41.3527083333333,39.1295419970241,61.33,188.2,8.10912201756968,19.3,4.93341188699082
"Tommy Streeter","WR","BAL",275,39.625,48.125,NA,NA,39.625,43.875,17.0168629282219,NA,NA,6.01040764008565,NA,3.63411779647568
"Arrelious Benn","WR","PHI",276,39.425,NA,NA,NA,39.425,39.425,6.15553043306232,18.97,NA,NA,NA,NA
"Roy Helu","RB","WAS",277,39.4175,25.55,52.4075,53.575,39.4175,42.5875,39.8362475859821,6.83,185,13.13256591455,24.9,6.35866071540506
"David Nelson","WR","CLE",278,39.2625,NA,NA,23.5,39.2625,31.38125,11.920521935561,NA,NA,11.145770638453,NA,5.25316485532816
"Benjamin Watson","TE","NO",279,38.9,NA,38.6375,62.125,38.9,46.5541666666667,30.1113998900584,80.63,NA,13.4853759526138,NA,5.99078186584368
"Christine Michael","RB","SEA",280,38.49,29.95,46.9175,42.85,38.49,39.5435416666667,37.4173524727689,NA,173.4,7.26759112286641,30.7,6.09011150654892
"Eddie Royal","WR","SD",281,38.405,NA,NA,52.125,38.405,45.265,16.7575003884532,39.73,NA,9.70150503787943,NA,4.79782528662507
"Latavius Murray","RB","OAK",282,38.045,18.2,31.2375,NA,38.045,29.0941666666667,18.8612000392056,NA,211.5,10.084166528937,38.5,7.41629917485309
"Kevin Walter","WR","TEN",283,37.605,NA,NA,45,37.605,41.3025,15.2771017760598,77.75,NA,5.22905464687452,NA,3.38777741781379
"Austin Pettis","WR","STL",284,37.6,NA,NA,41.125,37.6,39.3625,14.6374241466776,59.43,NA,2.49255140368258,NA,2.52502876132373
"Lance Kendricks","TE","STL",285,37.375,NA,36.7,61.25,37.375,45.1083333333333,28.7531046253433,93.88,NA,13.9831669636507,NA,6.14772248963188
"LaVon Brazill","WR","IND",286,37.275,NA,NA,38.875,37.275,38.075,14.1441003339913,31.49,NA,1.13137084989848,NA,2.09588375777247
"Tom Crabtree","TE","TB",287,37.225,46.75,43.6625,19,37.225,36.659375,33.9306220523206,43.88,NA,12.4236056184386,NA,5.65603315630365
"Keshawn Martin","WR","HOU",288,37.01,20,NA,36.375,37.01,31.095,19.5450797058328,44.09,NA,9.6426478901458,NA,4.77926915106837
"John Kuhn","RB","GB",289,36.995,NA,46.6825,5.95,36.995,29.8758333333333,18.0607574263727,32.8,NA,21.2790046661805,NA,8.44791131326547
"Marquise Goodwin","WR","BUF",290,36.55,21.15,NA,44.125,36.55,33.7083333333333,21.0450924313617,NA,NA,11.7074851412818,NA,5.43025890184618
"Nick Foles","QB","PHI",291,36.538,63.66,10.638,NA,36.538,36.6953333333333,21.8691721761379,79.16,NA,26.5133468527331,NA,10.0981639487383
"Jason Snelling","RB","ATL",292,36.375,35.975,41.55,34.05,36.375,36.8458333333333,35.5223846374214,42,NA,3.206536293261,NA,2.75012972028312
"Mike James","RB","TB",293,36.2125,NA,26.5925,NA,36.2125,20.8183333333333,12.0483097093916,NA,214,6.80236723501459,27,5.59829976245231
"Ryan Fitzpatrick","QB","TEN",294,35.946,NA,23.91,NA,35.946,29.928,11.4057623428149,193.7,NA,8.51073721836128,NA,4.42240700819374
"Deion Branch","WR",NA,295,35.75,NA,NA,35.75,35.75,35.75,13.0986792246916,19.13,NA,NA,NA,NA
"Brandon Bolden","RB","NE",296,35.11,18.1,25.7325,NA,35.11,26.2975,16.7808559210426,45.78,225.5,8.51990475787924,27.5,5.92559803455045
"Matt Cassel","QB","MIN",297,35.098,27.3,8.302,NA,35.098,17.5583333333333,14.2701010058113,60.34,NA,13.7825881942882,NA,6.08448519429213
"David Thomas","TE",NA,298,33.875,NA,NA,33.875,33.875,33.875,12.182104241871,34.75,NA,NA,NA,NA
"Stepfan Taylor","RB","ARI",299,33.865,12.9,44.475,16.95,33.865,27.0391666666667,23.8500276869243,NA,177.3,14.7457036115609,38.7,8.17375046161238
"Vance McDonald","TE","SF",300,33.45,NA,NA,55.625,33.45,44.5375,15.1590354590427,NA,NA,15.6800928728117,NA,6.68271931520996
"Mike Thomas","WR","DET",301,33.4425,NA,NA,36.5,33.4425,34.97125,12.4480735696656,27.24,NA,2.16197898347787,NA,2.42080783188985
"Felix Jones","RB","PHI",302,32.885,36.825,NA,59.025,32.885,42.8616666666667,25.9489399017407,102.67,192.3,14.0929249388952,20,5.95585197932219
"Charles Johnson","WR","CAR",303,32.6875,NA,NA,33.875,32.6875,33.28125,11.804616517413,NA,NA,0.839689302659025,NA,2.00392411415434
"Andre Ellington","RB","ARI",304,32.54,26,36.555,NA,32.54,31.665,20.1267291958072,NA,197.8,5.32759873989524,22.8,4.8907956685702
"Gavin Escobar","TE","DAL",305,32.3,NA,NA,NA,32.3,32.3,4.46169519865123,NA,NA,NA,NA,NA
"Brian Leonard","RB","TB",306,31.5825,NA,41.4375,14.6,31.5825,29.2066666666667,17.632479354781,22.48,NA,13.5755769521348,NA,6.01921990674293
"Armon Binns","WR","MIA",307,31.4875,NA,NA,NA,31.4875,31.4875,4.2977841711737,38.63,NA,NA,NA,NA
"Robert Meachem","WR","SD",308,31.1175,31.225,NA,41.875,31.1175,34.7391666666667,21.2017169849756,39.28,NA,6.18004668941371,NA,3.68760059875635
"Plaxico Burress","WR","PIT",309,31.05,NA,NA,57.875,31.05,44.4625,14.3915690734863,11.25,NA,18.9681394053291,NA,7.7193552978143
"Shaun Draughn","RB","KC",310,30.5325,58.45,30.9325,26.95,30.5325,36.46625,32.7702893630841,76.79,NA,14.5993841907801,NA,6.34199983468329
"Kirk Cousins","QB","WAS",311,30.05,31.74,26.622,NA,30.05,22.0946666666667,18.5021855946557,30.84,NA,2.60771956569976,NA,2.56133830244996
"Laurent Robinson","WR",NA,312,30,NA,NA,60,30,45,14.171529812987,29.5,NA,21.2132034355964,NA,8.42716588808716
"Chris Ogbonnaya","RB","CLE",313,29.895,NA,29.7375,NA,29.895,29.81625,10.7752741202051,28.38,NA,0.11136931803688,NA,1.77430367069574
"LeGarrette Blount","RB","NE",314,29.6625,10.6,31.1175,33.275,29.6625,26.0054166666667,23.4507824159032,27.35,208,10.481429311724,27.9,6.28004756407506
"Kenny Stills","WR","NO",315,29.6125,11.875,NA,47.75,29.6125,29.7125,16.3927568807542,NA,NA,17.9378716570092,NA,7.39453853836062
"Riley Cooper","WR","PHI",316,29.525,NA,NA,NA,29.525,29.525,3.92657198527263,53.28,NA,NA,NA,NA
"Aldrick Robinson","WR","WAS",317,29.425,NA,NA,41.875,29.425,35.65,11.7945975112464,50.03,NA,8.80347942577252,NA,4.51470105051593
"Josh Boyce","WR","NE",318,29.325,35.25,NA,39,29.325,34.525,20.9112772952335,NA,NA,4.87807595266822,NA,3.27712291826717
"Nick Toon","WR","NO",319,29.2375,18.375,NA,NA,29.2375,23.80625,8.41110322770169,NA,NA,7.68094741063887,NA,4.1607957553795
"Damian Williams","WR","TEN",320,28.925,NA,NA,25.125,28.925,27.025,9.39305508248771,40.62,NA,2.68700576850888,NA,2.58633519040248
"Charles Clay","TE","MIA",321,28.775,NA,28.875,NA,28.775,28.825,10.3088528823216,39.5,NA,0.0707106781186558,NA,1.76148505370655
"Jason Campbell","QB","CLE",322,28.55,24.58,35.6,NA,28.55,22.1241666666667,18.3063226125723,15.4,NA,5.58127524257076,NA,3.49882345676188
"Anthony McCoy","TE","SEA",323,28.5375,NA,35.2125,NA,28.5375,31.875,11.2239342164198,55.38,NA,4.71993776442021,NA,3.22726603986215
"Chaz Schilens","WR",NA,324,28.375,NA,NA,28.375,28.375,28.375,9.72576666156624,50.13,NA,NA,NA,NA
"Ted Ginn Jr.","WR","CAR",325,28.3575,NA,NA,NA,28.3575,28.3575,3.72230743983823,10.41,NA,NA,NA,NA
"Justin Brown","WR","PIT",326,28.225,NA,NA,35.25,28.225,31.7375,10.5810627784064,NA,NA,4.9674251378355,NA,3.3052924041442
"Rishard Matthews","WR","MIA",327,27.525,NA,NA,39.875,27.525,33.7,10.8899547491137,20.88,NA,8.73276874765386,NA,4.4924078035782
"Jorvorski Lane","RB","MIA",328,27.12,NA,NA,NA,27.12,27.12,3.51929204850381,NA,NA,NA,NA,NA
"Mychal Rivera","TE","OAK",329,26.9375,NA,NA,NA,26.9375,26.9375,3.49052758649412,NA,NA,NA,NA,NA
"Ramses Barden","WR","NYG",330,26.9,NA,NA,49.375,26.9,38.1375,11.6632735694815,28.5,NA,15.8922249071677,NA,6.74959905602314
"Kyle Williams","WR","SF",331,26.875,NA,NA,73.375,26.875,50.125,14.1099717208548,44.7,NA,32.8804653251745,NA,12.1055516328122
"Ace Sanders","WR","JAC",332,26.6625,24.5,NA,70.775,26.6625,40.3958333333333,21.4089177969247,NA,NA,26.1150170320322,NA,9.97258086437524
"Ryan Swope","WR","ARI",333,26.605,NA,NA,35.125,26.605,30.865,10.0510462267821,NA,NA,6.02454977570939,NA,3.63857644586323
"David Paulson","TE","PIT",334,26.5875,44.125,NA,NA,26.5875,35.35625,11.3318409071874,10.2,NA,12.4008851750591,NA,5.64886998847283
"Delone Carter","RB","IND",335,26.3575,11.6,41.0175,NA,26.3575,26.2916666666667,14.9786470136959,32.33,NA,14.7087769290992,NA,6.37648853417573
"Devin Hester","WR","CHI",336,26.32,NA,NA,54.625,26.32,40.4725,11.9425179103179,57.89,NA,20.0146574414852,NA,8.04929535249267
"Craig Stevens","TE","TEN",337,26.275,NA,NA,53.75,26.275,40.0125,11.8375492408201,45.24,NA,19.4277588131004,NA,7.86426140290953
"Randy Moss","WR",NA,338,26.1875,NA,NA,52.375,26.1875,39.28125,11.6663153743839,72.25,NA,18.5173588323227,NA,7.57723584858629
"Jeff King","TE","ARI",339,25.95,NA,32.75,21.75,25.95,26.8166666666667,16.247871810572,17.13,NA,5.55097589017763,NA,3.48927085504846
"Virgil Green","TE","DEN",340,25.7,44,NA,NA,25.7,34.85,10.9833580714654,10.88,NA,12.9400540957138,NA,5.81885599637301
"Dion Lewis","RB","CLE",341,25.5875,33.3,NA,31.275,25.5875,30.0541666666667,17.8894068964598,16.56,234.5,3.99856093905461,17.5,4.08185258177648
"Patrick Edwards","WR","DET",342,25.4875,NA,NA,NA,25.4875,25.4875,3.27272235544797,NA,NA,NA,NA,NA
"Logan Paulsen","TE","WAS",343,25.1,NA,NA,NA,25.1,25.1,3.21774467181092,44.5,NA,NA,NA,NA
"Derek Hagan","WR","TB",344,25.0125,NA,NA,46.625,25.0125,35.81875,10.6449611780015,32.38,NA,15.2823453083943,NA,6.55731980118524
"Vonta Leach","RB","BAL",345,24.805,NA,23.6875,22.225,24.805,23.5725,14.4863520534286,27.08,NA,1.29383876507083,NA,2.14710568703069
"Leon Washington","RB","NE",346,24.5475,15.1,32.675,NA,24.5475,24.0075,14.2613980918142,43.98,NA,8.79575785535277,NA,4.51226663918381
"Matt Spaeth","TE","PIT",347,24.4625,NA,NA,NA,24.4625,24.4625,3.13026069333233,10.5,NA,NA,NA,NA
"Ben Obomanu","WR","NYJ",348,24.25,NA,NA,30.75,24.25,27.5,8.85876327294659,10.85,NA,4.59619407771256,NA,3.18825285772113
"Matt Barkley","QB","PHI",349,24.216,NA,39.722,NA,24.216,21.3126666666667,10.3689083991516,NA,NA,10.9643977490786,NA,5.19598267693289
"Kellen Davis","TE","CLE",350,24.2125,NA,NA,NA,24.2125,24.2125,3.09695939938831,39.63,NA,NA,NA,NA
"Josh Cribbs","WR","OAK",351,23.6,NA,NA,36.925,23.6,30.2625,9.2567387325671,NA,NA,9.42219785931075,NA,4.70976696122105
"Ricardo Lockette","WR","SF",352,23.5625,NA,NA,NA,23.5625,23.5625,3.01302886636336,NA,NA,NA,NA,NA
"Clyde Gates","WR","NYJ",353,23.55,NA,NA,NA,23.55,23.55,3.01145237108489,33.08,NA,NA,NA,NA
"John Carlson","TE","MIN",354,23.525,NA,NA,NA,23.525,23.525,3.00830363186003,5.38,NA,NA,NA,NA
"Damaris Johnson","WR","PHI",355,23.25,NA,NA,NA,23.25,23.25,2.97404161761119,41.02,NA,NA,NA,NA
"Michael Hoomanawanui","TE","NE",356,23.125,NA,NA,NA,23.125,23.125,2.95869471248267,15.13,NA,NA,NA,NA
"Armando Allen","RB","CHI",357,23.0325,15.45,30.23,NA,23.0325,22.9041666666667,13.5794010233626,24.6,NA,7.39083568233886,NA,4.06933103504872
"Courtney Roby","WR","NO",358,22.9375,NA,NA,45.875,22.9375,34.40625,9.76735471595799,16.13,NA,16.2192617934664,NA,6.85270532311013
"Marcus Easley","WR","BUF",359,22.675,NA,NA,NA,22.675,22.675,2.90461922167935,9,NA,NA,NA,NA
"Richard Gordon","TE","OAK",360,22.6625,NA,NA,NA,22.6625,22.6625,2.9031433412606,19.13,NA,NA,NA,NA
"William Powell","RB","ARI",361,21.8825,NA,NA,NA,21.8825,21.8825,2.8138515614587,50.24,NA,NA,NA,NA
"DeVier Posey","WR","HOU",362,21.73,NA,NA,29.25,21.73,25.49,7.99249749153381,20.58,NA,5.31744299452284,NA,3.41564397648595
"Cole Beasley","WR","DAL",363,21.7,NA,NA,NA,21.7,21.7,2.79375613244213,17,NA,NA,NA,NA
"Joe McKnight","RB","NYJ",364,21.6825,12.4,NA,35.7,21.6825,23.1441666666667,12.5304310138486,46.59,NA,11.7299127056996,NA,5.43732973251959
"Luke Willson","TE","SEA",365,21.6375,NA,NA,NA,21.6375,21.6375,2.7869435746278,NA,NA,NA,NA,NA
"Tavarres King","WR","DEN",365,21.6375,NA,NA,32.625,21.6375,27.13125,8.25689514528727,NA,NA,7.76933575828719,NA,4.18866231405166
"Jordan Reed","TE","WAS",367,21.6125,NA,NA,20.125,21.6125,20.86875,6.99982204675405,NA,NA,1.05182133701499,NA,2.07080385496752
"Brad Smith","WR","BUF",368,21.1625,NA,NA,NA,21.1625,21.1625,2.73632591468061,72.02,NA,NA,NA,NA
"John Phillips","TE","SD",369,21.05,NA,NA,NA,21.05,21.05,2.72463724044815,18.78,NA,NA,NA,NA
"Corey Fuller","WR","DET",370,21.025,43.125,NA,NA,21.025,32.075,9.12842524686317,NA,240,15.6270598642227,50,9.59073080622475
"D.J. Williams","TE","GB",371,20.9625,NA,NA,NA,20.9625,20.9625,2.71562540757765,9.11,NA,NA,NA,NA
"Marquess Wilson","WR","CHI",372,20.825,NA,NA,30.375,20.825,25.6,7.82910035703111,NA,NA,6.75286976033153,NA,3.86819688932183
"Lance Dunbar","RB","DAL",373,20.79,23.125,NA,29.275,20.79,24.1633333333333,14.1990530017224,24.85,NA,4.38311057735638,NA,3.12107314430041
"Will Johnson","RB","PIT",374,20.62,NA,NA,NA,20.62,20.62,2.68101837484352,23.99,NA,NA,NA,NA
"David Gettis","WR","CAR",375,20.6,NA,NA,NA,20.6,20.6,2.67903040318498,NA,NA,NA,NA,NA
"Terrelle Pryor","QB","OAK",376,20.564,NA,32.118,33.82,20.564,28.834,16.5470126184758,25.05,NA,7.21241124728755,NA,4.01307842800047
"Anthony Armstrong","WR","DAL",377,20.5125,NA,NA,NA,20.5125,20.5125,2.6703756822107,NA,NA,NA,NA,NA
"Lee Smith","TE","BUF",378,20.4875,NA,NA,NA,20.4875,20.4875,2.66791565878577,14.63,NA,NA,NA,NA
"Jamie Harper","RB",NA,379,20.15,NA,NA,28.5,20.15,24.325,7.48504048226977,24,NA,5.90434162290767,NA,3.60067792606909
"Chris Gragg","TE","BUF",380,20.0375,NA,NA,NA,20.0375,20.0375,2.62460454085573,NA,NA,NA,NA,NA
"James Starks","RB","GB",381,19.825,5.775,NA,27,19.825,17.5333333333333,9.26057551106715,35.38,NA,10.7964789785065,NA,5.14304223402608
"Andrew Quarless","TE","GB",382,19.5,NA,NA,NA,19.5,19.5,2.57527877918466,NA,NA,NA,NA,NA
"Bernard Scott","RB","CIN",383,19.35,20.9,NA,13.075,19.35,17.325,10.6635188638133,NA,235,4.14344361612415,38,6.423270370487
"Jacob Hester","RB","DEN",384,19.3225,NA,NA,NA,19.3225,19.3225,2.55956532372306,20.98,NA,NA,NA,NA
"Deonte Thompson","WR","BAL",385,19.275,NA,NA,NA,19.275,19.275,2.555408779701,11.16,NA,NA,NA,NA
"Nick Kasa","TE","OAK",386,19.225,NA,NA,NA,19.225,19.225,2.55105557713091,NA,NA,NA,NA,NA
"Michael Palmer","TE",NA,387,18.95,NA,NA,NA,18.95,18.95,2.52751825665575,8.75,NA,NA,NA,NA
"Phillip Tanner","RB","DAL",388,18.8275,NA,24.8325,NA,18.8275,21.83,7.10692743141624,20.23,NA,4.24617622102522,NA,3.07790128537938
"Da'Rick Rogers","WR","BUF",389,18.6,NA,NA,NA,18.6,9.25,2.49855364444977,NA,186.5,NA,3.5,1.99703108279871
"Andre Caldwell","WR","DEN",390,18.5875,NA,NA,31.625,18.5875,25.10625,7.2445218499102,4.65,NA,9.21890465971961,NA,4.64567387627508
"Michael Robinson","RB","SEA",391,18.47,NA,NA,11.85,18.47,15.16,5.29486542633623,44.15,NA,4.68104689145494,NA,3.2150047540464
"Adrien Robinson","TE","NYG",392,18.425,NA,NA,NA,18.425,18.425,2.48448796889238,NA,NA,NA,NA,NA
"Garrett Celek","TE","SF",393,18.2625,NA,NA,NA,18.2625,18.2625,2.47167568737405,6.38,NA,NA,NA,NA
"Daniel Fells","TE","NE",394,18.125,NA,NA,NA,18.125,18.125,2.4610215847016,11.63,NA,NA,NA,NA
"Alex Green","RB","GB",395,17.965,14.65,NA,NA,17.965,16.1575,5.68242308894526,62.03,NA,2.34405897963341,NA,2.4782129427545
"Lance Ball","RB","DEN",396,17.7775,NA,NA,NA,17.7775,17.7775,2.43486003772642,35.43,NA,NA,NA,NA
"Taiwan Jones","RB","OAK",397,17.625,NA,NA,17.625,17.625,17.625,5.9250964020647,15.42,NA,NA,NA,NA
"Tyler Wilson","QB","OAK",398,17.618,NA,4.682,NA,17.618,11.15,3.77355879527568,NA,NA,9.14713332142918,NA,4.62304623063329
"Dane Sanzenbacher","WR","CIN",399,17.4625,NA,NA,NA,17.4625,17.4625,2.41209160066256,NA,NA,NA,NA,NA
"Anthony Dixon","RB","SF",400,17.425,NA,NA,NA,17.425,17.425,2.40944101622324,28.3,NA,NA,NA,NA
"Cedric Peerman","RB","CIN",401,17.205,NA,NA,NA,17.205,17.205,2.39414781467366,50.17,NA,NA,NA,NA
"Brandon Tate","WR","CIN",402,17.0875,NA,NA,27.5,17.0875,22.29375,6.55520870206431,50.32,NA,7.36274935910492,NA,4.06047614415973
"Bruce Gradkowski","QB","PIT",403,16.856,25.92,11.622,NA,16.856,17.9826666666667,10.2726749287857,NA,NA,7.23398986267836,NA,4.01988160701503
"Taylor Thompson","TE","TEN",404,16.85,NA,NA,NA,16.85,16.85,2.37039580524561,14.25,NA,NA,NA,NA
"Kenjon Barner","RB","CAR",405,16.8425,NA,22.5575,NA,16.8425,13.0333333333333,6.39967486725294,NA,NA,4.04111525448112,NA,3.01325086925997
"Orson Charles","TE","CIN",406,16.775,NA,NA,NA,16.775,16.775,2.36552402090899,12.97,NA,NA,NA,NA
"Drew Davis","WR","ATL",407,16.7375,NA,NA,NA,16.7375,16.7375,2.3631072597351,15.5,NA,NA,NA,NA
"Tashard Choice","RB","BUF",408,16.6675,9.825,NA,10.7,16.6675,12.1475,7.82536516100868,27.43,NA,3.72371873937869,NA,2.91318396173464
"Brice Butler","WR","OAK",409,16.5625,NA,NA,23,16.5625,19.78125,6.14253276025681,NA,NA,4.5519999038884,NA,3.17431957838505
"Montell Owens","RB","DET",410,16.5275,NA,NA,11.5,16.5275,14.01375,4.99264077905326,51.03,NA,3.55497934241537,NA,2.85998479656309
"Chris Harper","WR","SEA",411,16.075,NA,NA,26.75,16.075,21.4125,6.22854303628878,NA,NA,7.54836488916639,NA,4.11899591737126
"Danny Ware","RB",NA,412,16.07,NA,NA,NA,16.07,16.07,2.32222290950006,NA,NA,NA,NA,NA
"Cedric Benson","RB","FA",413,15.9975,57.725,NA,NA,15.9975,36.41125,7.95732009744273,45.93,186.5,29.5057982119617,12.5,7.53723144465499
"David Reed","WR","BAL",414,15.9125,NA,NA,33.875,15.9125,24.89375,6.48810542127183,11.75,NA,12.7014055570634,NA,5.74361628795818
"Ryan Torain","RB","NYG",415,15.7825,NA,NA,NA,15.7825,15.7825,2.30585861862716,NA,NA,NA,NA,NA
"Keiland Williams","RB","WAS",416,15.76,NA,NA,NA,15.76,15.76,2.30460956490447,NA,NA,NA,NA,NA
"Jed Collins","RB","NO",417,15.6075,NA,18.5925,NA,15.6075,17.1,5.77174731848686,19.75,NA,2.11071374184185,NA,2.40464522786
"Ladarius Green","TE","SD",418,15.45,NA,NA,NA,15.45,15.45,2.28786780007346,7,NA,NA,NA,NA
"Kris Durham","WR","DET",419,15.175,NA,NA,22.125,15.175,18.65,5.74970016768157,22.63,NA,4.91439212924651,NA,3.2885724689409
"Dezmon Briscoe","WR","WAS",420,14.9375,NA,NA,NA,14.9375,14.9375,2.26210142303182,NA,NA,NA,NA,NA
"Chase Daniel","QB","KC",421,14.794,NA,NA,NA,14.794,7.397,2.2553137210852,NA,NA,NA,NA,NA
"Brian Robiskie","WR",NA,422,14.7,NA,NA,NA,14.7,14.7,2.25096865994055,11.5,NA,NA,NA,NA
"Aaron Mellette","WR","BAL",423,14.675,NA,NA,NA,14.675,14.675,2.24982654946615,NA,NA,NA,NA,NA
"Julius Thomas","TE","DEN",424,14.5375,NA,NA,NA,14.5375,14.5375,2.24364626527199,NA,NA,NA,NA,NA
"Chris Polk","RB","PHI",425,14.5325,12.375,NA,NA,14.5325,13.45375,4.8845065821543,NA,NA,1.52558288040998,NA,2.2201686094503
"Joe Webb","WR","MIN",426,14.4375,NA,NA,NA,14.4375,14.4375,2.23925921354396,NA,NA,NA,NA,NA
"Michael Williams","TE","DET",427,14.425,NA,NA,NA,14.425,14.425,2.23871720907613,NA,NA,NA,NA,NA
"Michael Turner","RB","FA",428,14.06,76.225,NA,NA,14.06,44.9425,8.09400875014859,159.3,171.9,43.9572930524617,16.7,10.2903485389912
"Kevin Dorsey","WR","GB",429,13.8125,NA,NA,27.625,13.8125,20.71875,5.59980949308255,NA,NA,9.76691241513919,NA,4.81844654004247
"Le'Ron McClain","RB","SD",430,13.6125,15.825,NA,11.25,13.6125,13.5625,8.41548092993912,7.83,NA,2.28790979935836,NA,2.46051055925986
"Jeff Fuller","WR","MIA",431,13.5125,NA,NA,NA,13.5125,13.5125,2.20297849892182,NA,NA,NA,NA,NA
"Eric Weems","WR","CHI",432,13.4875,NA,NA,35.875,13.4875,24.68125,5.68774292228255,16.5,NA,15.8303530638138,NA,6.73009246495263
"Jerrel Jernigan","WR","NYG",433,13.45,NA,NA,NA,13.45,13.45,2.2008069786483,6.55,NA,NA,NA,NA
"Jarrett Boykin","WR","GB",434,13.4375,NA,NA,NA,13.4375,13.4375,2.2003769259257,5.88,NA,NA,NA,NA
"Chris ""Beanie"" Wells","RB",NA,435,13.3025,NA,NA,NA,13.3025,13.3025,2.1958226548154,NA,NA,NA,NA,NA
"Da'Rel Scott","RB","NYG",436,13.2425,7.25,NA,NA,13.2425,10.19625,4.00038177309011,NA,NA,4.23733738626039,NA,3.07511462951216
"Niles Paul","TE","WAS",437,12.95,NA,NA,NA,12.95,12.95,2.18471021608991,38.06,NA,NA,NA,NA
"Trindon Holliday","WR","DEN",438,12.8625,NA,NA,NA,12.8625,12.8625,2.18212639735231,31.79,NA,NA,NA,NA
"Cierre Wood","RB","HOU",439,12.7625,NA,NA,NA,12.7625,6.28125,2.17925848829407,NA,NA,NA,NA,NA
"Devin Aromashodu","WR","CHI",440,12.75,NA,NA,25.5,12.75,19.125,5.22613812185705,22.75,NA,9.01561146012848,NA,4.58158079132911
"Tobais Palmer","WR","JAC",441,12.675,NA,NA,NA,12.675,12.675,2.17682346617994,NA,NA,NA,NA,NA
"Hayden Smith","TE","NYJ",442,12.525,NA,NA,NA,12.525,12.525,2.17281069317534,NA,NA,NA,NA,NA
"Darrel Young","RB","WAS",443,12.4375,NA,NA,NA,12.4375,12.4375,2.17056414678416,34.63,NA,NA,NA,NA
"Evan Moore","TE",NA,444,12.375,NA,NA,NA,12.375,12.375,2.16900198411139,NA,NA,NA,NA,NA
"Devon Wylie","WR","KC",445,12.2125,NA,NA,NA,12.2125,12.2125,2.16510616311422,10.97,NA,NA,NA,NA
"Steve Maneri","TE","CHI",446,12.1,NA,NA,NA,12.1,12.1,2.16254935022926,7.38,NA,NA,NA,NA
"Lavelle Hawkins","WR","NE",447,11.95,NA,NA,23.25,11.95,17.6,4.94747720097592,11.85,NA,7.99030662740799,NA,4.25832871073206
"Michael Egnew","TE","MIA",448,11.7125,NA,NA,NA,11.7125,11.7125,2.15462115892586,NA,NA,NA,NA,NA
"Deon Butler","WR","SD",449,11.6875,NA,NA,23.375,11.6875,17.53125,4.87574334749087,NA,NA,8.26431050511777,NA,4.34471504261576
"Spencer Ware","RB","SEA",450,11.375,NA,NA,NA,11.375,11.375,2.14882555772635,NA,NA,NA,NA,NA
"Dennis Johnson","RB","HOU",451,11.25,NA,NA,NA,11.25,11.25,2.14694120424298,NA,NA,NA,NA,NA
"Devery Henderson","WR","WAS",451,11.25,NA,NA,NA,11.25,11.25,2.14694120424298,48.8,NA,NA,NA,NA
"James Hanna","TE","DAL",453,11.15,NA,NA,NA,11.15,11.15,2.14553575342666,15.75,NA,NA,NA,NA
"Sean McGrath","TE","SEA",454,11.05,NA,NA,NA,11.05,11.05,2.14422099769507,NA,NA,NA,NA,NA
"Chase Coffman","TE","ATL",455,11.0375,NA,NA,NA,11.0375,11.0375,2.14406303022679,NA,NA,NA,NA,NA
"Chastin West","WR","DET",455,11.0375,NA,NA,NA,11.0375,11.0375,2.14406303022679,NA,NA,NA,NA,NA
"Konrad Reuland","TE","NYJ",457,10.85,NA,NA,NA,10.85,10.85,2.14186357148628,11.66,NA,NA,NA,NA
"Travaris Cadet","RB","NO",458,10.805,NA,NA,NA,10.805,10.805,2.14138314625473,20.84,NA,NA,NA,NA
"Baron Batch","RB","PIT",459,10.745,NA,NA,NA,10.745,10.745,2.14077114823112,18.78,NA,NA,NA,NA
"Colt McCoy","QB","SF",460,10.71,NA,NA,NA,10.71,10.71,2.14042922744181,8.66,NA,NA,NA,NA
"Dion Sims","TE","MIA",461,10.5625,NA,NA,NA,10.5625,10.5625,2.13911034545981,NA,NA,NA,NA,NA
"Jeremy Stewart","RB","OAK",462,10.46,NA,NA,NA,10.46,10.46,2.13831003732929,18.71,NA,NA,NA,NA
"Henry Hynoski","RB","NYG",463,10.44,NA,NA,NA,10.44,10.44,2.13816498979315,15.25,NA,NA,NA,NA
"Kevin Cone","WR","ATL",464,10.4375,NA,NA,NA,10.4375,10.4375,2.1381471139311,NA,NA,NA,NA,NA
"Matthew Mulligan","TE","GB",465,10.3375,NA,NA,NA,10.3375,10.3375,2.13747856067852,22.5,NA,NA,NA,NA
"Anthony Allen","RB","BAL",466,10.25,7.15,NA,NA,10.25,8.7,3.76892100103703,26.22,NA,2.1920310216783,NA,2.43028246183838
"Ryan D'Imperio","RB",NA,467,10.2025,NA,NA,NA,10.2025,10.2025,2.13671987886568,NA,NA,NA,NA,NA
"Rex Burkhead","RB","CIN",468,9.99,16.25,NA,NA,9.99,13.12,4.35591772878394,NA,NA,4.42648845022779,NA,3.13474906507058
"Clay Harbor","TE","PHI",469,9.7625,NA,NA,8.5,9.7625,9.13125,3.87212883807695,34.25,NA,0.892722311248016,NA,2.02064404935764
"Bear Pascoe","TE","NYG",470,9.6125,NA,NA,NA,9.6125,9.6125,2.13534389947597,11.38,NA,NA,NA,NA
"Matt Slater","WR","NE",471,9.5875,NA,NA,NA,9.5875,9.5875,2.13535531711096,NA,NA,NA,NA,NA
"Stephen Burton","WR","MIN",471,9.5875,NA,NA,NA,9.5875,9.5875,2.13535531711096,10.38,NA,NA,NA,NA
"Preston Parker","WR","NO",473,9.3875,NA,NA,NA,9.3875,9.3875,2.13565072213157,NA,NA,NA,NA,NA
"Michael Smith","RB","TB",474,9.2275,NA,NA,NA,9.2275,9.2275,2.1361482479922,NA,NA,NA,NA,NA
"Stanley Havili","RB","IND",475,9.0925,NA,NA,NA,9.0925,9.0925,2.13674863202459,20.44,NA,NA,NA,NA
"Chris Thompson","RB","WAS",476,9.05,NA,NA,NA,9.05,4.525,2.13697185086488,NA,NA,NA,NA,NA
"Jerome Felton","RB","MIN",477,8.9375,NA,NA,NA,8.9375,8.9375,2.13764179904268,4.7,NA,NA,NA,NA
"Gary Barnidge","TE","CLE",478,8.775,NA,NA,NA,8.775,8.775,2.13881214879609,23.25,NA,NA,NA,NA
"Terrance Ganaway","RB","STL",479,8.745,NA,NA,NA,8.745,4.3725,2.13905440157168,NA,NA,NA,NA,NA
"Alan Bonner","WR","HOU",480,8.7,NA,NA,NA,8.7,8.7,2.13943308553064,NA,NA,NA,NA,NA
"Matt Moore","QB","MIA",481,8.616,NA,NA,NA,8.616,8.616,2.14018910085099,8.94,NA,NA,NA,NA
"Brett Brackett","TE","JAC",482,8.5875,NA,NA,NA,8.5875,8.5875,2.14046014560466,NA,NA,NA,NA,NA
"Edwin Baker","RB","SD",483,8.56,NA,NA,NA,8.56,8.56,2.14072866353774,NA,NA,NA,NA,NA
"Lawrence Vickers","RB",NA,484,8.5525,NA,NA,NA,8.5525,8.5525,2.1408030860743,16.88,NA,NA,NA,NA
"Josh McCown","QB","CHI",485,8.534,NA,3.682,NA,8.534,6.108,3.121180295594,NA,NA,3.43088210231713,NA,2.82086014818737
"Drew Stanton","QB","ARI",486,8.484,NA,6.51,NA,8.484,7.497,3.57378365388013,NA,NA,1.39582878606224,NA,2.17926050131957
"Brandon Jackson","RB","CLE",487,8.4125,NA,NA,NA,8.4125,8.4125,2.14228594943137,7.9,NA,NA,NA,NA
"Cyrus Gray","RB","KC",488,8.4075,NA,NA,NA,8.4075,4.20375,2.14234219653378,9.81,NA,NA,NA,NA
"Toney Clemons","WR","JAC",489,8.375,NA,NA,NA,8.375,8.375,2.14271332943139,5.13,NA,NA,NA,NA
"Domanique Davis","QB","ATL",490,8.198,NA,NA,NA,8.198,8.198,2.14490273177802,NA,NA,NA,NA,NA
"Weslye Saunders","TE","IND",491,8.1,NA,NA,NA,8.1,8.1,2.14623715487352,NA,NA,NA,NA,NA
"Armanti Edwards","WR","CAR",492,8.0875,NA,NA,NA,8.0875,8.0875,2.14641362553033,21.87,NA,NA,NA,NA
"Levine Toilolo","TE","ATL",493,8.075,NA,NA,NA,8.075,8.075,2.14659151329778,NA,NA,NA,NA,NA
"Michael Cox","RB","NYG",494,8.03,NA,NA,NA,8.03,8.03,2.14724364293733,NA,NA,NA,NA,NA
"Ryan Griffin","TE","HOU",495,8.0125,NA,NA,NA,8.0125,8.0125,2.14750220879569,NA,NA,NA,NA,NA
"Bruce Miller","RB","SF",496,7.9325,NA,NA,NA,7.9325,7.9325,2.14871959523128,22.3,NA,NA,NA,NA
"Tyrod Taylor","QB","BAL",497,7.928,NA,7.142,NA,7.928,7.535,3.5955412121973,17.46,NA,0.555785930012627,NA,1.91441672769936
"Rhett Ellison","TE","MIN",498,7.925,NA,NA,NA,7.925,7.925,2.14883670114216,16.63,NA,NA,NA,NA
"Chris Owusu","WR","TB",499,7.85,NA,NA,NA,7.85,7.85,2.15003581904205,NA,NA,NA,NA,NA
"Allen Reisner","TE","JAC",500,7.8,NA,NA,NA,7.8,7.8,2.15086357318933,NA,NA,NA,NA,NA
"Laron Byrd","WR","ARI",501,7.6625,NA,NA,NA,7.6625,7.6625,2.15325680872706,NA,NA,NA,NA,NA
"Greg Salas","WR","PHI",502,7.6,NA,NA,NA,7.6,7.6,2.1544013274904,NA,NA,NA,NA,NA
"Taylor Price","WR",NA,502,7.6,NA,NA,NA,7.6,7.6,2.1544013274904,NA,NA,NA,NA,NA
"Griff Whalen","WR","IND",504,7.575,NA,NA,NA,7.575,7.575,2.15486905477059,NA,NA,NA,NA,NA
"Jalen Parmele","RB","TEN",505,7.5375,NA,NA,NA,7.5375,7.5375,2.15558127402113,31.96,NA,NA,NA,NA
"Jordan Norwood","WR","CLE",506,7.5,NA,NA,NA,7.5,7.5,2.15630624726805,17.23,NA,NA,NA,NA
"Marcus Thigpen","RB","MIA",507,7.275,NA,NA,NA,7.275,7.275,2.16092392067151,42.3,NA,NA,NA,NA
"Billy Bajema","TE","BAL",508,7.25,NA,NA,NA,7.25,7.25,2.16146533770802,NA,NA,NA,NA,NA
"Tim Tebow","QB","NE",509,7.09,NA,NA,NA,7.09,7.09,2.16506463546773,13.26,NA,NA,NA,NA
"Kealoha Pilares","WR","CAR",510,6.9875,NA,NA,NA,6.9875,6.9875,2.16749244882624,21.27,NA,NA,NA,NA
"Kyle Juszczyk","RB","BAL",511,6.7175,NA,NA,NA,6.7175,6.7175,2.17434374740981,NA,NA,NA,NA,NA
"Darius Reynaud","RB","TEN",512,6.6975,NA,NA,NA,6.6975,6.6975,2.17487755258315,59.68,NA,NA,NA,NA
"Mike Glennon","QB","TB",513,6.56,NA,NA,NA,6.56,6.56,2.17864566892149,NA,NA,NA,NA,NA
"Jonathan Grimes","RB",NA,514,6.55,NA,NA,NA,6.55,6.55,2.17892640250864,NA,NA,NA,NA,NA
"Terrance Copper","WR","KC",515,6.5,NA,NA,NA,6.5,6.5,2.18034367470693,18.3,NA,NA,NA,NA
"Dennis Dixon","QB","PHI",516,6.482,NA,4.862,NA,6.482,3.78133333333333,3.25117670355661,NA,NA,1.14551298552221,NA,2.10034240716001
"Shaun Chapas","RB","DET",517,6.4475,NA,NA,12.5,6.4475,9.47375,3.49227046955804,NA,NA,4.27976379313158,NA,3.0884905776748
"Chad Hall","WR","SF",518,6.4,NA,NA,NA,6.4,6.4,2.18324624041702,NA,NA,NA,NA,NA
"Chris Pressley","RB","CIN",519,6.355,NA,NA,NA,6.355,6.355,2.18458198425793,6.43,NA,NA,NA,NA
"Owen Marecic","RB","CLE",520,6.3325,NA,NA,14.625,6.3325,10.47875,3.43248781675368,NA,NA,5.86368298298945,NA,3.5878593090799
"Quinn Johnson","RB","TEN",521,6.2925,NA,NA,NA,6.2925,6.2925,2.1864676519171,6.5,NA,NA,NA,NA
"Deji Karim","RB","HOU",522,6.275,NA,NA,NA,6.275,6.275,2.18700198751759,12.56,NA,NA,NA,NA
"Tommy Bohanon","RB","NYJ",523,6.1275,NA,NA,NA,6.1275,6.1275,2.19161603787438,NA,NA,NA,NA,NA
"Nathan Palmer","WR","IND",524,6.1125,NA,NA,NA,6.1125,6.1125,2.19209631679792,NA,NA,NA,NA,NA
"Harvey Unga","RB","CHI",525,6.1,NA,NA,NA,6.1,6.1,2.19249810805593,NA,NA,NA,NA,NA
"Kyle Orton","QB","DAL",526,6.054,NA,2.31,NA,6.054,4.182,2.8245790398849,9.56,NA,2.64740778876243,NA,2.57385097211735
"D.C. Jefferson","TE","ARI",527,6,NA,NA,NA,6,6,2.19576345410508,NA,NA,NA,NA,NA
"Kevin Elliott","WR","BUF",527,6,NA,NA,NA,6,6,2.19576345410508,15,NA,NA,NA,NA
"Josh Cooper","WR","CLE",529,5.8875,NA,NA,NA,5.8875,5.8875,2.19954537737891,14.25,NA,NA,NA,NA
"Matt Asiata","RB","MIN",530,5.5475,NA,NA,NA,5.5475,5.5475,2.21167286187938,5.75,NA,NA,NA,NA
"Damien Berry","RB","BAL",531,5.34,NA,NA,NA,5.34,5.34,2.21958937075561,NA,NA,NA,NA,NA
"David Johnson","RB",NA,532,5.3375,NA,NA,NA,5.3375,5.3375,2.21968713112659,NA,NA,NA,NA,NA
"Josh Johnson","QB","CIN",533,5.318,NA,NA,NA,5.318,5.318,2.22045160742982,NA,NA,NA,NA,NA
"Dorin Dickerson","TE","BUF",534,5.3125,NA,NA,NA,5.3125,5.3125,2.22066785248001,10.83,NA,NA,NA,NA
"Antone Smith","RB","ATL",535,5.27,NA,NA,NA,5.27,5.27,2.22234808785709,NA,NA,NA,NA,NA
"Marlon Moore","WR","SF",536,5.175,NA,NA,NA,5.175,5.175,2.22616314333891,27.9,NA,NA,NA,NA
"Brian Hoyer","QB","CLE",537,5.142,NA,3.102,NA,5.142,4.122,2.97115166663775,11.8,NA,1.44249783362056,NA,2.19397404429847
"Graham Harrell","QB","GB",538,5.126,NA,5.72,NA,5.126,5.423,3.21682452830476,NA,NA,0.420021428024809,NA,1.87161369357893
"Ben Hartsock","TE","CAR",539,5.0875,NA,NA,NA,5.0875,5.0875,2.22974942458683,NA,NA,NA,NA,NA
"Shaun Hill","QB","DET",540,5.012,NA,2.282,NA,5.012,3.647,2.83016683369738,14.78,NA,1.93040151263927,NA,2.34779744816879
"Michael Preston","WR","TEN",541,4.925,NA,NA,NA,4.925,4.925,2.23659388558099,8.38,NA,NA,NA,NA
"John Griffin","RB","NYJ",542,4.8575,NA,NA,NA,4.8575,4.8575,2.23950737143815,NA,NA,NA,NA,NA
"Lex Hilliard","RB","NYJ",543,4.6875,NA,NA,NA,4.6875,4.6875,2.24702813022515,16.18,NA,NA,NA,NA
"Anthony Sherman","RB","KC",544,4.665,NA,NA,NA,4.665,4.665,2.2480431659248,14.88,NA,NA,NA,NA
"Charlie Whitehurst","QB","SD",545,4.66,NA,5.392,NA,4.66,5.026,3.15082435348177,NA,NA,0.517602163828553,NA,1.90237837435299
"Jordan White","WR","NYJ",546,4.5,NA,NA,NA,4.5,4.5,2.25562705501471,NA,NA,NA,NA,NA
"Theo Riddick","RB","DET",547,4.48,NA,NA,NA,4.48,4.48,2.256563092889,NA,NA,NA,NA,NA
"Erik Lorig","RB","TB",548,4.43,NA,NA,NA,4.43,4.43,2.25891905921463,23.38,NA,NA,NA,NA
"Richie Brockel","TE","CAR",549,4.4,NA,NA,NA,4.4,4.4,2.26034352242016,NA,NA,NA,NA,NA
"Tristan Davis","RB",NA,550,4.39,NA,NA,NA,4.39,4.39,2.26082015739036,NA,NA,NA,NA,NA
"Kyle Adams","TE","CHI",551,4.3875,NA,NA,NA,4.3875,4.3875,2.26093945784396,6.76,NA,NA,NA,NA
"Seneca Wallace","QB","NO",552,4.27,NA,NA,NA,4.27,4.27,2.26661051919893,NA,NA,NA,NA,NA
"Mike McNeill","TE","STL",553,4.1875,NA,NA,NA,4.1875,4.1875,2.27066715168036,6.88,NA,NA,NA,NA
"Dan Herron","RB",NA,554,4.1,NA,NA,NA,4.1,4.1,2.27503709514508,NA,NA,NA,NA,NA
"Evan Rodriguez","TE","MIA",555,4,NA,NA,8,4,6,3.03399949198638,NA,NA,2.82842712474619,NA,2.63092168427793
"Brock Osweiler","QB","DEN",556,3.922,NA,5.13,NA,3.922,4.526,3.05422873521496,NA,NA,0.854184991673349,NA,2.00849422977657
"LaQuan Williams","WR","BAL",557,3.875,NA,NA,NA,3.875,3.875,2.28659294253322,NA,NA,NA,NA,NA
"Cobi Hamilton","WR","CIN",558,3.8375,NA,NA,NA,3.8375,3.8375,2.28856355608491,NA,NA,NA,NA,NA
"Bradie Ewing","RB","ATL",559,3.75,NA,NA,NA,3.75,3.75,2.29321125324674,NA,NA,NA,NA,NA
"Kerwynn Williams","RB","IND",560,3.53,NA,NA,NA,3.53,1.765,2.30520366794929,NA,NA,NA,NA,NA
"Tommy Gallarda","TE","ATL",561,3.4875,NA,NA,NA,3.4875,3.4875,2.30757097527788,NA,NA,NA,NA,NA
"Terrence Austin","WR","DET",562,3.3875,NA,NA,NA,3.3875,3.3875,2.31320573041654,NA,NA,NA,NA,NA
"Joe Adams","WR","CAR",563,3.375,NA,NA,NA,3.375,3.375,2.31391645180707,NA,NA,NA,NA,NA
"Taylor Yates","QB","HOU",564,3.276,NA,NA,NA,3.276,3.276,2.31959542210438,NA,NA,NA,NA,NA
"Tony Fiammetta","RB","NE",565,3.27,NA,NA,NA,3.27,3.27,2.31994245901757,NA,NA,NA,NA,NA
"Nate Byham","TE","TB",566,3.2375,NA,NA,NA,3.2375,3.2375,2.32182791640855,8.25,NA,NA,NA,NA
"Danny Coale","WR","DAL",567,3.225,NA,NA,NA,3.225,3.225,2.32255564312743,NA,NA,NA,NA,NA
"Matt Hasselbeck","QB","IND",568,3.178,NA,NA,NA,3.178,3.178,2.32530457703064,71.48,NA,NA,NA,NA
"Stefan Logan","RB",NA,569,3.1375,NA,NA,NA,3.1375,3.1375,2.32768940925916,22.14,NA,NA,NA,NA
"Mike Cox","RB",NA,570,3,NA,NA,NA,3,3,2.3358970499969,NA,NA,NA,NA,NA
"Jeff Maehl","WR","HOU",571,2.725,NA,NA,NA,2.725,2.725,2.35282674265625,NA,NA,NA,NA,NA
"Jim Dray","TE","ARI",572,2.7125,NA,NA,NA,2.7125,2.7125,2.35361257091381,NA,NA,NA,NA,NA
"Ryan Mallett","QB","NE",573,2.682,NA,2.108,NA,2.682,2.395,2.80024613281017,NA,NA,0.405879292401078,NA,1.86715504419138
"Tyler Clutts","RB","HOU",574,2.5875,NA,NA,NA,2.5875,2.5875,2.36154879457786,NA,NA,NA,NA,NA
"Mike Brown","WR","JAC",575,2.5625,NA,NA,NA,2.5625,2.5625,2.36315304463909,NA,NA,NA,NA,NA
"Curtis Painter","QB","NYG",576,2.432,NA,1.83,NA,2.432,2.131,2.76601761321348,NA,NA,0.425678282274301,NA,1.87339715333394
"Will Ta'ufo'ou","RB","JAC",577,2.3775,NA,NA,NA,2.3775,2.3775,2.37520067029419,NA,NA,NA,NA,NA
"Brody Eldridge","TE","CHI",578,2.3625,NA,NA,NA,2.3625,2.3625,2.37619110906945,NA,NA,NA,NA,NA
"Ryan Taylor","TE","GB",579,2.275,NA,NA,NA,2.275,2.275,2.38200933966908,8.38,NA,NA,NA,NA
"Ryan Whalen","WR","CIN",580,2.225,NA,NA,NA,2.225,2.225,2.38536521930422,9.63,NA,NA,NA,NA
"Jamar Newsome","WR","KC",581,2,NA,NA,NA,2,2,2.40074726558089,10.13,NA,NA,NA,NA
"Kory Sperry","TE","ARI",582,1.95,NA,NA,NA,1.95,1.95,2.40422785095762,NA,NA,NA,NA,NA
"John Conner","RB","CIN",583,1.94,NA,NA,NA,1.94,1.94,2.40492668888555,NA,NA,NA,NA,NA
"Kassim Osgood","WR","SF",584,1.8875,NA,NA,NA,1.8875,1.8875,2.40861046766929,9,NA,NA,NA,NA
"Zack Pianalto","TE","TB",585,1.675,NA,NA,NA,1.675,1.675,2.42377636418962,NA,NA,NA,NA,NA
"Chris Gronkowski","RB","SD",586,1.65,NA,NA,NA,1.65,1.65,2.42558751241296,4.88,NA,NA,NA,NA
"Tarvaris Jackson","QB","SEA",587,1.622,NA,NA,NA,1.622,1.622,2.42762272799837,NA,NA,NA,NA,NA
"Luke McCown","QB","NO",588,1.572,NA,NA,NA,1.572,1.572,2.43127472708528,NA,NA,NA,NA,NA
"Austin Davis","QB","STL",589,1.524,NA,NA,NA,1.524,1.524,2.4348019776927,NA,NA,NA,NA,NA
"Brit Miller","RB",NA,590,1.515,NA,NA,NA,1.515,1.515,2.43546566351051,NA,NA,NA,NA,NA
"Kris Adams","WR","NYG",591,1.45,NA,NA,NA,1.45,1.45,2.44028076214033,NA,NA,NA,NA,NA
"Mardy Gilyard","WR","KC",591,1.45,NA,NA,NA,1.45,1.45,2.44028076214033,5.18,NA,NA,NA,NA
"Nate Eachus","RB",NA,593,1.42,NA,NA,NA,1.42,1.42,2.44251603940364,6.18,NA,NA,NA,NA
"Corey McIntyre","RB",NA,594,1.39,NA,NA,NA,1.39,1.39,2.44475947922462,5.63,NA,NA,NA,NA
"Aaron Hernandez","TE",NA,595,1.25,NA,NA,NA,1.25,1.25,2.45533679220677,91.88,137.3,NA,57.2,14.1441225394845
"Colin Cochart","TE","DAL",596,1.225,NA,NA,NA,1.225,1.225,2.45724430395768,NA,NA,NA,NA,NA
"Armond Smith","RB","CAR",597,1.2,NA,NA,NA,1.2,1.2,2.45915748415138,4.62,NA,NA,NA,NA
"Mike Caussin","TE","BUF",598,1.2,NA,NA,NA,1.2,1.2,2.45915748415138,NA,NA,NA,NA,NA
"Dan Gronkowski","TE",NA,599,1.1625,NA,NA,NA,1.1625,1.1625,2.46203788277217,NA,NA,NA,NA,NA
"Roberto Wallace","WR","TEN",599,1.1625,NA,NA,NA,1.1625,1.1625,2.46203788277217,NA,NA,NA,NA,NA
"Manase Tonga","RB",NA,601,1.15,NA,NA,NA,1.15,1.15,2.46300084986717,NA,NA,NA,NA,NA
"Derek Anderson","QB","CAR",602,1.116,NA,NA,NA,1.116,0.558,2.46562728981201,NA,NA,NA,NA,NA
"Reagan Maui'a","RB","ARI",603,1.0875,NA,NA,NA,1.0875,1.0875,2.46783694200258,NA,NA,NA,NA,NA
"Demarco Sampson","WR","PHI",604,1,NA,NA,NA,1,1,2.47466698964166,NA,NA,NA,NA,NA
"Dan Orlovsky","QB","TB",605,0.974,NA,0.338,NA,0.974,0.656,2.57062103039419,NA,NA,0.449719912834644,NA,1.88097685729277
"Brock Bolen","RB","JAC",606,0.9275,NA,NA,NA,0.9275,0.9275,2.4803787751203,NA,NA,NA,NA,NA
"Nick Miller","WR","PHI",607,0.8875,NA,NA,NA,0.8875,0.8875,2.48355051143363,NA,NA,NA,NA,NA
"Ryan Nassib","QB","NYG",608,0.882,NA,NA,NA,0.882,0.882,2.48398775999891,NA,NA,NA,NA,NA
"Mickey Shuler","TE","MIN",609,0.8375,NA,NA,NA,0.8375,0.8375,2.48753558821937,NA,NA,NA,NA,NA
"Kevin Brock","TE",NA,610,0.775,NA,NA,NA,0.775,0.775,2.49254881919222,NA,NA,NA,NA,NA
"Thomas Clayton","RB",NA,611,0.7575,NA,NA,NA,0.7575,0.7575,2.49395887252058,NA,NA,NA,NA,NA
"Brady Quinn","QB","SEA",612,0.752,NA,NA,NA,0.752,0.752,2.4944026057845,36.24,NA,NA,NA,NA
"Eddie Williams","RB","CLE",613,0.745,NA,NA,NA,0.745,0.745,2.49496775400223,NA,NA,NA,NA,NA
"Jordan Todman","RB","JAC",614,0.6,NA,NA,NA,0.6,0.6,2.50677434163941,NA,NA,NA,NA,NA
"Robert Hughes","RB",NA,615,0.59,NA,NA,NA,0.59,0.59,2.50759561793177,NA,NA,NA,NA,NA
"David Carr","QB","NYG",616,0.588,NA,0.308,NA,0.588,0.298666666666667,2.58454786585173,NA,NA,0.197989898732233,NA,1.80161289819446
"Moran Norris","RB",NA,617,0.5875,NA,NA,NA,0.5875,0.5875,2.50780107871589,NA,NA,NA,NA,NA
"Carlton Mitchell","WR","DAL",618,0.55,NA,NA,NA,0.55,0.55,2.51088979260948,NA,NA,NA,NA,NA
"Landry Jones","QB","PIT",619,0.53,NA,NA,NA,0.53,0.53,2.51254232165343,NA,NA,NA,NA,NA
"Kellen Clemens","QB","STL",620,0.482,NA,NA,NA,0.482,0.241,2.5165231927968,NA,NA,NA,NA,NA
"Josh Vaughan","RB","ATL",621,0.44,NA,NA,NA,0.44,0.44,2.5200235964183,NA,NA,NA,NA,NA
"Fendi Onobun","TE","CHI",622,0.4125,NA,NA,NA,0.4125,0.4125,2.52232419440992,NA,NA,NA,NA,NA
"John Skelton","QB","CIN",623,0.402,NA,NA,NA,0.402,0.402,2.52320441391913,23.78,NA,NA,NA,NA
"Allen Bradford","RB","SEA",624,0.4,NA,NA,NA,0.4,0.4,2.52337218814688,NA,NA,NA,NA,NA
"Marc Mariani","WR","TEN",625,0.35,NA,NA,NA,0.35,0.35,2.52757833420179,NA,NA,NA,NA,NA
"Isaiah Stanback","TE","NE",626,0.3375,NA,NA,NA,0.3375,0.3375,2.52863341349217,NA,NA,NA,NA,NA
"Brad Smelley","TE","CLE",627,0.25,NA,NA,NA,0.25,0.25,2.53605864762505,NA,NA,NA,NA,NA
"Mike Kafka","QB","JAC",628,-0.6,NA,NA,NA,-0.6,-0.6,2.23208691815182,NA,NA,NA,NA,NA
"Adam Weber","QB","TB",629,NA,NA,NA,NA,NA,0,2.55765622217905,NA,NA,NA,NA,NA
"Alex Silvestro","TE","BAL",630,NA,NA,NA,NA,NA,0,2.55765622217905,NA,NA,NA,NA,NA
"Alfonso Smith","RB",NA,631,NA,NA,NA,NA,NA,0,2.55765622217905,5.63,NA,NA,NA,NA
"Andre Holmes","WR","OAK",632,NA,NA,NA,NA,NA,0,2.55765622217905,NA,NA,NA,NA,NA
"Andre Smith","TE","IND",633,NA,NA,NA,NA,NA,0,2.55765622217905,NA,NA,NA,NA,NA
"Austin Collie","WR",NA,634,NA,NA,NA,NA,NA,0,2.55765622217905,NA,NA,NA,NA,NA
"B.J. Coleman","QB","GB",635,NA,NA,NA,NA,NA,0,2.55765622217905,NA,NA,NA,NA,NA
"B.J. Cunningham","WR","PHI",636,NA,NA,NA,NA,NA,0,2.55765622217905,NA,NA,NA,NA,NA
"B.J. Daniels","QB","SF",637,NA,NA,NA,NA,NA,0,2.55765622217905,NA,NA,NA,NA,NA
"Beanie Wells","RB","FA",638,NA,40.225,NA,NA,NA,40.225,0,53.4,186.1,NA,18,5.2769719789243
"Benny Cunningham","RB","STL",639,NA,NA,NA,NA,NA,0,2.55765622217905,NA,NA,NA,NA,NA
"Bobby Rainey","RB","BAL",640,NA,NA,NA,NA,NA,0,2.55765622217905,NA,NA,NA,NA,NA
"Brad Sorensen","QB","SD",641,NA,NA,NA,NA,NA,0,2.55765622217905,NA,NA,NA,NA,NA
"Brandon Barden","TE","TEN",642,NA,NA,NA,NA,NA,0,2.55765622217905,NA,NA,NA,NA,NA
"Brandon Bostick","TE","GB",643,NA,NA,NA,NA,NA,0,2.55765622217905,NA,NA,NA,NA,NA
"Brandon Collins","WR","NYG",644,NA,NA,NA,NA,NA,0,2.55765622217905,NA,NA,NA,NA,NA
"Brandon Jacobs","RB","FA",645,NA,NA,NA,NA,NA,0,2.55765622217905,NA,NA,NA,NA,NA
"Brandon Kaufman","WR","BUF",646,NA,NA,NA,NA,NA,0,2.55765622217905,NA,NA,NA,NA,NA
"Brandon Lloyd","WR","FA",647,NA,130,NA,NA,NA,65,1.23771202677244,143.88,165.3,NA,25.5,6.97349313209271
"Brandon Williams","TE","ARI",648,NA,NA,NA,NA,NA,0,2.55765622217905,NA,NA,NA,NA,NA
"Brett Swain","WR","SF",649,NA,NA,NA,NA,NA,0,2.55765622217905,NA,NA,NA,NA,NA
"Bryan Walters","WR","SEA",650,NA,NA,NA,NA,NA,0,2.55765622217905,NA,NA,NA,NA,NA
"C.J. Anderson","RB","DEN",651,NA,NA,NA,NA,NA,0,2.55765622217905,NA,NA,NA,NA,NA
"Caleb Hanie","QB","BAL",652,NA,NA,NA,NA,NA,0,2.55765622217905,NA,NA,NA,NA,NA
"Case Keenum","QB","HOU",653,NA,NA,NA,NA,NA,0,2.55765622217905,NA,NA,NA,NA,NA
"Chandler Harnish","QB","IND",654,NA,NA,NA,NA,NA,0,2.55765622217905,NA,NA,NA,NA,NA
"Charlie Batch","QB",NA,655,NA,NA,NA,NA,NA,0,2.55765622217905,11,NA,NA,NA,NA
"Charly Martin","WR","SF",656,NA,NA,NA,NA,NA,0,2.55765622217905,6.25,NA,NA,NA,NA
"Chris Hogan","WR","BUF",657,NA,NA,NA,NA,NA,0,2.55765622217905,NA,NA,NA,NA,NA
"Colby Cameron","QB","CAR",658,NA,NA,NA,NA,NA,0,2.55765622217905,NA,NA,NA,NA,NA
"Colin Cloherty","TE",NA,659,NA,NA,NA,NA,NA,0,2.55765622217905,NA,NA,NA,NA,NA
"Conner Vernon","WR","OAK",660,NA,NA,NA,NA,NA,0,2.55765622217905,NA,NA,NA,NA,NA
"Cory Harkey","TE","STL",661,NA,NA,NA,NA,NA,0,2.55765622217905,5.63,NA,NA,NA,NA
"Curtis McNeal","RB","PIT",662,NA,NA,NA,NA,NA,0,2.55765622217905,NA,NA,NA,NA,NA
"D.J. Harper","RB","SF",663,NA,NA,NA,NA,NA,0,2.55765622217905,NA,NA,NA,NA,NA
"Dale Moss","WR","CHI",664,NA,NA,NA,NA,NA,0,2.55765622217905,NA,NA,NA,NA,NA
"Danny Noble","TE","TB",665,NA,NA,NA,NA,NA,0,2.55765622217905,NA,NA,NA,NA,NA
"Dante Rosario","TE","DAL",666,NA,NA,NA,NA,NA,0,2.55765622217905,38.88,NA,NA,NA,NA
"David Douglas","WR","TB",667,NA,NA,NA,NA,NA,0,2.55765622217905,NA,NA,NA,NA,NA
"David Gilreath","WR","PIT",668,NA,NA,NA,NA,NA,0,2.55765622217905,NA,NA,NA,NA,NA
"Davin Meggett","RB","IND",669,NA,NA,NA,NA,NA,0,2.55765622217905,NA,NA,NA,NA,NA
"Deangelo Peterson","TE","WAS",670,NA,NA,NA,NA,NA,0,2.55765622217905,NA,NA,NA,NA,NA
"Demetrius Harris","TE","KC",671,NA,NA,NA,NA,NA,0,2.55765622217905,NA,NA,NA,NA,NA
"Derek Carrier","TE","PHI",672,NA,NA,NA,NA,NA,0,2.55765622217905,NA,NA,NA,NA,NA
"Devin Thomas","WR","DET",673,NA,NA,NA,NA,NA,0,2.55765622217905,NA,NA,NA,NA,NA
"Diondre Borel","WR","TEN",674,NA,NA,NA,NA,NA,0,2.55765622217905,NA,NA,NA,NA,NA
"Dominique Jones","TE","IND",675,NA,NA,NA,NA,NA,0,2.55765622217905,NA,NA,NA,NA,NA
"Dominique Whaley","RB","SEA",676,NA,NA,NA,NA,NA,0,2.55765622217905,NA,NA,NA,NA,NA
"Donte Stallworth","WR","WAS",677,NA,NA,NA,NA,NA,0,2.55765622217905,NA,NA,NA,NA,NA
"Emory Blake","WR","STL",678,NA,NA,NA,NA,NA,0,2.55765622217905,NA,NA,NA,NA,NA
"Eric Page","WR",NA,679,NA,NA,NA,NA,NA,0,2.55765622217905,NA,NA,NA,NA,NA
"Gabe Miller","TE","CHI",680,NA,NA,NA,NA,NA,0,2.55765622217905,NA,NA,NA,NA,NA
"Greg Childs","WR","MIN",681,NA,NA,NA,NA,NA,0,2.55765622217905,NA,NA,NA,NA,NA
"Greg McElroy","QB","NYJ",682,NA,NA,NA,NA,NA,0,2.55765622217905,9.56,NA,NA,NA,NA
"Greg Orton","WR","DEN",683,NA,NA,NA,NA,NA,0,2.55765622217905,NA,NA,NA,NA,NA
"Isaiah Williams","WR","OAK",684,NA,NA,NA,NA,NA,0,2.55765622217905,NA,NA,NA,NA,NA
"Jackie Battle","RB","FA",685,NA,NA,NA,NA,NA,0,2.55765622217905,79.1,NA,NA,NA,NA
"Jahvid Best","RB","DET",686,NA,NA,NA,NA,NA,0,2.55765622217905,NA,NA,NA,NA,NA
"Jake Delhomme","QB",NA,687,NA,NA,NA,NA,NA,0,2.55765622217905,NA,NA,NA,NA,NA
"Jake Stoneburner","TE","GB",688,NA,NA,NA,NA,NA,0,2.55765622217905,NA,NA,NA,NA,NA
"JaMarcus Russell","QB",NA,689,NA,NA,NA,NA,NA,0,2.55765622217905,NA,NA,NA,NA,NA
"Jamie McCoy","TE","PIT",690,NA,NA,NA,NA,NA,0,2.55765622217905,NA,NA,NA,NA,NA
"Jarett Dillard","WR",NA,691,NA,NA,NA,NA,NA,0,2.55765622217905,NA,NA,NA,NA,NA
"Jaron Brown","WR","ARI",692,NA,NA,NA,NA,NA,0,2.55765622217905,NA,NA,NA,NA,NA
"Jarred Fayson","WR","NO",693,NA,NA,NA,NA,NA,0,2.55765622217905,NA,NA,NA,NA,NA
"Jasper Collins","WR","MIA",694,NA,NA,NA,NA,NA,0,2.55765622217905,NA,NA,NA,NA,NA
"Javon Ringer","RB","FA",695,NA,NA,NA,NA,NA,0,2.55765622217905,NA,NA,NA,NA,NA
"Jawan Jamison","RB","WAS",696,NA,NA,NA,NA,NA,0,2.55765622217905,NA,NA,NA,NA,NA
"Jeff Demps","RB","TB",697,NA,NA,NA,NA,NA,0,2.55765622217905,NA,NA,NA,NA,NA
"Jeff Tuel","QB","BUF",698,NA,NA,NA,NA,NA,0,2.55765622217905,NA,NA,NA,NA,NA
"Jeremiah Johnson","RB","DEN",699,NA,NA,NA,NA,NA,0,2.55765622217905,NA,NA,NA,NA,NA
"Jeremy Ebert","WR","JAC",700,NA,NA,NA,NA,NA,0,2.55765622217905,NA,NA,NA,NA,NA
"Jeremy Horne","WR",NA,701,NA,NA,NA,NA,NA,0,2.55765622217905,NA,NA,NA,NA,NA
"Jeremy Ross","WR","GB",702,NA,NA,NA,NA,NA,0,2.55765622217905,4.78,NA,NA,NA,NA
"Jermaine Kearse","WR","SEA",703,NA,NA,NA,NA,NA,0,2.55765622217905,6.38,NA,NA,NA,NA
"Jeron Mastrud","TE","OAK",704,NA,NA,NA,NA,NA,0,2.55765622217905,NA,NA,NA,NA,NA
"Jerrell Jackson","WR","CHI",705,NA,NA,NA,NA,NA,0,2.55765622217905,NA,NA,NA,NA,NA
"Jewel Hampton","RB",NA,706,NA,NA,NA,NA,NA,0,2.55765622217905,NA,NA,NA,NA,NA
"Jimmy Clausen","QB","CAR",707,NA,NA,NA,NA,NA,0,2.55765622217905,NA,NA,NA,NA,NA
"Joe Anderson","WR","CHI",708,NA,NA,NA,NA,NA,0,2.55765622217905,5.5,NA,NA,NA,NA
"Joe Hastings","WR",NA,709,NA,NA,NA,NA,NA,0,2.55765622217905,NA,NA,NA,NA,NA
"John Parker Wilson","QB","JAC",710,NA,NA,NA,NA,NA,0,2.55765622217905,NA,NA,NA,NA,NA
"Jordan Roberts","RB","KC",711,NA,NA,NA,NA,NA,0,2.55765622217905,NA,NA,NA,NA,NA
"Jordan Rodgers","QB","JAC",712,NA,NA,NA,NA,NA,0,2.55765622217905,NA,NA,NA,NA,NA
"Jorvorskie Lane","RB","MIA",713,NA,NA,27.12,NA,NA,27.12,0.80389994692365,29.52,NA,NA,NA,NA
"Joseph Fauria","TE","DET",714,NA,NA,NA,NA,NA,0,2.55765622217905,NA,NA,NA,NA,NA
"Josh Bellamy","WR","KC",715,NA,NA,NA,NA,NA,0,2.55765622217905,NA,NA,NA,NA,NA
"Junior Hemingway","WR","KC",716,NA,NA,NA,NA,NA,0,2.55765622217905,NA,NA,NA,NA,NA
"Justice Cunningham","TE","IND",717,NA,NA,NA,NA,NA,0,2.55765622217905,NA,NA,NA,NA,NA
"Kamar Aiken","WR","NE",718,NA,NA,NA,NA,NA,0,2.55765622217905,NA,NA,NA,NA,NA
"Kashif Moore","WR","PIT",719,NA,NA,NA,NA,NA,0,2.55765622217905,NA,NA,NA,NA,NA
"Kellen Moore","QB","DET",720,NA,NA,NA,NA,NA,0,2.55765622217905,NA,NA,NA,NA,NA
"Kenbrell Thompkins","WR","NE",721,NA,NA,NA,NA,NA,0,2.55765622217905,NA,NA,NA,NA,NA
"Kerry Taylor","WR","ARI",722,NA,NA,NA,NA,NA,0,2.55765622217905,NA,NA,NA,NA,NA
"Kevin Smith","RB",NA,723,NA,NA,NA,NA,NA,0,2.55765622217905,37.28,NA,NA,NA,NA
"Kyle Miller","TE","MIA",724,NA,NA,NA,NA,NA,0,2.55765622217905,NA,NA,NA,NA,NA
"Lance Lewis","WR",NA,725,NA,NA,NA,NA,NA,0,2.55765622217905,NA,NA,NA,NA,NA
"Marcus Davis","WR","NYJ",726,NA,NA,NA,NA,NA,0,2.55765622217905,NA,NA,NA,NA,NA
"Marcus Lattimore","RB","SF",727,NA,NA,NA,NA,NA,0,2.55765622217905,NA,NA,NA,NA,NA
"Mark Harrison","WR","NE",728,NA,NA,NA,NA,NA,0,2.55765622217905,NA,NA,NA,NA,NA
"MarQueis Gray","TE","SF",729,NA,NA,NA,NA,NA,0,2.55765622217905,NA,NA,NA,NA,NA
"Marvin McNutt","WR","MIA",730,NA,NA,NA,NA,NA,0,2.55765622217905,NA,NA,NA,NA,NA
"Matt Scott","QB","JAC",731,NA,NA,NA,NA,NA,0,2.55765622217905,NA,NA,NA,NA,NA
"Matt Willis","WR","DET",732,NA,NA,NA,NA,NA,0,2.55765622217905,NA,NA,NA,NA,NA
"Matthew Slater","WR","NE",733,NA,NA,NA,31.625,NA,31.625,0.214335980575129,17.78,NA,NA,NA,NA
"Matthew Tucker","RB","PHI",734,NA,NA,NA,NA,NA,0,2.55765622217905,NA,NA,NA,NA,NA
"McLeod Bethel-Thompson","QB","MIN",735,NA,NA,NA,NA,NA,0,2.55765622217905,NA,NA,NA,NA,NA
"Michael Ford","RB","CHI",736,NA,NA,NA,NA,NA,0,2.55765622217905,NA,NA,NA,NA,NA
"Michael Higgins","TE","NO",737,NA,NA,NA,NA,NA,0,2.55765622217905,NA,NA,NA,NA,NA
"Michael Hill","RB","SD",738,NA,NA,NA,NA,NA,0,2.55765622217905,NA,NA,NA,NA,NA
"Micheal Spurlock","WR","DET",739,NA,NA,NA,NA,NA,0,2.55765622217905,56.78,NA,NA,NA,NA
"Miguel Maysonet","RB","CLE",740,NA,NA,NA,NA,NA,0,2.55765622217905,NA,NA,NA,NA,NA
"Mike Willie","WR","SD",741,NA,NA,NA,NA,NA,0,2.55765622217905,NA,NA,NA,NA,NA
"Nathan Enderle","QB","TEN",742,NA,NA,NA,NA,NA,0,2.55765622217905,NA,NA,NA,NA,NA
"Nick Williams","WR","PIT",743,NA,NA,NA,NA,NA,0,2.55765622217905,NA,NA,NA,NA,NA
"Pat Devlin","QB","MIA",744,NA,NA,NA,NA,NA,0,2.55765622217905,NA,NA,NA,NA,NA
"Pat White","QB","WAS",745,NA,NA,NA,NA,NA,0,2.55765622217905,NA,NA,NA,NA,NA
"Peyton Hillis","RB","FA",746,NA,19.075,NA,NA,NA,9.5375,1.10468784414826,38.65,204.7,NA,42.1,10.7284599511055
"Philip Lutzenkirchen","TE","STL",747,NA,NA,NA,NA,NA,0,2.55765622217905,NA,NA,NA,NA,NA
"Ray Graham","RB","HOU",748,NA,NA,NA,NA,NA,0,2.55765622217905,NA,NA,NA,NA,NA
"Raymond Radway","WR","STL",749,NA,NA,NA,NA,NA,0,2.55765622217905,NA,NA,NA,NA,NA
"Rex Grossman","QB","WAS",750,NA,NA,NA,NA,NA,0,2.55765622217905,NA,NA,NA,NA,NA
"Richard Bartel","QB",NA,751,NA,NA,NA,NA,NA,0,2.55765622217905,NA,NA,NA,NA,NA
"Richard Goodman","WR","SD",752,NA,NA,NA,NA,NA,0,2.55765622217905,11.94,NA,NA,NA,NA
"Richard Quinn","TE","CIN",753,NA,NA,NA,NA,NA,0,2.55765622217905,NA,NA,NA,NA,NA
"Ricky Stanzi","QB","KC",754,NA,NA,NA,NA,NA,0,2.55765622217905,NA,NA,NA,NA,NA
"Robert Gill","WR","ARI",755,NA,NA,NA,NA,NA,0,2.55765622217905,NA,NA,NA,NA,NA
"Rodney Smith","WR","MIN",756,NA,NA,NA,NA,NA,0,2.55765622217905,NA,NA,NA,NA,NA
"Ronnie Wingo","RB","ATL",757,NA,NA,NA,NA,NA,0,2.55765622217905,NA,NA,NA,NA,NA
"Roy Roundtree","WR",NA,758,NA,NA,NA,NA,NA,0,2.55765622217905,NA,NA,NA,NA,NA
"Russell Shepard","WR","PHI",759,NA,NA,NA,NA,NA,0,2.55765622217905,NA,NA,NA,NA,NA
"Rusty Smith","QB","TEN",760,NA,NA,NA,NA,NA,0,2.55765622217905,NA,NA,NA,NA,NA
"Ryan Katz","QB","DEN",761,NA,NA,NA,NA,NA,0,2.55765622217905,NA,NA,NA,NA,NA
"Ryan Lindley","QB","ARI",762,NA,NA,NA,NA,NA,0,2.55765622217905,4.78,NA,NA,NA,NA
"Ryan Otten","TE","JAC",763,NA,NA,NA,NA,NA,0,2.55765622217905,NA,NA,NA,NA,NA
"Ryan Spadola","WR","NYJ",764,NA,NA,NA,NA,NA,0,2.55765622217905,NA,NA,NA,NA,NA
"Saalim Hakim","WR","NO",765,NA,NA,NA,NA,NA,0,2.55765622217905,NA,NA,NA,NA,NA
"Sam McGuffie","WR","OAK",766,NA,NA,NA,NA,NA,0,2.55765622217905,NA,NA,NA,NA,NA
"Scott Tolzien","QB","SF",767,NA,NA,NA,NA,NA,0,2.55765622217905,NA,NA,NA,NA,NA
"Sean Renfree","QB","ATL",768,NA,NA,NA,NA,NA,0,2.55765622217905,NA,NA,NA,NA,NA
"Seth Doege","QB","ATL",769,NA,NA,NA,NA,NA,0,2.55765622217905,NA,NA,NA,NA,NA
"Stephen McGee","QB","HOU",770,NA,NA,NA,NA,NA,0,2.55765622217905,NA,NA,NA,NA,NA
"Stephen Williams","WR","SEA",771,NA,NA,NA,NA,NA,0,2.55765622217905,NA,NA,NA,NA,NA
"Steven Miller","RB","DET",772,NA,NA,NA,NA,NA,0,2.55765622217905,NA,NA,NA,NA,NA
"T.J. Moe","WR","NE",773,NA,NA,NA,NA,NA,0,2.55765622217905,NA,NA,NA,NA,NA
"T.J. Yates","QB","HOU",774,NA,NA,2.302,NA,NA,2.302,2.36064231472307,NA,NA,NA,NA,NA
"Tauren Poole","RB","CAR",775,NA,NA,NA,NA,NA,0,2.55765622217905,NA,NA,NA,NA,NA
"Ted Ginn","WR","CAR",776,NA,NA,NA,28.375,NA,28.375,0.415998541160832,NA,NA,NA,NA,NA
"Terrence Toliver","WR","CHI",777,NA,NA,NA,NA,NA,0,2.55765622217905,NA,NA,NA,NA,NA
"Thaddeus Lewis","QB","DET",778,NA,NA,NA,NA,NA,0,2.55765622217905,9.46,NA,NA,NA,NA
"Tim Benford","WR","DAL",779,NA,NA,NA,NA,NA,0,2.55765622217905,NA,NA,NA,NA,NA
"Tim Toone","WR","ATL",780,NA,NA,NA,NA,NA,0,2.55765622217905,NA,NA,NA,NA,NA
"Titus Young","WR",NA,781,NA,NA,NA,NA,NA,0,2.55765622217905,74.48,NA,NA,NA,NA
"Tori Gurley","WR","BAL",782,NA,NA,NA,NA,NA,0,2.55765622217905,NA,NA,NA,NA,NA
"Tyler Bray","QB","KC",783,NA,NA,NA,NA,NA,0,2.55765622217905,NA,NA,NA,NA,NA
"Tyler Thigpen","QB",NA,784,NA,NA,NA,NA,NA,0,2.55765622217905,NA,NA,NA,NA,NA
"Tyrone Goard","WR","CIN",785,NA,NA,NA,NA,NA,0,2.55765622217905,NA,NA,NA,NA,NA
"Zac Dysert","QB","DEN",786,NA,NA,NA,NA,NA,0,2.55765622217905,NA,NA,NA,NA,NA
"Zac Robinson","QB","CIN",787,NA,NA,NA,NA,NA,0,2.55765622217905,NA,NA,NA,NA,NA
"Zach Potter","TE","STL",788,NA,NA,NA,NA,NA,0,2.55765622217905,NA,NA,NA,NA,NA
"Zach Rogers","WR","NYJ",789,NA,NA,NA,NA,NA,0,2.55765622217905,NA,NA,NA,NA,NA
"Zach Sudfeld","TE","NE",790,NA,NA,NA,NA,NA,0,2.55765622217905,NA,NA,NA,NA,NA
